ninja: Entering directory `/Users/osman/Downloads/faest-arch-opt-release-cpp/build'
[1/19] /usr/local/opt/llvm/bin/clang++ -Itest/tests.p -Itest -I../test -Isubprojects/Catch2-3.13.0/src -I../subprojects/Catch2-3.13.0/src -I. -I.. -Isubprojects/xkcp -I../subprojects/xkcp -I../subprojects/xkcp/lib/common -I../subprojects/xkcp/lib/high/Keccak -I../subprojects/xkcp/lib/high/Keccak/FIPS202 -I../subprojects/xkcp/lib/low/common -I../subprojects/xkcp/lib/low/KeccakP-1600/common -I../subprojects/xkcp/lib/low/KeccakP-1600/plain-64bits -I../subprojects/xkcp/lib/low/KeccakP-1600/plain-64bits/SnP -I../subprojects/xkcp/lib/low/KeccakP-1600-times4/fallback-on1 -flto -fdiagnostics-color=always -D_LIBCPP_HARDENING_MODE=_LIBCPP_HARDENING_MODE_FAST -Wall -Winvalid-pch -Wextra -Wpedantic -std=c++23 -O3 -march=native -mtune=native -g -Wno-psabi -MD -MQ test/tests.p/test_prg_tvs.cpp.o -MF test/tests.p/test_prg_tvs.cpp.o.d -o test/tests.p/test_prg_tvs.cpp.o -c ../test/test_prg_tvs.cpp
[2/19] /usr/local/opt/llvm/bin/clang++ -Itest/tests.p -Itest -I../test -Isubprojects/Catch2-3.13.0/src -I../subprojects/Catch2-3.13.0/src -I. -I.. -Isubprojects/xkcp -I../subprojects/xkcp -I../subprojects/xkcp/lib/common -I../subprojects/xkcp/lib/high/Keccak -I../subprojects/xkcp/lib/high/Keccak/FIPS202 -I../subprojects/xkcp/lib/low/common -I../subprojects/xkcp/lib/low/KeccakP-1600/common -I../subprojects/xkcp/lib/low/KeccakP-1600/plain-64bits -I../subprojects/xkcp/lib/low/KeccakP-1600/plain-64bits/SnP -I../subprojects/xkcp/lib/low/KeccakP-1600-times4/fallback-on1 -flto -fdiagnostics-color=always -D_LIBCPP_HARDENING_MODE=_LIBCPP_HARDENING_MODE_FAST -Wall -Winvalid-pch -Wextra -Wpedantic -std=c++23 -O3 -march=native -mtune=native -g -Wno-psabi -MD -MQ test/tests.p/test_prg.cpp.o -MF test/tests.p/test_prg.cpp.o.d -o test/tests.p/test_prg.cpp.o -c ../test/test_prg.cpp
../test/test_prg.cpp:12:1: warning: '__COUNTER__' is a C2y extension [-Wc2y-extensions]
   12 | TEMPLATE_TEST_CASE("aes_ctr_prg", "[prg]", secpar128_t, secpar192_t, secpar256_t)
      | ^
../subprojects/Catch2-3.13.0/src/catch2/catch_template_test_macros.hpp:76:39: note: expanded from macro 'TEMPLATE_TEST_CASE'
   76 |     #define TEMPLATE_TEST_CASE( ... ) INTERNAL_CATCH_TEMPLATE_TEST_CASE( __VA_ARGS__ )
      |                                       ^
../subprojects/Catch2-3.13.0/src/catch2/internal/catch_template_test_registry.hpp:104:108: note: expanded from macro 'INTERNAL_CATCH_TEMPLATE_TEST_CASE'
  104 |         INTERNAL_CATCH_TEMPLATE_TEST_CASE_2( INTERNAL_CATCH_UNIQUE_NAME( CATCH2_INTERNAL_TEMPLATE_TEST_ ), INTERNAL_CATCH_UNIQUE_NAME( CATCH2_INTERNAL_TEMPLATE_TEST_ ), Name, Tags, typename TestType, __VA_ARGS__ )
      |                                                                                                            ^
../subprojects/Catch2-3.13.0/src/catch2/internal/catch_unique_name.hpp:15:85: note: expanded from macro 'INTERNAL_CATCH_UNIQUE_NAME'
   15 | #  define INTERNAL_CATCH_UNIQUE_NAME( name ) INTERNAL_CATCH_UNIQUE_NAME_LINE( name, __COUNTER__ )
      |                                                                                     ^
../test/test_prg.cpp:12:1: warning: '__COUNTER__' is a C2y extension [-Wc2y-extensions]
../subprojects/Catch2-3.13.0/src/catch2/catch_template_test_macros.hpp:76:39: note: expanded from macro 'TEMPLATE_TEST_CASE'
   76 |     #define TEMPLATE_TEST_CASE( ... ) INTERNAL_CATCH_TEMPLATE_TEST_CASE( __VA_ARGS__ )
      |                                       ^
../subprojects/Catch2-3.13.0/src/catch2/internal/catch_template_test_registry.hpp:104:46: note: expanded from macro 'INTERNAL_CATCH_TEMPLATE_TEST_CASE'
  104 |         INTERNAL_CATCH_TEMPLATE_TEST_CASE_2( INTERNAL_CATCH_UNIQUE_NAME( CATCH2_INTERNAL_TEMPLATE_TEST_ ), INTERNAL_CATCH_UNIQUE_NAME( CATCH2_INTERNAL_TEMPLATE_TEST_ ), Name, Tags, typename TestType, __VA_ARGS__ )
      |                                              ^
../subprojects/Catch2-3.13.0/src/catch2/internal/catch_unique_name.hpp:15:85: note: expanded from macro 'INTERNAL_CATCH_UNIQUE_NAME'
   15 | #  define INTERNAL_CATCH_UNIQUE_NAME( name ) INTERNAL_CATCH_UNIQUE_NAME_LINE( name, __COUNTER__ )
      |                                                                                     ^
../test/test_prg.cpp:12:1: warning: '__COUNTER__' is a C2y extension [-Wc2y-extensions]
../subprojects/Catch2-3.13.0/src/catch2/catch_template_test_macros.hpp:76:39: note: expanded from macro 'TEMPLATE_TEST_CASE'
   76 |     #define TEMPLATE_TEST_CASE( ... ) INTERNAL_CATCH_TEMPLATE_TEST_CASE( __VA_ARGS__ )
      |                                       ^
../subprojects/Catch2-3.13.0/src/catch2/internal/catch_template_test_registry.hpp:104:9: note: expanded from macro 'INTERNAL_CATCH_TEMPLATE_TEST_CASE'
  104 |         INTERNAL_CATCH_TEMPLATE_TEST_CASE_2( INTERNAL_CATCH_UNIQUE_NAME( CATCH2_INTERNAL_TEMPLATE_TEST_ ), INTERNAL_CATCH_UNIQUE_NAME( CATCH2_INTERNAL_TEMPLATE_TEST_ ), Name, Tags, typename TestType, __VA_ARGS__ )
      |         ^
../subprojects/Catch2-3.13.0/src/catch2/internal/catch_template_test_registry.hpp:93:30: note: expanded from macro 'INTERNAL_CATCH_TEMPLATE_TEST_CASE_2'
   93 |             static const int INTERNAL_CATCH_UNIQUE_NAME( globalRegistrar ) = [](){\
      |                              ^
../subprojects/Catch2-3.13.0/src/catch2/internal/catch_unique_name.hpp:15:85: note: expanded from macro 'INTERNAL_CATCH_UNIQUE_NAME'
   15 | #  define INTERNAL_CATCH_UNIQUE_NAME( name ) INTERNAL_CATCH_UNIQUE_NAME_LINE( name, __COUNTER__ )
      |                                                                                     ^
../test/test_prg.cpp:52:1: warning: '__COUNTER__' is a C2y extension [-Wc2y-extensions]
   52 | TEMPLATE_TEST_CASE("aes_ctr_expand_chunk", "[prg]", secpar128_t, secpar192_t, secpar256_t)
      | ^
../subprojects/Catch2-3.13.0/src/catch2/catch_template_test_macros.hpp:76:39: note: expanded from macro 'TEMPLATE_TEST_CASE'
   76 |     #define TEMPLATE_TEST_CASE( ... ) INTERNAL_CATCH_TEMPLATE_TEST_CASE( __VA_ARGS__ )
      |                                       ^
../subprojects/Catch2-3.13.0/src/catch2/internal/catch_template_test_registry.hpp:104:108: note: expanded from macro 'INTERNAL_CATCH_TEMPLATE_TEST_CASE'
  104 |         INTERNAL_CATCH_TEMPLATE_TEST_CASE_2( INTERNAL_CATCH_UNIQUE_NAME( CATCH2_INTERNAL_TEMPLATE_TEST_ ), INTERNAL_CATCH_UNIQUE_NAME( CATCH2_INTERNAL_TEMPLATE_TEST_ ), Name, Tags, typename TestType, __VA_ARGS__ )
      |                                                                                                            ^
../subprojects/Catch2-3.13.0/src/catch2/internal/catch_unique_name.hpp:15:85: note: expanded from macro 'INTERNAL_CATCH_UNIQUE_NAME'
   15 | #  define INTERNAL_CATCH_UNIQUE_NAME( name ) INTERNAL_CATCH_UNIQUE_NAME_LINE( name, __COUNTER__ )
      |                                                                                     ^
../test/test_prg.cpp:52:1: warning: '__COUNTER__' is a C2y extension [-Wc2y-extensions]
../subprojects/Catch2-3.13.0/src/catch2/catch_template_test_macros.hpp:76:39: note: expanded from macro 'TEMPLATE_TEST_CASE'
   76 |     #define TEMPLATE_TEST_CASE( ... ) INTERNAL_CATCH_TEMPLATE_TEST_CASE( __VA_ARGS__ )
      |                                       ^
../subprojects/Catch2-3.13.0/src/catch2/internal/catch_template_test_registry.hpp:104:46: note: expanded from macro 'INTERNAL_CATCH_TEMPLATE_TEST_CASE'
  104 |         INTERNAL_CATCH_TEMPLATE_TEST_CASE_2( INTERNAL_CATCH_UNIQUE_NAME( CATCH2_INTERNAL_TEMPLATE_TEST_ ), INTERNAL_CATCH_UNIQUE_NAME( CATCH2_INTERNAL_TEMPLATE_TEST_ ), Name, Tags, typename TestType, __VA_ARGS__ )
      |                                              ^
../subprojects/Catch2-3.13.0/src/catch2/internal/catch_unique_name.hpp:15:85: note: expanded from macro 'INTERNAL_CATCH_UNIQUE_NAME'
   15 | #  define INTERNAL_CATCH_UNIQUE_NAME( name ) INTERNAL_CATCH_UNIQUE_NAME_LINE( name, __COUNTER__ )
      |                                                                                     ^
../test/test_prg.cpp:52:1: warning: '__COUNTER__' is a C2y extension [-Wc2y-extensions]
../subprojects/Catch2-3.13.0/src/catch2/catch_template_test_macros.hpp:76:39: note: expanded from macro 'TEMPLATE_TEST_CASE'
   76 |     #define TEMPLATE_TEST_CASE( ... ) INTERNAL_CATCH_TEMPLATE_TEST_CASE( __VA_ARGS__ )
      |                                       ^
../subprojects/Catch2-3.13.0/src/catch2/internal/catch_template_test_registry.hpp:104:9: note: expanded from macro 'INTERNAL_CATCH_TEMPLATE_TEST_CASE'
  104 |         INTERNAL_CATCH_TEMPLATE_TEST_CASE_2( INTERNAL_CATCH_UNIQUE_NAME( CATCH2_INTERNAL_TEMPLATE_TEST_ ), INTERNAL_CATCH_UNIQUE_NAME( CATCH2_INTERNAL_TEMPLATE_TEST_ ), Name, Tags, typename TestType, __VA_ARGS__ )
      |         ^
../subprojects/Catch2-3.13.0/src/catch2/internal/catch_template_test_registry.hpp:93:30: note: expanded from macro 'INTERNAL_CATCH_TEMPLATE_TEST_CASE_2'
   93 |             static const int INTERNAL_CATCH_UNIQUE_NAME( globalRegistrar ) = [](){\
      |                              ^
../subprojects/Catch2-3.13.0/src/catch2/internal/catch_unique_name.hpp:15:85: note: expanded from macro 'INTERNAL_CATCH_UNIQUE_NAME'
   15 | #  define INTERNAL_CATCH_UNIQUE_NAME( name ) INTERNAL_CATCH_UNIQUE_NAME_LINE( name, __COUNTER__ )
      |                                                                                     ^
6 warnings generated.
[3/19] /usr/local/opt/llvm/bin/clang++ -Itest/tests.p -Itest -I../test -Isubprojects/Catch2-3.13.0/src -I../subprojects/Catch2-3.13.0/src -I. -I.. -Isubprojects/xkcp -I../subprojects/xkcp -I../subprojects/xkcp/lib/common -I../subprojects/xkcp/lib/high/Keccak -I../subprojects/xkcp/lib/high/Keccak/FIPS202 -I../subprojects/xkcp/lib/low/common -I../subprojects/xkcp/lib/low/KeccakP-1600/common -I../subprojects/xkcp/lib/low/KeccakP-1600/plain-64bits -I../subprojects/xkcp/lib/low/KeccakP-1600/plain-64bits/SnP -I../subprojects/xkcp/lib/low/KeccakP-1600-times4/fallback-on1 -flto -fdiagnostics-color=always -D_LIBCPP_HARDENING_MODE=_LIBCPP_HARDENING_MODE_FAST -Wall -Winvalid-pch -Wextra -Wpedantic -std=c++23 -O3 -march=native -mtune=native -g -Wno-psabi -MD -MQ test/tests.p/test_universal_hash.cpp.o -MF test/tests.p/test_universal_hash.cpp.o.d -o test/tests.p/test_universal_hash.cpp.o -c ../test/test_universal_hash.cpp
../test/test_universal_hash.cpp:110:1: warning: '__COUNTER__' is a C2y extension [-Wc2y-extensions]
  110 | TEST_CASE("hasher gf64", "[universal hash]")
      | ^
../subprojects/Catch2-3.13.0/src/catch2/catch_test_macros.hpp:151:28: note: expanded from macro 'TEST_CASE'
  151 |   #define TEST_CASE( ... ) INTERNAL_CATCH_TESTCASE( __VA_ARGS__ )
      |                            ^
../subprojects/Catch2-3.13.0/src/catch2/internal/catch_test_registry.hpp:118:35: note: expanded from macro 'INTERNAL_CATCH_TESTCASE'
  118 |         INTERNAL_CATCH_TESTCASE2( INTERNAL_CATCH_UNIQUE_NAME( CATCH2_INTERNAL_TEST_ ), __VA_ARGS__ )
      |                                   ^
../subprojects/Catch2-3.13.0/src/catch2/internal/catch_unique_name.hpp:15:85: note: expanded from macro 'INTERNAL_CATCH_UNIQUE_NAME'
   15 | #  define INTERNAL_CATCH_UNIQUE_NAME( name ) INTERNAL_CATCH_UNIQUE_NAME_LINE( name, __COUNTER__ )
      |                                                                                     ^
../test/test_universal_hash.cpp:110:1: warning: '__COUNTER__' is a C2y extension [-Wc2y-extensions]
../subprojects/Catch2-3.13.0/src/catch2/catch_test_macros.hpp:151:28: note: expanded from macro 'TEST_CASE'
  151 |   #define TEST_CASE( ... ) INTERNAL_CATCH_TESTCASE( __VA_ARGS__ )
      |                            ^
../subprojects/Catch2-3.13.0/src/catch2/internal/catch_test_registry.hpp:118:9: note: expanded from macro 'INTERNAL_CATCH_TESTCASE'
  118 |         INTERNAL_CATCH_TESTCASE2( INTERNAL_CATCH_UNIQUE_NAME( CATCH2_INTERNAL_TEST_ ), __VA_ARGS__ )
      |         ^
../subprojects/Catch2-3.13.0/src/catch2/internal/catch_test_registry.hpp:114:41: note: expanded from macro 'INTERNAL_CATCH_TESTCASE2'
  114 |         namespace{ const Catch::AutoReg INTERNAL_CATCH_UNIQUE_NAME( autoRegistrar )( Catch::makeTestInvoker( &TestName ), CATCH_INTERNAL_LINEINFO, Catch::StringRef(), Catch::NameAndTags{ __VA_ARGS__ } ); } /* NOLINT */ \
      |                                         ^
../subprojects/Catch2-3.13.0/src/catch2/internal/catch_unique_name.hpp:15:85: note: expanded from macro 'INTERNAL_CATCH_UNIQUE_NAME'
   15 | #  define INTERNAL_CATCH_UNIQUE_NAME( name ) INTERNAL_CATCH_UNIQUE_NAME_LINE( name, __COUNTER__ )
      |                                                                                     ^
../test/test_universal_hash.cpp:131:9: warning: '__COUNTER__' is a C2y extension [-Wc2y-extensions]
  131 |         REQUIRE_POLYVEC_EQ(hash, expected_hash);
      |         ^
../test/test.hpp:42:9: note: expanded from macro 'REQUIRE_POLYVEC_EQ'
   42 |         INFO("Requiring: " << poly_to_string(a) << " == " << poly_to_string(b));                   \
      |         ^
../subprojects/Catch2-3.13.0/src/catch2/catch_message.hpp:136:23: note: expanded from macro 'INFO'
  136 |   #define INFO( msg ) INTERNAL_CATCH_INFO( "INFO", msg )
      |                       ^
../subprojects/Catch2-3.13.0/src/catch2/catch_message.hpp:111:32: note: expanded from macro 'INTERNAL_CATCH_INFO'
  111 |     const Catch::ScopedMessage INTERNAL_CATCH_UNIQUE_NAME( scopedMessage )( Catch::MessageBuilder( macroName##_catch_sr, CATCH_INTERNAL_LINEINFO, Catch::ResultWas::Info ) << log )
      |                                ^
../subprojects/Catch2-3.13.0/src/catch2/internal/catch_unique_name.hpp:15:85: note: expanded from macro 'INTERNAL_CATCH_UNIQUE_NAME'
   15 | #  define INTERNAL_CATCH_UNIQUE_NAME( name ) INTERNAL_CATCH_UNIQUE_NAME_LINE( name, __COUNTER__ )
      |                                                                                     ^
../test/test_universal_hash.cpp:135:1: warning: '__COUNTER__' is a C2y extension [-Wc2y-extensions]
  135 | TEMPLATE_TEST_CASE("hasher gfsecpar", "[universal hash]", secpar128_t, secpar192_t, secpar256_t)
      | ^
../subprojects/Catch2-3.13.0/src/catch2/catch_template_test_macros.hpp:76:39: note: expanded from macro 'TEMPLATE_TEST_CASE'
   76 |     #define TEMPLATE_TEST_CASE( ... ) INTERNAL_CATCH_TEMPLATE_TEST_CASE( __VA_ARGS__ )
      |                                       ^
../subprojects/Catch2-3.13.0/src/catch2/internal/catch_template_test_registry.hpp:104:108: note: expanded from macro 'INTERNAL_CATCH_TEMPLATE_TEST_CASE'
  104 |         INTERNAL_CATCH_TEMPLATE_TEST_CASE_2( INTERNAL_CATCH_UNIQUE_NAME( CATCH2_INTERNAL_TEMPLATE_TEST_ ), INTERNAL_CATCH_UNIQUE_NAME( CATCH2_INTERNAL_TEMPLATE_TEST_ ), Name, Tags, typename TestType, __VA_ARGS__ )
      |                                                                                                            ^
../subprojects/Catch2-3.13.0/src/catch2/internal/catch_unique_name.hpp:15:85: note: expanded from macro 'INTERNAL_CATCH_UNIQUE_NAME'
   15 | #  define INTERNAL_CATCH_UNIQUE_NAME( name ) INTERNAL_CATCH_UNIQUE_NAME_LINE( name, __COUNTER__ )
      |                                                                                     ^
../test/test_universal_hash.cpp:135:1: warning: '__COUNTER__' is a C2y extension [-Wc2y-extensions]
../subprojects/Catch2-3.13.0/src/catch2/catch_template_test_macros.hpp:76:39: note: expanded from macro 'TEMPLATE_TEST_CASE'
   76 |     #define TEMPLATE_TEST_CASE( ... ) INTERNAL_CATCH_TEMPLATE_TEST_CASE( __VA_ARGS__ )
      |                                       ^
../subprojects/Catch2-3.13.0/src/catch2/internal/catch_template_test_registry.hpp:104:46: note: expanded from macro 'INTERNAL_CATCH_TEMPLATE_TEST_CASE'
  104 |         INTERNAL_CATCH_TEMPLATE_TEST_CASE_2( INTERNAL_CATCH_UNIQUE_NAME( CATCH2_INTERNAL_TEMPLATE_TEST_ ), INTERNAL_CATCH_UNIQUE_NAME( CATCH2_INTERNAL_TEMPLATE_TEST_ ), Name, Tags, typename TestType, __VA_ARGS__ )
      |                                              ^
../subprojects/Catch2-3.13.0/src/catch2/internal/catch_unique_name.hpp:15:85: note: expanded from macro 'INTERNAL_CATCH_UNIQUE_NAME'
   15 | #  define INTERNAL_CATCH_UNIQUE_NAME( name ) INTERNAL_CATCH_UNIQUE_NAME_LINE( name, __COUNTER__ )
      |                                                                                     ^
../test/test_universal_hash.cpp:135:1: warning: '__COUNTER__' is a C2y extension [-Wc2y-extensions]
../subprojects/Catch2-3.13.0/src/catch2/catch_template_test_macros.hpp:76:39: note: expanded from macro 'TEMPLATE_TEST_CASE'
   76 |     #define TEMPLATE_TEST_CASE( ... ) INTERNAL_CATCH_TEMPLATE_TEST_CASE( __VA_ARGS__ )
      |                                       ^
../subprojects/Catch2-3.13.0/src/catch2/internal/catch_template_test_registry.hpp:104:9: note: expanded from macro 'INTERNAL_CATCH_TEMPLATE_TEST_CASE'
  104 |         INTERNAL_CATCH_TEMPLATE_TEST_CASE_2( INTERNAL_CATCH_UNIQUE_NAME( CATCH2_INTERNAL_TEMPLATE_TEST_ ), INTERNAL_CATCH_UNIQUE_NAME( CATCH2_INTERNAL_TEMPLATE_TEST_ ), Name, Tags, typename TestType, __VA_ARGS__ )
      |         ^
../subprojects/Catch2-3.13.0/src/catch2/internal/catch_template_test_registry.hpp:93:30: note: expanded from macro 'INTERNAL_CATCH_TEMPLATE_TEST_CASE_2'
   93 |             static const int INTERNAL_CATCH_UNIQUE_NAME( globalRegistrar ) = [](){\
      |                              ^
../subprojects/Catch2-3.13.0/src/catch2/internal/catch_unique_name.hpp:15:85: note: expanded from macro 'INTERNAL_CATCH_UNIQUE_NAME'
   15 | #  define INTERNAL_CATCH_UNIQUE_NAME( name ) INTERNAL_CATCH_UNIQUE_NAME_LINE( name, __COUNTER__ )
      |                                                                                     ^
../test/test_universal_hash.cpp:172:9: warning: '__COUNTER__' is a C2y extension [-Wc2y-extensions]
  172 |         REQUIRE_POLYVEC_EQ(hash, expected_hash);
      |         ^
../test/test.hpp:42:9: note: expanded from macro 'REQUIRE_POLYVEC_EQ'
   42 |         INFO("Requiring: " << poly_to_string(a) << " == " << poly_to_string(b));                   \
      |         ^
../subprojects/Catch2-3.13.0/src/catch2/catch_message.hpp:136:23: note: expanded from macro 'INFO'
  136 |   #define INFO( msg ) INTERNAL_CATCH_INFO( "INFO", msg )
      |                       ^
../subprojects/Catch2-3.13.0/src/catch2/catch_message.hpp:111:32: note: expanded from macro 'INTERNAL_CATCH_INFO'
  111 |     const Catch::ScopedMessage INTERNAL_CATCH_UNIQUE_NAME( scopedMessage )( Catch::MessageBuilder( macroName##_catch_sr, CATCH_INTERNAL_LINEINFO, Catch::ResultWas::Info ) << log )
      |                                ^
../subprojects/Catch2-3.13.0/src/catch2/internal/catch_unique_name.hpp:15:85: note: expanded from macro 'INTERNAL_CATCH_UNIQUE_NAME'
   15 | #  define INTERNAL_CATCH_UNIQUE_NAME( name ) INTERNAL_CATCH_UNIQUE_NAME_LINE( name, __COUNTER__ )
      |                                                                                     ^
../test/test_universal_hash.cpp:176:1: warning: '__COUNTER__' is a C2y extension [-Wc2y-extensions]
  176 | TEMPLATE_TEST_CASE("hasher gfsecpar_64", "[universal hash]", secpar128_t, secpar192_t, secpar256_t)
      | ^
../subprojects/Catch2-3.13.0/src/catch2/catch_template_test_macros.hpp:76:39: note: expanded from macro 'TEMPLATE_TEST_CASE'
   76 |     #define TEMPLATE_TEST_CASE( ... ) INTERNAL_CATCH_TEMPLATE_TEST_CASE( __VA_ARGS__ )
      |                                       ^
../subprojects/Catch2-3.13.0/src/catch2/internal/catch_template_test_registry.hpp:104:108: note: expanded from macro 'INTERNAL_CATCH_TEMPLATE_TEST_CASE'
  104 |         INTERNAL_CATCH_TEMPLATE_TEST_CASE_2( INTERNAL_CATCH_UNIQUE_NAME( CATCH2_INTERNAL_TEMPLATE_TEST_ ), INTERNAL_CATCH_UNIQUE_NAME( CATCH2_INTERNAL_TEMPLATE_TEST_ ), Name, Tags, typename TestType, __VA_ARGS__ )
      |                                                                                                            ^
../subprojects/Catch2-3.13.0/src/catch2/internal/catch_unique_name.hpp:15:85: note: expanded from macro 'INTERNAL_CATCH_UNIQUE_NAME'
   15 | #  define INTERNAL_CATCH_UNIQUE_NAME( name ) INTERNAL_CATCH_UNIQUE_NAME_LINE( name, __COUNTER__ )
      |                                                                                     ^
../test/test_universal_hash.cpp:176:1: warning: '__COUNTER__' is a C2y extension [-Wc2y-extensions]
../subprojects/Catch2-3.13.0/src/catch2/catch_template_test_macros.hpp:76:39: note: expanded from macro 'TEMPLATE_TEST_CASE'
   76 |     #define TEMPLATE_TEST_CASE( ... ) INTERNAL_CATCH_TEMPLATE_TEST_CASE( __VA_ARGS__ )
      |                                       ^
../subprojects/Catch2-3.13.0/src/catch2/internal/catch_template_test_registry.hpp:104:46: note: expanded from macro 'INTERNAL_CATCH_TEMPLATE_TEST_CASE'
  104 |         INTERNAL_CATCH_TEMPLATE_TEST_CASE_2( INTERNAL_CATCH_UNIQUE_NAME( CATCH2_INTERNAL_TEMPLATE_TEST_ ), INTERNAL_CATCH_UNIQUE_NAME( CATCH2_INTERNAL_TEMPLATE_TEST_ ), Name, Tags, typename TestType, __VA_ARGS__ )
      |                                              ^
../subprojects/Catch2-3.13.0/src/catch2/internal/catch_unique_name.hpp:15:85: note: expanded from macro 'INTERNAL_CATCH_UNIQUE_NAME'
   15 | #  define INTERNAL_CATCH_UNIQUE_NAME( name ) INTERNAL_CATCH_UNIQUE_NAME_LINE( name, __COUNTER__ )
      |                                                                                     ^
../test/test_universal_hash.cpp:176:1: warning: '__COUNTER__' is a C2y extension [-Wc2y-extensions]
../subprojects/Catch2-3.13.0/src/catch2/catch_template_test_macros.hpp:76:39: note: expanded from macro 'TEMPLATE_TEST_CASE'
   76 |     #define TEMPLATE_TEST_CASE( ... ) INTERNAL_CATCH_TEMPLATE_TEST_CASE( __VA_ARGS__ )
      |                                       ^
../subprojects/Catch2-3.13.0/src/catch2/internal/catch_template_test_registry.hpp:104:9: note: expanded from macro 'INTERNAL_CATCH_TEMPLATE_TEST_CASE'
  104 |         INTERNAL_CATCH_TEMPLATE_TEST_CASE_2( INTERNAL_CATCH_UNIQUE_NAME( CATCH2_INTERNAL_TEMPLATE_TEST_ ), INTERNAL_CATCH_UNIQUE_NAME( CATCH2_INTERNAL_TEMPLATE_TEST_ ), Name, Tags, typename TestType, __VA_ARGS__ )
      |         ^
../subprojects/Catch2-3.13.0/src/catch2/internal/catch_template_test_registry.hpp:93:30: note: expanded from macro 'INTERNAL_CATCH_TEMPLATE_TEST_CASE_2'
   93 |             static const int INTERNAL_CATCH_UNIQUE_NAME( globalRegistrar ) = [](){\
      |                              ^
../subprojects/Catch2-3.13.0/src/catch2/internal/catch_unique_name.hpp:15:85: note: expanded from macro 'INTERNAL_CATCH_UNIQUE_NAME'
   15 | #  define INTERNAL_CATCH_UNIQUE_NAME( name ) INTERNAL_CATCH_UNIQUE_NAME_LINE( name, __COUNTER__ )
      |                                                                                     ^
../test/test_universal_hash.cpp:211:9: warning: '__COUNTER__' is a C2y extension [-Wc2y-extensions]
  211 |         REQUIRE_POLYVEC_EQ(hash, expected_hash);
      |         ^
../test/test.hpp:42:9: note: expanded from macro 'REQUIRE_POLYVEC_EQ'
   42 |         INFO("Requiring: " << poly_to_string(a) << " == " << poly_to_string(b));                   \
      |         ^
../subprojects/Catch2-3.13.0/src/catch2/catch_message.hpp:136:23: note: expanded from macro 'INFO'
  136 |   #define INFO( msg ) INTERNAL_CATCH_INFO( "INFO", msg )
      |                       ^
../subprojects/Catch2-3.13.0/src/catch2/catch_message.hpp:111:32: note: expanded from macro 'INTERNAL_CATCH_INFO'
  111 |     const Catch::ScopedMessage INTERNAL_CATCH_UNIQUE_NAME( scopedMessage )( Catch::MessageBuilder( macroName##_catch_sr, CATCH_INTERNAL_LINEINFO, Catch::ResultWas::Info ) << log )
      |                                ^
../subprojects/Catch2-3.13.0/src/catch2/internal/catch_unique_name.hpp:15:85: note: expanded from macro 'INTERNAL_CATCH_UNIQUE_NAME'
   15 | #  define INTERNAL_CATCH_UNIQUE_NAME( name ) INTERNAL_CATCH_UNIQUE_NAME_LINE( name, __COUNTER__ )
      |                                                                                     ^
11 warnings generated.
[4/19] /usr/local/opt/llvm/bin/clang++ -Itest/tests.p -Itest -I../test -Isubprojects/Catch2-3.13.0/src -I../subprojects/Catch2-3.13.0/src -I. -I.. -Isubprojects/xkcp -I../subprojects/xkcp -I../subprojects/xkcp/lib/common -I../subprojects/xkcp/lib/high/Keccak -I../subprojects/xkcp/lib/high/Keccak/FIPS202 -I../subprojects/xkcp/lib/low/common -I../subprojects/xkcp/lib/low/KeccakP-1600/common -I../subprojects/xkcp/lib/low/KeccakP-1600/plain-64bits -I../subprojects/xkcp/lib/low/KeccakP-1600/plain-64bits/SnP -I../subprojects/xkcp/lib/low/KeccakP-1600-times4/fallback-on1 -flto -fdiagnostics-color=always -D_LIBCPP_HARDENING_MODE=_LIBCPP_HARDENING_MODE_FAST -Wall -Winvalid-pch -Wextra -Wpedantic -std=c++23 -O3 -march=native -mtune=native -g -Wno-psabi -MD -MQ test/tests.p/test_gfsmall.cpp.o -MF test/tests.p/test_gfsmall.cpp.o.d -o test/tests.p/test_gfsmall.cpp.o -c ../test/test_gfsmall.cpp
FAILED: [code=1] test/tests.p/test_gfsmall.cpp.o 
/usr/local/opt/llvm/bin/clang++ -Itest/tests.p -Itest -I../test -Isubprojects/Catch2-3.13.0/src -I../subprojects/Catch2-3.13.0/src -I. -I.. -Isubprojects/xkcp -I../subprojects/xkcp -I../subprojects/xkcp/lib/common -I../subprojects/xkcp/lib/high/Keccak -I../subprojects/xkcp/lib/high/Keccak/FIPS202 -I../subprojects/xkcp/lib/low/common -I../subprojects/xkcp/lib/low/KeccakP-1600/common -I../subprojects/xkcp/lib/low/KeccakP-1600/plain-64bits -I../subprojects/xkcp/lib/low/KeccakP-1600/plain-64bits/SnP -I../subprojects/xkcp/lib/low/KeccakP-1600-times4/fallback-on1 -flto -fdiagnostics-color=always -D_LIBCPP_HARDENING_MODE=_LIBCPP_HARDENING_MODE_FAST -Wall -Winvalid-pch -Wextra -Wpedantic -std=c++23 -O3 -march=native -mtune=native -g -Wno-psabi -MD -MQ test/tests.p/test_gfsmall.cpp.o -MF test/tests.p/test_gfsmall.cpp.o.d -o test/tests.p/test_gfsmall.cpp.o -c ../test/test_gfsmall.cpp
../test/test_gfsmall.cpp:10:1: warning: '__COUNTER__' is a C2y extension [-Wc2y-extensions]
   10 | TEST_CASE("gf256_compress_gf16_subfield", "[gfsmall]")
      | ^
../subprojects/Catch2-3.13.0/src/catch2/catch_test_macros.hpp:151:28: note: expanded from macro 'TEST_CASE'
  151 |   #define TEST_CASE( ... ) INTERNAL_CATCH_TESTCASE( __VA_ARGS__ )
      |                            ^
../subprojects/Catch2-3.13.0/src/catch2/internal/catch_test_registry.hpp:118:35: note: expanded from macro 'INTERNAL_CATCH_TESTCASE'
  118 |         INTERNAL_CATCH_TESTCASE2( INTERNAL_CATCH_UNIQUE_NAME( CATCH2_INTERNAL_TEST_ ), __VA_ARGS__ )
      |                                   ^
../subprojects/Catch2-3.13.0/src/catch2/internal/catch_unique_name.hpp:15:85: note: expanded from macro 'INTERNAL_CATCH_UNIQUE_NAME'
   15 | #  define INTERNAL_CATCH_UNIQUE_NAME( name ) INTERNAL_CATCH_UNIQUE_NAME_LINE( name, __COUNTER__ )
      |                                                                                     ^
../test/test_gfsmall.cpp:10:1: warning: '__COUNTER__' is a C2y extension [-Wc2y-extensions]
../subprojects/Catch2-3.13.0/src/catch2/catch_test_macros.hpp:151:28: note: expanded from macro 'TEST_CASE'
  151 |   #define TEST_CASE( ... ) INTERNAL_CATCH_TESTCASE( __VA_ARGS__ )
      |                            ^
../subprojects/Catch2-3.13.0/src/catch2/internal/catch_test_registry.hpp:118:9: note: expanded from macro 'INTERNAL_CATCH_TESTCASE'
  118 |         INTERNAL_CATCH_TESTCASE2( INTERNAL_CATCH_UNIQUE_NAME( CATCH2_INTERNAL_TEST_ ), __VA_ARGS__ )
      |         ^
../subprojects/Catch2-3.13.0/src/catch2/internal/catch_test_registry.hpp:114:41: note: expanded from macro 'INTERNAL_CATCH_TESTCASE2'
  114 |         namespace{ const Catch::AutoReg INTERNAL_CATCH_UNIQUE_NAME( autoRegistrar )( Catch::makeTestInvoker( &TestName ), CATCH_INTERNAL_LINEINFO, Catch::StringRef(), Catch::NameAndTags{ __VA_ARGS__ } ); } /* NOLINT */ \
      |                                         ^
../subprojects/Catch2-3.13.0/src/catch2/internal/catch_unique_name.hpp:15:85: note: expanded from macro 'INTERNAL_CATCH_UNIQUE_NAME'
   15 | #  define INTERNAL_CATCH_UNIQUE_NAME( name ) INTERNAL_CATCH_UNIQUE_NAME_LINE( name, __COUNTER__ )
      |                                                                                     ^
../test/test_gfsmall.cpp:19:1: warning: '__COUNTER__' is a C2y extension [-Wc2y-extensions]
   19 | TEST_CASE("gf256_batch_compress_gf16_subfield", "[gfsmall]")
      | ^
../subprojects/Catch2-3.13.0/src/catch2/catch_test_macros.hpp:151:28: note: expanded from macro 'TEST_CASE'
  151 |   #define TEST_CASE( ... ) INTERNAL_CATCH_TESTCASE( __VA_ARGS__ )
      |                            ^
../subprojects/Catch2-3.13.0/src/catch2/internal/catch_test_registry.hpp:118:35: note: expanded from macro 'INTERNAL_CATCH_TESTCASE'
  118 |         INTERNAL_CATCH_TESTCASE2( INTERNAL_CATCH_UNIQUE_NAME( CATCH2_INTERNAL_TEST_ ), __VA_ARGS__ )
      |                                   ^
../subprojects/Catch2-3.13.0/src/catch2/internal/catch_unique_name.hpp:15:85: note: expanded from macro 'INTERNAL_CATCH_UNIQUE_NAME'
   15 | #  define INTERNAL_CATCH_UNIQUE_NAME( name ) INTERNAL_CATCH_UNIQUE_NAME_LINE( name, __COUNTER__ )
      |                                                                                     ^
../test/test_gfsmall.cpp:19:1: warning: '__COUNTER__' is a C2y extension [-Wc2y-extensions]
../subprojects/Catch2-3.13.0/src/catch2/catch_test_macros.hpp:151:28: note: expanded from macro 'TEST_CASE'
  151 |   #define TEST_CASE( ... ) INTERNAL_CATCH_TESTCASE( __VA_ARGS__ )
      |                            ^
../subprojects/Catch2-3.13.0/src/catch2/internal/catch_test_registry.hpp:118:9: note: expanded from macro 'INTERNAL_CATCH_TESTCASE'
  118 |         INTERNAL_CATCH_TESTCASE2( INTERNAL_CATCH_UNIQUE_NAME( CATCH2_INTERNAL_TEST_ ), __VA_ARGS__ )
      |         ^
../subprojects/Catch2-3.13.0/src/catch2/internal/catch_test_registry.hpp:114:41: note: expanded from macro 'INTERNAL_CATCH_TESTCASE2'
  114 |         namespace{ const Catch::AutoReg INTERNAL_CATCH_UNIQUE_NAME( autoRegistrar )( Catch::makeTestInvoker( &TestName ), CATCH_INTERNAL_LINEINFO, Catch::StringRef(), Catch::NameAndTags{ __VA_ARGS__ } ); } /* NOLINT */ \
      |                                         ^
../subprojects/Catch2-3.13.0/src/catch2/internal/catch_unique_name.hpp:15:85: note: expanded from macro 'INTERNAL_CATCH_UNIQUE_NAME'
   15 | #  define INTERNAL_CATCH_UNIQUE_NAME( name ) INTERNAL_CATCH_UNIQUE_NAME_LINE( name, __COUNTER__ )
      |                                                                                     ^
../test/test_gfsmall.cpp:27:1: warning: '__COUNTER__' is a C2y extension [-Wc2y-extensions]
   27 | TEST_CASE("gf256_decompress_gf16_subfield", "[gfsmall]")
      | ^
../subprojects/Catch2-3.13.0/src/catch2/catch_test_macros.hpp:151:28: note: expanded from macro 'TEST_CASE'
  151 |   #define TEST_CASE( ... ) INTERNAL_CATCH_TESTCASE( __VA_ARGS__ )
      |                            ^
../subprojects/Catch2-3.13.0/src/catch2/internal/catch_test_registry.hpp:118:35: note: expanded from macro 'INTERNAL_CATCH_TESTCASE'
  118 |         INTERNAL_CATCH_TESTCASE2( INTERNAL_CATCH_UNIQUE_NAME( CATCH2_INTERNAL_TEST_ ), __VA_ARGS__ )
      |                                   ^
../subprojects/Catch2-3.13.0/src/catch2/internal/catch_unique_name.hpp:15:85: note: expanded from macro 'INTERNAL_CATCH_UNIQUE_NAME'
   15 | #  define INTERNAL_CATCH_UNIQUE_NAME( name ) INTERNAL_CATCH_UNIQUE_NAME_LINE( name, __COUNTER__ )
      |                                                                                     ^
../test/test_gfsmall.cpp:27:1: warning: '__COUNTER__' is a C2y extension [-Wc2y-extensions]
../subprojects/Catch2-3.13.0/src/catch2/catch_test_macros.hpp:151:28: note: expanded from macro 'TEST_CASE'
  151 |   #define TEST_CASE( ... ) INTERNAL_CATCH_TESTCASE( __VA_ARGS__ )
      |                            ^
../subprojects/Catch2-3.13.0/src/catch2/internal/catch_test_registry.hpp:118:9: note: expanded from macro 'INTERNAL_CATCH_TESTCASE'
  118 |         INTERNAL_CATCH_TESTCASE2( INTERNAL_CATCH_UNIQUE_NAME( CATCH2_INTERNAL_TEST_ ), __VA_ARGS__ )
      |         ^
../subprojects/Catch2-3.13.0/src/catch2/internal/catch_test_registry.hpp:114:41: note: expanded from macro 'INTERNAL_CATCH_TESTCASE2'
  114 |         namespace{ const Catch::AutoReg INTERNAL_CATCH_UNIQUE_NAME( autoRegistrar )( Catch::makeTestInvoker( &TestName ), CATCH_INTERNAL_LINEINFO, Catch::StringRef(), Catch::NameAndTags{ __VA_ARGS__ } ); } /* NOLINT */ \
      |                                         ^
../subprojects/Catch2-3.13.0/src/catch2/internal/catch_unique_name.hpp:15:85: note: expanded from macro 'INTERNAL_CATCH_UNIQUE_NAME'
   15 | #  define INTERNAL_CATCH_UNIQUE_NAME( name ) INTERNAL_CATCH_UNIQUE_NAME_LINE( name, __COUNTER__ )
      |                                                                                     ^
../test/test_gfsmall.cpp:36:1: warning: '__COUNTER__' is a C2y extension [-Wc2y-extensions]
   36 | TEST_CASE("gf256_barret_reduce_64", "[gfsmall]")
      | ^
../subprojects/Catch2-3.13.0/src/catch2/catch_test_macros.hpp:151:28: note: expanded from macro 'TEST_CASE'
  151 |   #define TEST_CASE( ... ) INTERNAL_CATCH_TESTCASE( __VA_ARGS__ )
      |                            ^
../subprojects/Catch2-3.13.0/src/catch2/internal/catch_test_registry.hpp:118:35: note: expanded from macro 'INTERNAL_CATCH_TESTCASE'
  118 |         INTERNAL_CATCH_TESTCASE2( INTERNAL_CATCH_UNIQUE_NAME( CATCH2_INTERNAL_TEST_ ), __VA_ARGS__ )
      |                                   ^
../subprojects/Catch2-3.13.0/src/catch2/internal/catch_unique_name.hpp:15:85: note: expanded from macro 'INTERNAL_CATCH_UNIQUE_NAME'
   15 | #  define INTERNAL_CATCH_UNIQUE_NAME( name ) INTERNAL_CATCH_UNIQUE_NAME_LINE( name, __COUNTER__ )
      |                                                                                     ^
../test/test_gfsmall.cpp:36:1: warning: '__COUNTER__' is a C2y extension [-Wc2y-extensions]
../subprojects/Catch2-3.13.0/src/catch2/catch_test_macros.hpp:151:28: note: expanded from macro 'TEST_CASE'
  151 |   #define TEST_CASE( ... ) INTERNAL_CATCH_TESTCASE( __VA_ARGS__ )
      |                            ^
../subprojects/Catch2-3.13.0/src/catch2/internal/catch_test_registry.hpp:118:9: note: expanded from macro 'INTERNAL_CATCH_TESTCASE'
  118 |         INTERNAL_CATCH_TESTCASE2( INTERNAL_CATCH_UNIQUE_NAME( CATCH2_INTERNAL_TEST_ ), __VA_ARGS__ )
      |         ^
../subprojects/Catch2-3.13.0/src/catch2/internal/catch_test_registry.hpp:114:41: note: expanded from macro 'INTERNAL_CATCH_TESTCASE2'
  114 |         namespace{ const Catch::AutoReg INTERNAL_CATCH_UNIQUE_NAME( autoRegistrar )( Catch::makeTestInvoker( &TestName ), CATCH_INTERNAL_LINEINFO, Catch::StringRef(), Catch::NameAndTags{ __VA_ARGS__ } ); } /* NOLINT */ \
      |                                         ^
../subprojects/Catch2-3.13.0/src/catch2/internal/catch_unique_name.hpp:15:85: note: expanded from macro 'INTERNAL_CATCH_UNIQUE_NAME'
   15 | #  define INTERNAL_CATCH_UNIQUE_NAME( name ) INTERNAL_CATCH_UNIQUE_NAME_LINE( name, __COUNTER__ )
      |                                                                                     ^
../test/test_gfsmall.cpp:46:1: warning: '__COUNTER__' is a C2y extension [-Wc2y-extensions]
   46 | TEST_CASE("gf256_invnorm", "[gfsmall]")
      | ^
../subprojects/Catch2-3.13.0/src/catch2/catch_test_macros.hpp:151:28: note: expanded from macro 'TEST_CASE'
  151 |   #define TEST_CASE( ... ) INTERNAL_CATCH_TESTCASE( __VA_ARGS__ )
      |                            ^
../subprojects/Catch2-3.13.0/src/catch2/internal/catch_test_registry.hpp:118:35: note: expanded from macro 'INTERNAL_CATCH_TESTCASE'
  118 |         INTERNAL_CATCH_TESTCASE2( INTERNAL_CATCH_UNIQUE_NAME( CATCH2_INTERNAL_TEST_ ), __VA_ARGS__ )
      |                                   ^
../subprojects/Catch2-3.13.0/src/catch2/internal/catch_unique_name.hpp:15:85: note: expanded from macro 'INTERNAL_CATCH_UNIQUE_NAME'
   15 | #  define INTERNAL_CATCH_UNIQUE_NAME( name ) INTERNAL_CATCH_UNIQUE_NAME_LINE( name, __COUNTER__ )
      |                                                                                     ^
../test/test_gfsmall.cpp:46:1: warning: '__COUNTER__' is a C2y extension [-Wc2y-extensions]
../subprojects/Catch2-3.13.0/src/catch2/catch_test_macros.hpp:151:28: note: expanded from macro 'TEST_CASE'
  151 |   #define TEST_CASE( ... ) INTERNAL_CATCH_TESTCASE( __VA_ARGS__ )
      |                            ^
../subprojects/Catch2-3.13.0/src/catch2/internal/catch_test_registry.hpp:118:9: note: expanded from macro 'INTERNAL_CATCH_TESTCASE'
  118 |         INTERNAL_CATCH_TESTCASE2( INTERNAL_CATCH_UNIQUE_NAME( CATCH2_INTERNAL_TEST_ ), __VA_ARGS__ )
      |         ^
../subprojects/Catch2-3.13.0/src/catch2/internal/catch_test_registry.hpp:114:41: note: expanded from macro 'INTERNAL_CATCH_TESTCASE2'
  114 |         namespace{ const Catch::AutoReg INTERNAL_CATCH_UNIQUE_NAME( autoRegistrar )( Catch::makeTestInvoker( &TestName ), CATCH_INTERNAL_LINEINFO, Catch::StringRef(), Catch::NameAndTags{ __VA_ARGS__ } ); } /* NOLINT */ \
      |                                         ^
../subprojects/Catch2-3.13.0/src/catch2/internal/catch_unique_name.hpp:15:85: note: expanded from macro 'INTERNAL_CATCH_UNIQUE_NAME'
   15 | #  define INTERNAL_CATCH_UNIQUE_NAME( name ) INTERNAL_CATCH_UNIQUE_NAME_LINE( name, __COUNTER__ )
      |                                                                                     ^
../test/test_gfsmall.cpp:54:1: warning: '__COUNTER__' is a C2y extension [-Wc2y-extensions]
   54 | TEST_CASE("compress_gf16_vector", "[gfsmall]")
      | ^
../subprojects/Catch2-3.13.0/src/catch2/catch_test_macros.hpp:151:28: note: expanded from macro 'TEST_CASE'
  151 |   #define TEST_CASE( ... ) INTERNAL_CATCH_TESTCASE( __VA_ARGS__ )
      |                            ^
../subprojects/Catch2-3.13.0/src/catch2/internal/catch_test_registry.hpp:118:35: note: expanded from macro 'INTERNAL_CATCH_TESTCASE'
  118 |         INTERNAL_CATCH_TESTCASE2( INTERNAL_CATCH_UNIQUE_NAME( CATCH2_INTERNAL_TEST_ ), __VA_ARGS__ )
      |                                   ^
../subprojects/Catch2-3.13.0/src/catch2/internal/catch_unique_name.hpp:15:85: note: expanded from macro 'INTERNAL_CATCH_UNIQUE_NAME'
   15 | #  define INTERNAL_CATCH_UNIQUE_NAME( name ) INTERNAL_CATCH_UNIQUE_NAME_LINE( name, __COUNTER__ )
      |                                                                                     ^
../test/test_gfsmall.cpp:54:1: warning: '__COUNTER__' is a C2y extension [-Wc2y-extensions]
../subprojects/Catch2-3.13.0/src/catch2/catch_test_macros.hpp:151:28: note: expanded from macro 'TEST_CASE'
  151 |   #define TEST_CASE( ... ) INTERNAL_CATCH_TESTCASE( __VA_ARGS__ )
      |                            ^
../subprojects/Catch2-3.13.0/src/catch2/internal/catch_test_registry.hpp:118:9: note: expanded from macro 'INTERNAL_CATCH_TESTCASE'
  118 |         INTERNAL_CATCH_TESTCASE2( INTERNAL_CATCH_UNIQUE_NAME( CATCH2_INTERNAL_TEST_ ), __VA_ARGS__ )
      |         ^
../subprojects/Catch2-3.13.0/src/catch2/internal/catch_test_registry.hpp:114:41: note: expanded from macro 'INTERNAL_CATCH_TESTCASE2'
  114 |         namespace{ const Catch::AutoReg INTERNAL_CATCH_UNIQUE_NAME( autoRegistrar )( Catch::makeTestInvoker( &TestName ), CATCH_INTERNAL_LINEINFO, Catch::StringRef(), Catch::NameAndTags{ __VA_ARGS__ } ); } /* NOLINT */ \
      |                                         ^
../subprojects/Catch2-3.13.0/src/catch2/internal/catch_unique_name.hpp:15:85: note: expanded from macro 'INTERNAL_CATCH_UNIQUE_NAME'
   15 | #  define INTERNAL_CATCH_UNIQUE_NAME( name ) INTERNAL_CATCH_UNIQUE_NAME_LINE( name, __COUNTER__ )
      |                                                                                     ^
../test/test_gfsmall.cpp:70:1: warning: '__COUNTER__' is a C2y extension [-Wc2y-extensions]
   70 | TEST_CASE("gf256_batch_invnorm", "[gfsmall]")
      | ^
../subprojects/Catch2-3.13.0/src/catch2/catch_test_macros.hpp:151:28: note: expanded from macro 'TEST_CASE'
  151 |   #define TEST_CASE( ... ) INTERNAL_CATCH_TESTCASE( __VA_ARGS__ )
      |                            ^
../subprojects/Catch2-3.13.0/src/catch2/internal/catch_test_registry.hpp:118:35: note: expanded from macro 'INTERNAL_CATCH_TESTCASE'
  118 |         INTERNAL_CATCH_TESTCASE2( INTERNAL_CATCH_UNIQUE_NAME( CATCH2_INTERNAL_TEST_ ), __VA_ARGS__ )
      |                                   ^
../subprojects/Catch2-3.13.0/src/catch2/internal/catch_unique_name.hpp:15:85: note: expanded from macro 'INTERNAL_CATCH_UNIQUE_NAME'
   15 | #  define INTERNAL_CATCH_UNIQUE_NAME( name ) INTERNAL_CATCH_UNIQUE_NAME_LINE( name, __COUNTER__ )
      |                                                                                     ^
../test/test_gfsmall.cpp:70:1: warning: '__COUNTER__' is a C2y extension [-Wc2y-extensions]
../subprojects/Catch2-3.13.0/src/catch2/catch_test_macros.hpp:151:28: note: expanded from macro 'TEST_CASE'
  151 |   #define TEST_CASE( ... ) INTERNAL_CATCH_TESTCASE( __VA_ARGS__ )
      |                            ^
../subprojects/Catch2-3.13.0/src/catch2/internal/catch_test_registry.hpp:118:9: note: expanded from macro 'INTERNAL_CATCH_TESTCASE'
  118 |         INTERNAL_CATCH_TESTCASE2( INTERNAL_CATCH_UNIQUE_NAME( CATCH2_INTERNAL_TEST_ ), __VA_ARGS__ )
      |         ^
../subprojects/Catch2-3.13.0/src/catch2/internal/catch_test_registry.hpp:114:41: note: expanded from macro 'INTERNAL_CATCH_TESTCASE2'
  114 |         namespace{ const Catch::AutoReg INTERNAL_CATCH_UNIQUE_NAME( autoRegistrar )( Catch::makeTestInvoker( &TestName ), CATCH_INTERNAL_LINEINFO, Catch::StringRef(), Catch::NameAndTags{ __VA_ARGS__ } ); } /* NOLINT */ \
      |                                         ^
../subprojects/Catch2-3.13.0/src/catch2/internal/catch_unique_name.hpp:15:85: note: expanded from macro 'INTERNAL_CATCH_UNIQUE_NAME'
   15 | #  define INTERNAL_CATCH_UNIQUE_NAME( name ) INTERNAL_CATCH_UNIQUE_NAME_LINE( name, __COUNTER__ )
      |                                                                                     ^
../test/test_gfsmall.cpp:82:9: warning: '__COUNTER__' is a C2y extension [-Wc2y-extensions]
   82 |         INFO("n = " << n);
      |         ^
../subprojects/Catch2-3.13.0/src/catch2/catch_message.hpp:136:23: note: expanded from macro 'INFO'
  136 |   #define INFO( msg ) INTERNAL_CATCH_INFO( "INFO", msg )
      |                       ^
../subprojects/Catch2-3.13.0/src/catch2/catch_message.hpp:111:32: note: expanded from macro 'INTERNAL_CATCH_INFO'
  111 |     const Catch::ScopedMessage INTERNAL_CATCH_UNIQUE_NAME( scopedMessage )( Catch::MessageBuilder( macroName##_catch_sr, CATCH_INTERNAL_LINEINFO, Catch::ResultWas::Info ) << log )
      |                                ^
../subprojects/Catch2-3.13.0/src/catch2/internal/catch_unique_name.hpp:15:85: note: expanded from macro 'INTERNAL_CATCH_UNIQUE_NAME'
   15 | #  define INTERNAL_CATCH_UNIQUE_NAME( name ) INTERNAL_CATCH_UNIQUE_NAME_LINE( name, __COUNTER__ )
      |                                                                                     ^
../test/test_gfsmall.cpp:97:1: warning: '__COUNTER__' is a C2y extension [-Wc2y-extensions]
   97 | TEST_CASE("bench gf256small", "[.][bench][gfsmall]")
      | ^
../subprojects/Catch2-3.13.0/src/catch2/catch_test_macros.hpp:151:28: note: expanded from macro 'TEST_CASE'
  151 |   #define TEST_CASE( ... ) INTERNAL_CATCH_TESTCASE( __VA_ARGS__ )
      |                            ^
../subprojects/Catch2-3.13.0/src/catch2/internal/catch_test_registry.hpp:118:35: note: expanded from macro 'INTERNAL_CATCH_TESTCASE'
  118 |         INTERNAL_CATCH_TESTCASE2( INTERNAL_CATCH_UNIQUE_NAME( CATCH2_INTERNAL_TEST_ ), __VA_ARGS__ )
      |                                   ^
../subprojects/Catch2-3.13.0/src/catch2/internal/catch_unique_name.hpp:15:85: note: expanded from macro 'INTERNAL_CATCH_UNIQUE_NAME'
   15 | #  define INTERNAL_CATCH_UNIQUE_NAME( name ) INTERNAL_CATCH_UNIQUE_NAME_LINE( name, __COUNTER__ )
      |                                                                                     ^
../test/test_gfsmall.cpp:97:1: warning: '__COUNTER__' is a C2y extension [-Wc2y-extensions]
../subprojects/Catch2-3.13.0/src/catch2/catch_test_macros.hpp:151:28: note: expanded from macro 'TEST_CASE'
  151 |   #define TEST_CASE( ... ) INTERNAL_CATCH_TESTCASE( __VA_ARGS__ )
      |                            ^
../subprojects/Catch2-3.13.0/src/catch2/internal/catch_test_registry.hpp:118:9: note: expanded from macro 'INTERNAL_CATCH_TESTCASE'
  118 |         INTERNAL_CATCH_TESTCASE2( INTERNAL_CATCH_UNIQUE_NAME( CATCH2_INTERNAL_TEST_ ), __VA_ARGS__ )
      |         ^
../subprojects/Catch2-3.13.0/src/catch2/internal/catch_test_registry.hpp:114:41: note: expanded from macro 'INTERNAL_CATCH_TESTCASE2'
  114 |         namespace{ const Catch::AutoReg INTERNAL_CATCH_UNIQUE_NAME( autoRegistrar )( Catch::makeTestInvoker( &TestName ), CATCH_INTERNAL_LINEINFO, Catch::StringRef(), Catch::NameAndTags{ __VA_ARGS__ } ); } /* NOLINT */ \
      |                                         ^
../subprojects/Catch2-3.13.0/src/catch2/internal/catch_unique_name.hpp:15:85: note: expanded from macro 'INTERNAL_CATCH_UNIQUE_NAME'
   15 | #  define INTERNAL_CATCH_UNIQUE_NAME( name ) INTERNAL_CATCH_UNIQUE_NAME_LINE( name, __COUNTER__ )
      |                                                                                     ^
../test/test_gfsmall.cpp:107:9: warning: '__COUNTER__' is a C2y extension [-Wc2y-extensions]
  107 |         BENCHMARK(std::format("batch_invnorm - {}", n))
      |         ^
../subprojects/Catch2-3.13.0/src/catch2/benchmark/catch_benchmark.hpp:140:30: note: expanded from macro 'BENCHMARK'
  140 |     INTERNAL_CATCH_BENCHMARK(INTERNAL_CATCH_UNIQUE_NAME(CATCH2_INTERNAL_BENCHMARK_), INTERNAL_CATCH_GET_1_ARG(__VA_ARGS__,,), INTERNAL_CATCH_GET_2_ARG(__VA_ARGS__,,))
      |                              ^
../subprojects/Catch2-3.13.0/src/catch2/internal/catch_unique_name.hpp:15:85: note: expanded from macro 'INTERNAL_CATCH_UNIQUE_NAME'
   15 | #  define INTERNAL_CATCH_UNIQUE_NAME( name ) INTERNAL_CATCH_UNIQUE_NAME_LINE( name, __COUNTER__ )
      |                                                                                     ^
In file included from ../test/test_gfsmall.cpp:1:
In file included from ../test/test.hpp:6:
In file included from ../debug.hpp:6:
In file included from /usr/local/Cellar/llvm/22.1.4/bin/../include/c++/v1/iostream:47:
In file included from /usr/local/Cellar/llvm/22.1.4/bin/../include/c++/v1/ostream:185:
In file included from /usr/local/Cellar/llvm/22.1.4/bin/../include/c++/v1/__ostream/print.h:19:
In file included from /usr/local/Cellar/llvm/22.1.4/bin/../include/c++/v1/format:211:
In file included from /usr/local/Cellar/llvm/22.1.4/bin/../include/c++/v1/__format/format_functions.h:31:
/usr/local/Cellar/llvm/22.1.4/bin/../include/c++/v1/__format/formatter_floating_point.h:75:30: error: 'to_chars' is unavailable: introduced in macOS 13.3
   75 |   to_chars_result __r = std::to_chars(__first, __last, __value, __fmt, __precision);
      |                              ^
/usr/local/Cellar/llvm/22.1.4/bin/../include/c++/v1/__format/formatter_floating_point.h:394:34: note: in instantiation of function template specialization 'std::__formatter::__to_buffer<float>' requested here
  394 |   __result.__last = __formatter::__to_buffer(__integral, __buffer.end(), __value, chars_format::general, __precision);
      |                                  ^
/usr/local/Cellar/llvm/22.1.4/bin/../include/c++/v1/__format/formatter_floating_point.h:461:27: note: in instantiation of function template specialization 'std::__formatter::__format_buffer_general_lower_case<float, float>' requested here
  461 |       return __formatter::__format_buffer_general_lower_case(__buffer, __value, __buffer.__precision(), __first);
      |                           ^
/usr/local/Cellar/llvm/22.1.4/bin/../include/c++/v1/__format/formatter_floating_point.h:659:42: note: in instantiation of function template specialization 'std::__formatter::__format_buffer<float, float>' requested here
  659 |   __float_result __result = __formatter::__format_buffer(
      |                                          ^
/usr/local/Cellar/llvm/22.1.4/bin/../include/c++/v1/__format/formatter_floating_point.h:765:25: note: in instantiation of function template specialization 'std::__formatter::__format_floating_point<float, char, std::format_context>' requested here
  765 |     return __formatter::__format_floating_point(__value, __ctx, __parser_.__get_parsed_std_specifications(__ctx));
      |                         ^
/usr/local/Cellar/llvm/22.1.4/bin/../include/c++/v1/__format/format_functions.h:288:42: note: in instantiation of function template specialization 'std::__formatter_floating_point<char>::format<float, std::format_context>' requested here
  288 |             __ctx.advance_to(__formatter.format(__arg, __ctx));
      |                                          ^
/usr/local/Cellar/llvm/22.1.4/bin/../include/c++/v1/__format/format_functions.h:428:15: note: in instantiation of function template specialization 'std::__vformat_to<std::back_insert_iterator<std::__format::__output_buffer<char>>, char, std::back_insert_iterator<std::__format::__output_buffer<char>>>' requested here
  428 |   return std::__vformat_to(std::move(__out_it), __fmt, __args);
      |               ^
/usr/local/Cellar/llvm/22.1.4/bin/../include/c++/v1/__format/format_functions.h:495:8: note: in instantiation of function template specialization 'std::vformat_to<std::back_insert_iterator<std::__format::__output_buffer<char>>>' requested here
  495 |   std::vformat_to(__buffer.__make_output_iterator(), __fmt, __args);
      |        ^
/usr/local/Cellar/llvm/22.1.4/bin/../include/c++/v1/__format/format_functions.h:517:15: note: in instantiation of function template specialization 'std::vformat<void>' requested here
  517 |   return std::vformat(__fmt.get(), std::make_format_args(__args...));
      |               ^
../test/test_gfsmall.cpp:107:24: note: in instantiation of function template specialization 'std::format<const unsigned long &>' requested here
  107 |         BENCHMARK(std::format("batch_invnorm - {}", n))
      |                        ^
../subprojects/Catch2-3.13.0/src/catch2/benchmark/catch_benchmark.hpp:140:111: note: expanded from macro 'BENCHMARK'
  140 |     INTERNAL_CATCH_BENCHMARK(INTERNAL_CATCH_UNIQUE_NAME(CATCH2_INTERNAL_BENCHMARK_), INTERNAL_CATCH_GET_1_ARG(__VA_ARGS__,,), INTERNAL_CATCH_GET_2_ARG(__VA_ARGS__,,))
      |                                                                                                               ^
../subprojects/Catch2-3.13.0/src/catch2/benchmark/catch_benchmark.hpp:119:51: note: expanded from macro 'INTERNAL_CATCH_GET_1_ARG'
  119 | #define INTERNAL_CATCH_GET_1_ARG(arg1, arg2, ...) arg1
      |                                                   ^
../subprojects/Catch2-3.13.0/src/catch2/benchmark/catch_benchmark.hpp:123:51: note: expanded from macro 'INTERNAL_CATCH_BENCHMARK'
  123 |     if( Catch::Benchmark::Benchmark BenchmarkName{name} ) \
      |                                                   ^
/usr/local/Cellar/llvm/22.1.4/bin/../include/c++/v1/__charconv/to_chars_floating_point.h:44:1: note: 'to_chars' has been explicitly marked unavailable here
   44 | to_chars(char* __first, char* __last, float __value, chars_format __fmt, int __precision);
      | ^
In file included from ../test/test_gfsmall.cpp:1:
In file included from ../test/test.hpp:6:
In file included from ../debug.hpp:6:
In file included from /usr/local/Cellar/llvm/22.1.4/bin/../include/c++/v1/iostream:47:
In file included from /usr/local/Cellar/llvm/22.1.4/bin/../include/c++/v1/ostream:185:
In file included from /usr/local/Cellar/llvm/22.1.4/bin/../include/c++/v1/__ostream/print.h:19:
In file included from /usr/local/Cellar/llvm/22.1.4/bin/../include/c++/v1/format:211:
In file included from /usr/local/Cellar/llvm/22.1.4/bin/../include/c++/v1/__format/format_functions.h:31:
/usr/local/Cellar/llvm/22.1.4/bin/../include/c++/v1/__format/formatter_floating_point.h:61:30: error: 'to_chars' is unavailable: introduced in macOS 13.3
   61 |   to_chars_result __r = std::to_chars(__first, __last, __value);
      |                              ^
/usr/local/Cellar/llvm/22.1.4/bin/../include/c++/v1/__format/formatter_floating_point.h:242:38: note: in instantiation of function template specialization 'std::__formatter::__to_buffer<float>' requested here
  242 |   __result.__last     = __formatter::__to_buffer(__integral, __buffer.end(), __value);
      |                                      ^
/usr/local/Cellar/llvm/22.1.4/bin/../include/c++/v1/__format/formatter_floating_point.h:463:27: note: in instantiation of function template specialization 'std::__formatter::__format_buffer_default<float, float>' requested here
  463 |       return __formatter::__format_buffer_default(__buffer, __value, __first);
      |                           ^
/usr/local/Cellar/llvm/22.1.4/bin/../include/c++/v1/__format/formatter_floating_point.h:659:42: note: in instantiation of function template specialization 'std::__formatter::__format_buffer<float, float>' requested here
  659 |   __float_result __result = __formatter::__format_buffer(
      |                                          ^
/usr/local/Cellar/llvm/22.1.4/bin/../include/c++/v1/__format/formatter_floating_point.h:765:25: note: in instantiation of function template specialization 'std::__formatter::__format_floating_point<float, char, std::format_context>' requested here
  765 |     return __formatter::__format_floating_point(__value, __ctx, __parser_.__get_parsed_std_specifications(__ctx));
      |                         ^
/usr/local/Cellar/llvm/22.1.4/bin/../include/c++/v1/__format/format_functions.h:288:42: note: in instantiation of function template specialization 'std::__formatter_floating_point<char>::format<float, std::format_context>' requested here
  288 |             __ctx.advance_to(__formatter.format(__arg, __ctx));
      |                                          ^
/usr/local/Cellar/llvm/22.1.4/bin/../include/c++/v1/__format/format_functions.h:428:15: note: in instantiation of function template specialization 'std::__vformat_to<std::back_insert_iterator<std::__format::__output_buffer<char>>, char, std::back_insert_iterator<std::__format::__output_buffer<char>>>' requested here
  428 |   return std::__vformat_to(std::move(__out_it), __fmt, __args);
      |               ^
/usr/local/Cellar/llvm/22.1.4/bin/../include/c++/v1/__format/format_functions.h:495:8: note: in instantiation of function template specialization 'std::vformat_to<std::back_insert_iterator<std::__format::__output_buffer<char>>>' requested here
  495 |   std::vformat_to(__buffer.__make_output_iterator(), __fmt, __args);
      |        ^
/usr/local/Cellar/llvm/22.1.4/bin/../include/c++/v1/__format/format_functions.h:517:15: note: in instantiation of function template specialization 'std::vformat<void>' requested here
  517 |   return std::vformat(__fmt.get(), std::make_format_args(__args...));
      |               ^
../test/test_gfsmall.cpp:107:24: note: in instantiation of function template specialization 'std::format<const unsigned long &>' requested here
  107 |         BENCHMARK(std::format("batch_invnorm - {}", n))
      |                        ^
../subprojects/Catch2-3.13.0/src/catch2/benchmark/catch_benchmark.hpp:140:111: note: expanded from macro 'BENCHMARK'
  140 |     INTERNAL_CATCH_BENCHMARK(INTERNAL_CATCH_UNIQUE_NAME(CATCH2_INTERNAL_BENCHMARK_), INTERNAL_CATCH_GET_1_ARG(__VA_ARGS__,,), INTERNAL_CATCH_GET_2_ARG(__VA_ARGS__,,))
      |                                                                                                               ^
../subprojects/Catch2-3.13.0/src/catch2/benchmark/catch_benchmark.hpp:119:51: note: expanded from macro 'INTERNAL_CATCH_GET_1_ARG'
  119 | #define INTERNAL_CATCH_GET_1_ARG(arg1, arg2, ...) arg1
      |                                                   ^
../subprojects/Catch2-3.13.0/src/catch2/benchmark/catch_benchmark.hpp:123:51: note: expanded from macro 'INTERNAL_CATCH_BENCHMARK'
  123 |     if( Catch::Benchmark::Benchmark BenchmarkName{name} ) \
      |                                                   ^
/usr/local/Cellar/llvm/22.1.4/bin/../include/c++/v1/__charconv/to_chars_floating_point.h:26:1: note: 'to_chars' has been explicitly marked unavailable here
   26 | to_chars(char* __first, char* __last, float __value);
      | ^
In file included from ../test/test_gfsmall.cpp:1:
In file included from ../test/test.hpp:6:
In file included from ../debug.hpp:6:
In file included from /usr/local/Cellar/llvm/22.1.4/bin/../include/c++/v1/iostream:47:
In file included from /usr/local/Cellar/llvm/22.1.4/bin/../include/c++/v1/ostream:185:
In file included from /usr/local/Cellar/llvm/22.1.4/bin/../include/c++/v1/__ostream/print.h:19:
In file included from /usr/local/Cellar/llvm/22.1.4/bin/../include/c++/v1/format:211:
In file included from /usr/local/Cellar/llvm/22.1.4/bin/../include/c++/v1/__format/format_functions.h:31:
/usr/local/Cellar/llvm/22.1.4/bin/../include/c++/v1/__format/formatter_floating_point.h:68:30: error: 'to_chars' is unavailable: introduced in macOS 13.3
   68 |   to_chars_result __r = std::to_chars(__first, __last, __value, __fmt);
      |                              ^
/usr/local/Cellar/llvm/22.1.4/bin/../include/c++/v1/__format/formatter_floating_point.h:272:36: note: in instantiation of function template specialization 'std::__formatter::__to_buffer<float>' requested here
  272 |     __result.__last = __formatter::__to_buffer(__integral, __buffer.end(), __value, chars_format::hex);
      |                                    ^
/usr/local/Cellar/llvm/22.1.4/bin/../include/c++/v1/__format/formatter_floating_point.h:466:25: note: in instantiation of function template specialization 'std::__formatter::__format_buffer_hexadecimal_lower_case<float, float>' requested here
  466 |     return __formatter::__format_buffer_hexadecimal_lower_case(
      |                         ^
/usr/local/Cellar/llvm/22.1.4/bin/../include/c++/v1/__format/formatter_floating_point.h:659:42: note: in instantiation of function template specialization 'std::__formatter::__format_buffer<float, float>' requested here
  659 |   __float_result __result = __formatter::__format_buffer(
      |                                          ^
/usr/local/Cellar/llvm/22.1.4/bin/../include/c++/v1/__format/formatter_floating_point.h:765:25: note: in instantiation of function template specialization 'std::__formatter::__format_floating_point<float, char, std::format_context>' requested here
  765 |     return __formatter::__format_floating_point(__value, __ctx, __parser_.__get_parsed_std_specifications(__ctx));
      |                         ^
/usr/local/Cellar/llvm/22.1.4/bin/../include/c++/v1/__format/format_functions.h:288:42: note: in instantiation of function template specialization 'std::__formatter_floating_point<char>::format<float, std::format_context>' requested here
  288 |             __ctx.advance_to(__formatter.format(__arg, __ctx));
      |                                          ^
/usr/local/Cellar/llvm/22.1.4/bin/../include/c++/v1/__format/format_functions.h:428:15: note: in instantiation of function template specialization 'std::__vformat_to<std::back_insert_iterator<std::__format::__output_buffer<char>>, char, std::back_insert_iterator<std::__format::__output_buffer<char>>>' requested here
  428 |   return std::__vformat_to(std::move(__out_it), __fmt, __args);
      |               ^
/usr/local/Cellar/llvm/22.1.4/bin/../include/c++/v1/__format/format_functions.h:495:8: note: in instantiation of function template specialization 'std::vformat_to<std::back_insert_iterator<std::__format::__output_buffer<char>>>' requested here
  495 |   std::vformat_to(__buffer.__make_output_iterator(), __fmt, __args);
      |        ^
/usr/local/Cellar/llvm/22.1.4/bin/../include/c++/v1/__format/format_functions.h:517:15: note: in instantiation of function template specialization 'std::vformat<void>' requested here
  517 |   return std::vformat(__fmt.get(), std::make_format_args(__args...));
      |               ^
../test/test_gfsmall.cpp:107:24: note: in instantiation of function template specialization 'std::format<const unsigned long &>' requested here
  107 |         BENCHMARK(std::format("batch_invnorm - {}", n))
      |                        ^
../subprojects/Catch2-3.13.0/src/catch2/benchmark/catch_benchmark.hpp:140:111: note: expanded from macro 'BENCHMARK'
  140 |     INTERNAL_CATCH_BENCHMARK(INTERNAL_CATCH_UNIQUE_NAME(CATCH2_INTERNAL_BENCHMARK_), INTERNAL_CATCH_GET_1_ARG(__VA_ARGS__,,), INTERNAL_CATCH_GET_2_ARG(__VA_ARGS__,,))
      |                                                                                                               ^
../subprojects/Catch2-3.13.0/src/catch2/benchmark/catch_benchmark.hpp:119:51: note: expanded from macro 'INTERNAL_CATCH_GET_1_ARG'
  119 | #define INTERNAL_CATCH_GET_1_ARG(arg1, arg2, ...) arg1
      |                                                   ^
../subprojects/Catch2-3.13.0/src/catch2/benchmark/catch_benchmark.hpp:123:51: note: expanded from macro 'INTERNAL_CATCH_BENCHMARK'
  123 |     if( Catch::Benchmark::Benchmark BenchmarkName{name} ) \
      |                                                   ^
/usr/local/Cellar/llvm/22.1.4/bin/../include/c++/v1/__charconv/to_chars_floating_point.h:35:1: note: 'to_chars' has been explicitly marked unavailable here
   35 | to_chars(char* __first, char* __last, float __value, chars_format __fmt);
      | ^
In file included from ../test/test_gfsmall.cpp:1:
In file included from ../test/test.hpp:6:
In file included from ../debug.hpp:6:
In file included from /usr/local/Cellar/llvm/22.1.4/bin/../include/c++/v1/iostream:47:
In file included from /usr/local/Cellar/llvm/22.1.4/bin/../include/c++/v1/ostream:185:
In file included from /usr/local/Cellar/llvm/22.1.4/bin/../include/c++/v1/__ostream/print.h:19:
In file included from /usr/local/Cellar/llvm/22.1.4/bin/../include/c++/v1/format:211:
In file included from /usr/local/Cellar/llvm/22.1.4/bin/../include/c++/v1/__format/format_functions.h:31:
/usr/local/Cellar/llvm/22.1.4/bin/../include/c++/v1/__format/formatter_floating_point.h:75:30: error: 'to_chars' is unavailable: introduced in macOS 13.3
   75 |   to_chars_result __r = std::to_chars(__first, __last, __value, __fmt, __precision);
      |                              ^
/usr/local/Cellar/llvm/22.1.4/bin/../include/c++/v1/__format/formatter_floating_point.h:394:34: note: in instantiation of function template specialization 'std::__formatter::__to_buffer<double>' requested here
  394 |   __result.__last = __formatter::__to_buffer(__integral, __buffer.end(), __value, chars_format::general, __precision);
      |                                  ^
/usr/local/Cellar/llvm/22.1.4/bin/../include/c++/v1/__format/formatter_floating_point.h:461:27: note: in instantiation of function template specialization 'std::__formatter::__format_buffer_general_lower_case<double, double>' requested here
  461 |       return __formatter::__format_buffer_general_lower_case(__buffer, __value, __buffer.__precision(), __first);
      |                           ^
/usr/local/Cellar/llvm/22.1.4/bin/../include/c++/v1/__format/formatter_floating_point.h:659:42: note: in instantiation of function template specialization 'std::__formatter::__format_buffer<double, double>' requested here
  659 |   __float_result __result = __formatter::__format_buffer(
      |                                          ^
/usr/local/Cellar/llvm/22.1.4/bin/../include/c++/v1/__format/formatter_floating_point.h:765:25: note: in instantiation of function template specialization 'std::__formatter::__format_floating_point<double, char, std::format_context>' requested here
  765 |     return __formatter::__format_floating_point(__value, __ctx, __parser_.__get_parsed_std_specifications(__ctx));
      |                         ^
/usr/local/Cellar/llvm/22.1.4/bin/../include/c++/v1/__format/format_functions.h:288:42: note: in instantiation of function template specialization 'std::__formatter_floating_point<char>::format<double, std::format_context>' requested here
  288 |             __ctx.advance_to(__formatter.format(__arg, __ctx));
      |                                          ^
/usr/local/Cellar/llvm/22.1.4/bin/../include/c++/v1/__format/format_functions.h:428:15: note: in instantiation of function template specialization 'std::__vformat_to<std::back_insert_iterator<std::__format::__output_buffer<char>>, char, std::back_insert_iterator<std::__format::__output_buffer<char>>>' requested here
  428 |   return std::__vformat_to(std::move(__out_it), __fmt, __args);
      |               ^
/usr/local/Cellar/llvm/22.1.4/bin/../include/c++/v1/__format/format_functions.h:495:8: note: in instantiation of function template specialization 'std::vformat_to<std::back_insert_iterator<std::__format::__output_buffer<char>>>' requested here
  495 |   std::vformat_to(__buffer.__make_output_iterator(), __fmt, __args);
      |        ^
/usr/local/Cellar/llvm/22.1.4/bin/../include/c++/v1/__format/format_functions.h:517:15: note: in instantiation of function template specialization 'std::vformat<void>' requested here
  517 |   return std::vformat(__fmt.get(), std::make_format_args(__args...));
      |               ^
../test/test_gfsmall.cpp:107:24: note: in instantiation of function template specialization 'std::format<const unsigned long &>' requested here
  107 |         BENCHMARK(std::format("batch_invnorm - {}", n))
      |                        ^
../subprojects/Catch2-3.13.0/src/catch2/benchmark/catch_benchmark.hpp:140:111: note: expanded from macro 'BENCHMARK'
  140 |     INTERNAL_CATCH_BENCHMARK(INTERNAL_CATCH_UNIQUE_NAME(CATCH2_INTERNAL_BENCHMARK_), INTERNAL_CATCH_GET_1_ARG(__VA_ARGS__,,), INTERNAL_CATCH_GET_2_ARG(__VA_ARGS__,,))
      |                                                                                                               ^
../subprojects/Catch2-3.13.0/src/catch2/benchmark/catch_benchmark.hpp:119:51: note: expanded from macro 'INTERNAL_CATCH_GET_1_ARG'
  119 | #define INTERNAL_CATCH_GET_1_ARG(arg1, arg2, ...) arg1
      |                                                   ^
../subprojects/Catch2-3.13.0/src/catch2/benchmark/catch_benchmark.hpp:123:51: note: expanded from macro 'INTERNAL_CATCH_BENCHMARK'
  123 |     if( Catch::Benchmark::Benchmark BenchmarkName{name} ) \
      |                                                   ^
/usr/local/Cellar/llvm/22.1.4/bin/../include/c++/v1/__charconv/to_chars_floating_point.h:47:1: note: 'to_chars' has been explicitly marked unavailable here
   47 | to_chars(char* __first, char* __last, double __value, chars_format __fmt, int __precision);
      | ^
In file included from ../test/test_gfsmall.cpp:1:
In file included from ../test/test.hpp:6:
In file included from ../debug.hpp:6:
In file included from /usr/local/Cellar/llvm/22.1.4/bin/../include/c++/v1/iostream:47:
In file included from /usr/local/Cellar/llvm/22.1.4/bin/../include/c++/v1/ostream:185:
In file included from /usr/local/Cellar/llvm/22.1.4/bin/../include/c++/v1/__ostream/print.h:19:
In file included from /usr/local/Cellar/llvm/22.1.4/bin/../include/c++/v1/format:211:
In file included from /usr/local/Cellar/llvm/22.1.4/bin/../include/c++/v1/__format/format_functions.h:31:
/usr/local/Cellar/llvm/22.1.4/bin/../include/c++/v1/__format/formatter_floating_point.h:61:30: error: 'to_chars' is unavailable: introduced in macOS 13.3
   61 |   to_chars_result __r = std::to_chars(__first, __last, __value);
      |                              ^
/usr/local/Cellar/llvm/22.1.4/bin/../include/c++/v1/__format/formatter_floating_point.h:242:38: note: in instantiation of function template specialization 'std::__formatter::__to_buffer<double>' requested here
  242 |   __result.__last     = __formatter::__to_buffer(__integral, __buffer.end(), __value);
      |                                      ^
/usr/local/Cellar/llvm/22.1.4/bin/../include/c++/v1/__format/formatter_floating_point.h:463:27: note: in instantiation of function template specialization 'std::__formatter::__format_buffer_default<double, double>' requested here
  463 |       return __formatter::__format_buffer_default(__buffer, __value, __first);
      |                           ^
/usr/local/Cellar/llvm/22.1.4/bin/../include/c++/v1/__format/formatter_floating_point.h:659:42: note: in instantiation of function template specialization 'std::__formatter::__format_buffer<double, double>' requested here
  659 |   __float_result __result = __formatter::__format_buffer(
      |                                          ^
/usr/local/Cellar/llvm/22.1.4/bin/../include/c++/v1/__format/formatter_floating_point.h:765:25: note: in instantiation of function template specialization 'std::__formatter::__format_floating_point<double, char, std::format_context>' requested here
  765 |     return __formatter::__format_floating_point(__value, __ctx, __parser_.__get_parsed_std_specifications(__ctx));
      |                         ^
/usr/local/Cellar/llvm/22.1.4/bin/../include/c++/v1/__format/format_functions.h:288:42: note: in instantiation of function template specialization 'std::__formatter_floating_point<char>::format<double, std::format_context>' requested here
  288 |             __ctx.advance_to(__formatter.format(__arg, __ctx));
      |                                          ^
/usr/local/Cellar/llvm/22.1.4/bin/../include/c++/v1/__format/format_functions.h:428:15: note: in instantiation of function template specialization 'std::__vformat_to<std::back_insert_iterator<std::__format::__output_buffer<char>>, char, std::back_insert_iterator<std::__format::__output_buffer<char>>>' requested here
  428 |   return std::__vformat_to(std::move(__out_it), __fmt, __args);
      |               ^
/usr/local/Cellar/llvm/22.1.4/bin/../include/c++/v1/__format/format_functions.h:495:8: note: in instantiation of function template specialization 'std::vformat_to<std::back_insert_iterator<std::__format::__output_buffer<char>>>' requested here
  495 |   std::vformat_to(__buffer.__make_output_iterator(), __fmt, __args);
      |        ^
/usr/local/Cellar/llvm/22.1.4/bin/../include/c++/v1/__format/format_functions.h:517:15: note: in instantiation of function template specialization 'std::vformat<void>' requested here
  517 |   return std::vformat(__fmt.get(), std::make_format_args(__args...));
      |               ^
../test/test_gfsmall.cpp:107:24: note: in instantiation of function template specialization 'std::format<const unsigned long &>' requested here
  107 |         BENCHMARK(std::format("batch_invnorm - {}", n))
      |                        ^
../subprojects/Catch2-3.13.0/src/catch2/benchmark/catch_benchmark.hpp:140:111: note: expanded from macro 'BENCHMARK'
  140 |     INTERNAL_CATCH_BENCHMARK(INTERNAL_CATCH_UNIQUE_NAME(CATCH2_INTERNAL_BENCHMARK_), INTERNAL_CATCH_GET_1_ARG(__VA_ARGS__,,), INTERNAL_CATCH_GET_2_ARG(__VA_ARGS__,,))
      |                                                                                                               ^
../subprojects/Catch2-3.13.0/src/catch2/benchmark/catch_benchmark.hpp:119:51: note: expanded from macro 'INTERNAL_CATCH_GET_1_ARG'
  119 | #define INTERNAL_CATCH_GET_1_ARG(arg1, arg2, ...) arg1
      |                                                   ^
../subprojects/Catch2-3.13.0/src/catch2/benchmark/catch_benchmark.hpp:123:51: note: expanded from macro 'INTERNAL_CATCH_BENCHMARK'
  123 |     if( Catch::Benchmark::Benchmark BenchmarkName{name} ) \
      |                                                   ^
/usr/local/Cellar/llvm/22.1.4/bin/../include/c++/v1/__charconv/to_chars_floating_point.h:29:1: note: 'to_chars' has been explicitly marked unavailable here
   29 | to_chars(char* __first, char* __last, double __value);
      | ^
In file included from ../test/test_gfsmall.cpp:1:
In file included from ../test/test.hpp:6:
In file included from ../debug.hpp:6:
In file included from /usr/local/Cellar/llvm/22.1.4/bin/../include/c++/v1/iostream:47:
In file included from /usr/local/Cellar/llvm/22.1.4/bin/../include/c++/v1/ostream:185:
In file included from /usr/local/Cellar/llvm/22.1.4/bin/../include/c++/v1/__ostream/print.h:19:
In file included from /usr/local/Cellar/llvm/22.1.4/bin/../include/c++/v1/format:211:
In file included from /usr/local/Cellar/llvm/22.1.4/bin/../include/c++/v1/__format/format_functions.h:31:
/usr/local/Cellar/llvm/22.1.4/bin/../include/c++/v1/__format/formatter_floating_point.h:68:30: error: 'to_chars' is unavailable: introduced in macOS 13.3
   68 |   to_chars_result __r = std::to_chars(__first, __last, __value, __fmt);
      |                              ^
/usr/local/Cellar/llvm/22.1.4/bin/../include/c++/v1/__format/formatter_floating_point.h:272:36: note: in instantiation of function template specialization 'std::__formatter::__to_buffer<double>' requested here
  272 |     __result.__last = __formatter::__to_buffer(__integral, __buffer.end(), __value, chars_format::hex);
      |                                    ^
/usr/local/Cellar/llvm/22.1.4/bin/../include/c++/v1/__format/formatter_floating_point.h:466:25: note: in instantiation of function template specialization 'std::__formatter::__format_buffer_hexadecimal_lower_case<double, double>' requested here
  466 |     return __formatter::__format_buffer_hexadecimal_lower_case(
      |                         ^
/usr/local/Cellar/llvm/22.1.4/bin/../include/c++/v1/__format/formatter_floating_point.h:659:42: note: in instantiation of function template specialization 'std::__formatter::__format_buffer<double, double>' requested here
  659 |   __float_result __result = __formatter::__format_buffer(
      |                                          ^
/usr/local/Cellar/llvm/22.1.4/bin/../include/c++/v1/__format/formatter_floating_point.h:765:25: note: in instantiation of function template specialization 'std::__formatter::__format_floating_point<double, char, std::format_context>' requested here
  765 |     return __formatter::__format_floating_point(__value, __ctx, __parser_.__get_parsed_std_specifications(__ctx));
      |                         ^
/usr/local/Cellar/llvm/22.1.4/bin/../include/c++/v1/__format/format_functions.h:288:42: note: in instantiation of function template specialization 'std::__formatter_floating_point<char>::format<double, std::format_context>' requested here
  288 |             __ctx.advance_to(__formatter.format(__arg, __ctx));
      |                                          ^
/usr/local/Cellar/llvm/22.1.4/bin/../include/c++/v1/__format/format_functions.h:428:15: note: in instantiation of function template specialization 'std::__vformat_to<std::back_insert_iterator<std::__format::__output_buffer<char>>, char, std::back_insert_iterator<std::__format::__output_buffer<char>>>' requested here
  428 |   return std::__vformat_to(std::move(__out_it), __fmt, __args);
      |               ^
/usr/local/Cellar/llvm/22.1.4/bin/../include/c++/v1/__format/format_functions.h:495:8: note: in instantiation of function template specialization 'std::vformat_to<std::back_insert_iterator<std::__format::__output_buffer<char>>>' requested here
  495 |   std::vformat_to(__buffer.__make_output_iterator(), __fmt, __args);
      |        ^
/usr/local/Cellar/llvm/22.1.4/bin/../include/c++/v1/__format/format_functions.h:517:15: note: in instantiation of function template specialization 'std::vformat<void>' requested here
  517 |   return std::vformat(__fmt.get(), std::make_format_args(__args...));
      |               ^
../test/test_gfsmall.cpp:107:24: note: in instantiation of function template specialization 'std::format<const unsigned long &>' requested here
  107 |         BENCHMARK(std::format("batch_invnorm - {}", n))
      |                        ^
../subprojects/Catch2-3.13.0/src/catch2/benchmark/catch_benchmark.hpp:140:111: note: expanded from macro 'BENCHMARK'
  140 |     INTERNAL_CATCH_BENCHMARK(INTERNAL_CATCH_UNIQUE_NAME(CATCH2_INTERNAL_BENCHMARK_), INTERNAL_CATCH_GET_1_ARG(__VA_ARGS__,,), INTERNAL_CATCH_GET_2_ARG(__VA_ARGS__,,))
      |                                                                                                               ^
../subprojects/Catch2-3.13.0/src/catch2/benchmark/catch_benchmark.hpp:119:51: note: expanded from macro 'INTERNAL_CATCH_GET_1_ARG'
  119 | #define INTERNAL_CATCH_GET_1_ARG(arg1, arg2, ...) arg1
      |                                                   ^
../subprojects/Catch2-3.13.0/src/catch2/benchmark/catch_benchmark.hpp:123:51: note: expanded from macro 'INTERNAL_CATCH_BENCHMARK'
  123 |     if( Catch::Benchmark::Benchmark BenchmarkName{name} ) \
      |                                                   ^
/usr/local/Cellar/llvm/22.1.4/bin/../include/c++/v1/__charconv/to_chars_floating_point.h:38:1: note: 'to_chars' has been explicitly marked unavailable here
   38 | to_chars(char* __first, char* __last, double __value, chars_format __fmt);
      | ^
In file included from ../test/test_gfsmall.cpp:1:
In file included from ../test/test.hpp:6:
In file included from ../debug.hpp:6:
In file included from /usr/local/Cellar/llvm/22.1.4/bin/../include/c++/v1/iostream:47:
In file included from /usr/local/Cellar/llvm/22.1.4/bin/../include/c++/v1/ostream:185:
In file included from /usr/local/Cellar/llvm/22.1.4/bin/../include/c++/v1/__ostream/print.h:19:
In file included from /usr/local/Cellar/llvm/22.1.4/bin/../include/c++/v1/format:211:
In file included from /usr/local/Cellar/llvm/22.1.4/bin/../include/c++/v1/__format/format_functions.h:31:
/usr/local/Cellar/llvm/22.1.4/bin/../include/c++/v1/__format/formatter_floating_point.h:75:30: error: 'to_chars' is unavailable: introduced in macOS 13.3
   75 |   to_chars_result __r = std::to_chars(__first, __last, __value, __fmt, __precision);
      |                              ^
/usr/local/Cellar/llvm/22.1.4/bin/../include/c++/v1/__format/formatter_floating_point.h:394:34: note: in instantiation of function template specialization 'std::__formatter::__to_buffer<long double>' requested here
  394 |   __result.__last = __formatter::__to_buffer(__integral, __buffer.end(), __value, chars_format::general, __precision);
      |                                  ^
/usr/local/Cellar/llvm/22.1.4/bin/../include/c++/v1/__format/formatter_floating_point.h:461:27: note: in instantiation of function template specialization 'std::__formatter::__format_buffer_general_lower_case<double, long double>' requested here
  461 |       return __formatter::__format_buffer_general_lower_case(__buffer, __value, __buffer.__precision(), __first);
      |                           ^
/usr/local/Cellar/llvm/22.1.4/bin/../include/c++/v1/__format/formatter_floating_point.h:659:42: note: in instantiation of function template specialization 'std::__formatter::__format_buffer<double, long double>' requested here
  659 |   __float_result __result = __formatter::__format_buffer(
      |                                          ^
/usr/local/Cellar/llvm/22.1.4/bin/../include/c++/v1/__format/formatter_floating_point.h:765:25: note: in instantiation of function template specialization 'std::__formatter::__format_floating_point<long double, char, std::format_context>' requested here
  765 |     return __formatter::__format_floating_point(__value, __ctx, __parser_.__get_parsed_std_specifications(__ctx));
      |                         ^
/usr/local/Cellar/llvm/22.1.4/bin/../include/c++/v1/__format/format_functions.h:288:42: note: in instantiation of function template specialization 'std::__formatter_floating_point<char>::format<long double, std::format_context>' requested here
  288 |             __ctx.advance_to(__formatter.format(__arg, __ctx));
      |                                          ^
/usr/local/Cellar/llvm/22.1.4/bin/../include/c++/v1/__format/format_functions.h:428:15: note: in instantiation of function template specialization 'std::__vformat_to<std::back_insert_iterator<std::__format::__output_buffer<char>>, char, std::back_insert_iterator<std::__format::__output_buffer<char>>>' requested here
  428 |   return std::__vformat_to(std::move(__out_it), __fmt, __args);
      |               ^
/usr/local/Cellar/llvm/22.1.4/bin/../include/c++/v1/__format/format_functions.h:495:8: note: in instantiation of function template specialization 'std::vformat_to<std::back_insert_iterator<std::__format::__output_buffer<char>>>' requested here
  495 |   std::vformat_to(__buffer.__make_output_iterator(), __fmt, __args);
      |        ^
/usr/local/Cellar/llvm/22.1.4/bin/../include/c++/v1/__format/format_functions.h:517:15: note: in instantiation of function template specialization 'std::vformat<void>' requested here
  517 |   return std::vformat(__fmt.get(), std::make_format_args(__args...));
      |               ^
../test/test_gfsmall.cpp:107:24: note: in instantiation of function template specialization 'std::format<const unsigned long &>' requested here
  107 |         BENCHMARK(std::format("batch_invnorm - {}", n))
      |                        ^
../subprojects/Catch2-3.13.0/src/catch2/benchmark/catch_benchmark.hpp:140:111: note: expanded from macro 'BENCHMARK'
  140 |     INTERNAL_CATCH_BENCHMARK(INTERNAL_CATCH_UNIQUE_NAME(CATCH2_INTERNAL_BENCHMARK_), INTERNAL_CATCH_GET_1_ARG(__VA_ARGS__,,), INTERNAL_CATCH_GET_2_ARG(__VA_ARGS__,,))
      |                                                                                                               ^
../subprojects/Catch2-3.13.0/src/catch2/benchmark/catch_benchmark.hpp:119:51: note: expanded from macro 'INTERNAL_CATCH_GET_1_ARG'
  119 | #define INTERNAL_CATCH_GET_1_ARG(arg1, arg2, ...) arg1
      |                                                   ^
../subprojects/Catch2-3.13.0/src/catch2/benchmark/catch_benchmark.hpp:123:51: note: expanded from macro 'INTERNAL_CATCH_BENCHMARK'
  123 |     if( Catch::Benchmark::Benchmark BenchmarkName{name} ) \
      |                                                   ^
/usr/local/Cellar/llvm/22.1.4/bin/../include/c++/v1/__charconv/to_chars_floating_point.h:50:1: note: 'to_chars' has been explicitly marked unavailable here
   50 | to_chars(char* __first, char* __last, long double __value, chars_format __fmt, int __precision);
      | ^
In file included from ../test/test_gfsmall.cpp:1:
In file included from ../test/test.hpp:6:
In file included from ../debug.hpp:6:
In file included from /usr/local/Cellar/llvm/22.1.4/bin/../include/c++/v1/iostream:47:
In file included from /usr/local/Cellar/llvm/22.1.4/bin/../include/c++/v1/ostream:185:
In file included from /usr/local/Cellar/llvm/22.1.4/bin/../include/c++/v1/__ostream/print.h:19:
In file included from /usr/local/Cellar/llvm/22.1.4/bin/../include/c++/v1/format:211:
In file included from /usr/local/Cellar/llvm/22.1.4/bin/../include/c++/v1/__format/format_functions.h:31:
/usr/local/Cellar/llvm/22.1.4/bin/../include/c++/v1/__format/formatter_floating_point.h:61:30: error: 'to_chars' is unavailable: introduced in macOS 13.3
   61 |   to_chars_result __r = std::to_chars(__first, __last, __value);
      |                              ^
/usr/local/Cellar/llvm/22.1.4/bin/../include/c++/v1/__format/formatter_floating_point.h:242:38: note: in instantiation of function template specialization 'std::__formatter::__to_buffer<long double>' requested here
  242 |   __result.__last     = __formatter::__to_buffer(__integral, __buffer.end(), __value);
      |                                      ^
/usr/local/Cellar/llvm/22.1.4/bin/../include/c++/v1/__format/formatter_floating_point.h:463:27: note: in instantiation of function template specialization 'std::__formatter::__format_buffer_default<double, long double>' requested here
  463 |       return __formatter::__format_buffer_default(__buffer, __value, __first);
      |                           ^
/usr/local/Cellar/llvm/22.1.4/bin/../include/c++/v1/__format/formatter_floating_point.h:659:42: note: in instantiation of function template specialization 'std::__formatter::__format_buffer<double, long double>' requested here
  659 |   __float_result __result = __formatter::__format_buffer(
      |                                          ^
/usr/local/Cellar/llvm/22.1.4/bin/../include/c++/v1/__format/formatter_floating_point.h:765:25: note: in instantiation of function template specialization 'std::__formatter::__format_floating_point<long double, char, std::format_context>' requested here
  765 |     return __formatter::__format_floating_point(__value, __ctx, __parser_.__get_parsed_std_specifications(__ctx));
      |                         ^
/usr/local/Cellar/llvm/22.1.4/bin/../include/c++/v1/__format/format_functions.h:288:42: note: in instantiation of function template specialization 'std::__formatter_floating_point<char>::format<long double, std::format_context>' requested here
  288 |             __ctx.advance_to(__formatter.format(__arg, __ctx));
      |                                          ^
/usr/local/Cellar/llvm/22.1.4/bin/../include/c++/v1/__format/format_functions.h:428:15: note: in instantiation of function template specialization 'std::__vformat_to<std::back_insert_iterator<std::__format::__output_buffer<char>>, char, std::back_insert_iterator<std::__format::__output_buffer<char>>>' requested here
  428 |   return std::__vformat_to(std::move(__out_it), __fmt, __args);
      |               ^
/usr/local/Cellar/llvm/22.1.4/bin/../include/c++/v1/__format/format_functions.h:495:8: note: in instantiation of function template specialization 'std::vformat_to<std::back_insert_iterator<std::__format::__output_buffer<char>>>' requested here
  495 |   std::vformat_to(__buffer.__make_output_iterator(), __fmt, __args);
      |        ^
/usr/local/Cellar/llvm/22.1.4/bin/../include/c++/v1/__format/format_functions.h:517:15: note: in instantiation of function template specialization 'std::vformat<void>' requested here
  517 |   return std::vformat(__fmt.get(), std::make_format_args(__args...));
      |               ^
../test/test_gfsmall.cpp:107:24: note: in instantiation of function template specialization 'std::format<const unsigned long &>' requested here
  107 |         BENCHMARK(std::format("batch_invnorm - {}", n))
      |                        ^
../subprojects/Catch2-3.13.0/src/catch2/benchmark/catch_benchmark.hpp:140:111: note: expanded from macro 'BENCHMARK'
  140 |     INTERNAL_CATCH_BENCHMARK(INTERNAL_CATCH_UNIQUE_NAME(CATCH2_INTERNAL_BENCHMARK_), INTERNAL_CATCH_GET_1_ARG(__VA_ARGS__,,), INTERNAL_CATCH_GET_2_ARG(__VA_ARGS__,,))
      |                                                                                                               ^
../subprojects/Catch2-3.13.0/src/catch2/benchmark/catch_benchmark.hpp:119:51: note: expanded from macro 'INTERNAL_CATCH_GET_1_ARG'
  119 | #define INTERNAL_CATCH_GET_1_ARG(arg1, arg2, ...) arg1
      |                                                   ^
../subprojects/Catch2-3.13.0/src/catch2/benchmark/catch_benchmark.hpp:123:51: note: expanded from macro 'INTERNAL_CATCH_BENCHMARK'
  123 |     if( Catch::Benchmark::Benchmark BenchmarkName{name} ) \
      |                                                   ^
/usr/local/Cellar/llvm/22.1.4/bin/../include/c++/v1/__charconv/to_chars_floating_point.h:32:1: note: 'to_chars' has been explicitly marked unavailable here
   32 | to_chars(char* __first, char* __last, long double __value);
      | ^
In file included from ../test/test_gfsmall.cpp:1:
In file included from ../test/test.hpp:6:
In file included from ../debug.hpp:6:
In file included from /usr/local/Cellar/llvm/22.1.4/bin/../include/c++/v1/iostream:47:
In file included from /usr/local/Cellar/llvm/22.1.4/bin/../include/c++/v1/ostream:185:
In file included from /usr/local/Cellar/llvm/22.1.4/bin/../include/c++/v1/__ostream/print.h:19:
In file included from /usr/local/Cellar/llvm/22.1.4/bin/../include/c++/v1/format:211:
In file included from /usr/local/Cellar/llvm/22.1.4/bin/../include/c++/v1/__format/format_functions.h:31:
/usr/local/Cellar/llvm/22.1.4/bin/../include/c++/v1/__format/formatter_floating_point.h:68:30: error: 'to_chars' is unavailable: introduced in macOS 13.3
   68 |   to_chars_result __r = std::to_chars(__first, __last, __value, __fmt);
      |                              ^
/usr/local/Cellar/llvm/22.1.4/bin/../include/c++/v1/__format/formatter_floating_point.h:272:36: note: in instantiation of function template specialization 'std::__formatter::__to_buffer<long double>' requested here
  272 |     __result.__last = __formatter::__to_buffer(__integral, __buffer.end(), __value, chars_format::hex);
      |                                    ^
/usr/local/Cellar/llvm/22.1.4/bin/../include/c++/v1/__format/formatter_floating_point.h:466:25: note: in instantiation of function template specialization 'std::__formatter::__format_buffer_hexadecimal_lower_case<double, long double>' requested here
  466 |     return __formatter::__format_buffer_hexadecimal_lower_case(
      |                         ^
/usr/local/Cellar/llvm/22.1.4/bin/../include/c++/v1/__format/formatter_floating_point.h:659:42: note: in instantiation of function template specialization 'std::__formatter::__format_buffer<double, long double>' requested here
  659 |   __float_result __result = __formatter::__format_buffer(
      |                                          ^
/usr/local/Cellar/llvm/22.1.4/bin/../include/c++/v1/__format/formatter_floating_point.h:765:25: note: in instantiation of function template specialization 'std::__formatter::__format_floating_point<long double, char, std::format_context>' requested here
  765 |     return __formatter::__format_floating_point(__value, __ctx, __parser_.__get_parsed_std_specifications(__ctx));
      |                         ^
/usr/local/Cellar/llvm/22.1.4/bin/../include/c++/v1/__format/format_functions.h:288:42: note: in instantiation of function template specialization 'std::__formatter_floating_point<char>::format<long double, std::format_context>' requested here
  288 |             __ctx.advance_to(__formatter.format(__arg, __ctx));
      |                                          ^
/usr/local/Cellar/llvm/22.1.4/bin/../include/c++/v1/__format/format_functions.h:428:15: note: in instantiation of function template specialization 'std::__vformat_to<std::back_insert_iterator<std::__format::__output_buffer<char>>, char, std::back_insert_iterator<std::__format::__output_buffer<char>>>' requested here
  428 |   return std::__vformat_to(std::move(__out_it), __fmt, __args);
      |               ^
/usr/local/Cellar/llvm/22.1.4/bin/../include/c++/v1/__format/format_functions.h:495:8: note: in instantiation of function template specialization 'std::vformat_to<std::back_insert_iterator<std::__format::__output_buffer<char>>>' requested here
  495 |   std::vformat_to(__buffer.__make_output_iterator(), __fmt, __args);
      |        ^
/usr/local/Cellar/llvm/22.1.4/bin/../include/c++/v1/__format/format_functions.h:517:15: note: in instantiation of function template specialization 'std::vformat<void>' requested here
  517 |   return std::vformat(__fmt.get(), std::make_format_args(__args...));
      |               ^
../test/test_gfsmall.cpp:107:24: note: in instantiation of function template specialization 'std::format<const unsigned long &>' requested here
  107 |         BENCHMARK(std::format("batch_invnorm - {}", n))
      |                        ^
../subprojects/Catch2-3.13.0/src/catch2/benchmark/catch_benchmark.hpp:140:111: note: expanded from macro 'BENCHMARK'
  140 |     INTERNAL_CATCH_BENCHMARK(INTERNAL_CATCH_UNIQUE_NAME(CATCH2_INTERNAL_BENCHMARK_), INTERNAL_CATCH_GET_1_ARG(__VA_ARGS__,,), INTERNAL_CATCH_GET_2_ARG(__VA_ARGS__,,))
      |                                                                                                               ^
../subprojects/Catch2-3.13.0/src/catch2/benchmark/catch_benchmark.hpp:119:51: note: expanded from macro 'INTERNAL_CATCH_GET_1_ARG'
  119 | #define INTERNAL_CATCH_GET_1_ARG(arg1, arg2, ...) arg1
      |                                                   ^
../subprojects/Catch2-3.13.0/src/catch2/benchmark/catch_benchmark.hpp:123:51: note: expanded from macro 'INTERNAL_CATCH_BENCHMARK'
  123 |     if( Catch::Benchmark::Benchmark BenchmarkName{name} ) \
      |                                                   ^
/usr/local/Cellar/llvm/22.1.4/bin/../include/c++/v1/__charconv/to_chars_floating_point.h:41:1: note: 'to_chars' has been explicitly marked unavailable here
   41 | to_chars(char* __first, char* __last, long double __value, chars_format __fmt);
      | ^
18 warnings and 9 errors generated.
[5/19] /usr/local/opt/llvm/bin/clang++ -Itest/tests.p -Itest -I../test -Isubprojects/Catch2-3.13.0/src -I../subprojects/Catch2-3.13.0/src -I. -I.. -Isubprojects/xkcp -I../subprojects/xkcp -I../subprojects/xkcp/lib/common -I../subprojects/xkcp/lib/high/Keccak -I../subprojects/xkcp/lib/high/Keccak/FIPS202 -I../subprojects/xkcp/lib/low/common -I../subprojects/xkcp/lib/low/KeccakP-1600/common -I../subprojects/xkcp/lib/low/KeccakP-1600/plain-64bits -I../subprojects/xkcp/lib/low/KeccakP-1600/plain-64bits/SnP -I../subprojects/xkcp/lib/low/KeccakP-1600-times4/fallback-on1 -flto -fdiagnostics-color=always -D_LIBCPP_HARDENING_MODE=_LIBCPP_HARDENING_MODE_FAST -Wall -Winvalid-pch -Wextra -Wpedantic -std=c++23 -O3 -march=native -mtune=native -g -Wno-psabi -MD -MQ test/tests.p/test_owf_proof.cpp.o -MF test/tests.p/test_owf_proof.cpp.o.d -o test/tests.p/test_owf_proof.cpp.o -c ../test/test_owf_proof.cpp
../test/test_owf_proof.cpp:10:1: warning: '__COUNTER__' is a C2y extension [-Wc2y-extensions]
   10 | TEMPLATE_TEST_CASE("owf proof", "[owf proof]", ALL_FAEST_V1_INSTANCES)
      | ^
../subprojects/Catch2-3.13.0/src/catch2/catch_template_test_macros.hpp:76:39: note: expanded from macro 'TEMPLATE_TEST_CASE'
   76 |     #define TEMPLATE_TEST_CASE( ... ) INTERNAL_CATCH_TEMPLATE_TEST_CASE( __VA_ARGS__ )
      |                                       ^
../subprojects/Catch2-3.13.0/src/catch2/internal/catch_template_test_registry.hpp:104:108: note: expanded from macro 'INTERNAL_CATCH_TEMPLATE_TEST_CASE'
  104 |         INTERNAL_CATCH_TEMPLATE_TEST_CASE_2( INTERNAL_CATCH_UNIQUE_NAME( CATCH2_INTERNAL_TEMPLATE_TEST_ ), INTERNAL_CATCH_UNIQUE_NAME( CATCH2_INTERNAL_TEMPLATE_TEST_ ), Name, Tags, typename TestType, __VA_ARGS__ )
      |                                                                                                            ^
../subprojects/Catch2-3.13.0/src/catch2/internal/catch_unique_name.hpp:15:85: note: expanded from macro 'INTERNAL_CATCH_UNIQUE_NAME'
   15 | #  define INTERNAL_CATCH_UNIQUE_NAME( name ) INTERNAL_CATCH_UNIQUE_NAME_LINE( name, __COUNTER__ )
      |                                                                                     ^
../test/test_owf_proof.cpp:10:1: warning: '__COUNTER__' is a C2y extension [-Wc2y-extensions]
../subprojects/Catch2-3.13.0/src/catch2/catch_template_test_macros.hpp:76:39: note: expanded from macro 'TEMPLATE_TEST_CASE'
   76 |     #define TEMPLATE_TEST_CASE( ... ) INTERNAL_CATCH_TEMPLATE_TEST_CASE( __VA_ARGS__ )
      |                                       ^
../subprojects/Catch2-3.13.0/src/catch2/internal/catch_template_test_registry.hpp:104:46: note: expanded from macro 'INTERNAL_CATCH_TEMPLATE_TEST_CASE'
  104 |         INTERNAL_CATCH_TEMPLATE_TEST_CASE_2( INTERNAL_CATCH_UNIQUE_NAME( CATCH2_INTERNAL_TEMPLATE_TEST_ ), INTERNAL_CATCH_UNIQUE_NAME( CATCH2_INTERNAL_TEMPLATE_TEST_ ), Name, Tags, typename TestType, __VA_ARGS__ )
      |                                              ^
../subprojects/Catch2-3.13.0/src/catch2/internal/catch_unique_name.hpp:15:85: note: expanded from macro 'INTERNAL_CATCH_UNIQUE_NAME'
   15 | #  define INTERNAL_CATCH_UNIQUE_NAME( name ) INTERNAL_CATCH_UNIQUE_NAME_LINE( name, __COUNTER__ )
      |                                                                                     ^
../test/test_owf_proof.cpp:10:1: warning: '__COUNTER__' is a C2y extension [-Wc2y-extensions]
../subprojects/Catch2-3.13.0/src/catch2/catch_template_test_macros.hpp:76:39: note: expanded from macro 'TEMPLATE_TEST_CASE'
   76 |     #define TEMPLATE_TEST_CASE( ... ) INTERNAL_CATCH_TEMPLATE_TEST_CASE( __VA_ARGS__ )
      |                                       ^
../subprojects/Catch2-3.13.0/src/catch2/internal/catch_template_test_registry.hpp:104:9: note: expanded from macro 'INTERNAL_CATCH_TEMPLATE_TEST_CASE'
  104 |         INTERNAL_CATCH_TEMPLATE_TEST_CASE_2( INTERNAL_CATCH_UNIQUE_NAME( CATCH2_INTERNAL_TEMPLATE_TEST_ ), INTERNAL_CATCH_UNIQUE_NAME( CATCH2_INTERNAL_TEMPLATE_TEST_ ), Name, Tags, typename TestType, __VA_ARGS__ )
      |         ^
../subprojects/Catch2-3.13.0/src/catch2/internal/catch_template_test_registry.hpp:93:30: note: expanded from macro 'INTERNAL_CATCH_TEMPLATE_TEST_CASE_2'
   93 |             static const int INTERNAL_CATCH_UNIQUE_NAME( globalRegistrar ) = [](){\
      |                              ^
../subprojects/Catch2-3.13.0/src/catch2/internal/catch_unique_name.hpp:15:85: note: expanded from macro 'INTERNAL_CATCH_UNIQUE_NAME'
   15 | #  define INTERNAL_CATCH_UNIQUE_NAME( name ) INTERNAL_CATCH_UNIQUE_NAME_LINE( name, __COUNTER__ )
      |                                                                                     ^
3 warnings generated.
[6/19] /usr/local/opt/llvm/bin/clang++ -Itest/tests.p -Itest -I../test -Isubprojects/Catch2-3.13.0/src -I../subprojects/Catch2-3.13.0/src -I. -I.. -Isubprojects/xkcp -I../subprojects/xkcp -I../subprojects/xkcp/lib/common -I../subprojects/xkcp/lib/high/Keccak -I../subprojects/xkcp/lib/high/Keccak/FIPS202 -I../subprojects/xkcp/lib/low/common -I../subprojects/xkcp/lib/low/KeccakP-1600/common -I../subprojects/xkcp/lib/low/KeccakP-1600/plain-64bits -I../subprojects/xkcp/lib/low/KeccakP-1600/plain-64bits/SnP -I../subprojects/xkcp/lib/low/KeccakP-1600-times4/fallback-on1 -flto -fdiagnostics-color=always -D_LIBCPP_HARDENING_MODE=_LIBCPP_HARDENING_MODE_FAST -Wall -Winvalid-pch -Wextra -Wpedantic -std=c++23 -O3 -march=native -mtune=native -g -Wno-psabi -MD -MQ test/tests.p/test_small_vole.cpp.o -MF test/tests.p/test_small_vole.cpp.o.d -o test/tests.p/test_small_vole.cpp.o -c ../test/test_small_vole.cpp
../test/test_small_vole.cpp:12:1: warning: '__COUNTER__' is a C2y extension [-Wc2y-extensions]
   12 | TEMPLATE_TEST_CASE("small vole", "[small vole]", ALL_FAEST_V1_INSTANCES)
      | ^
../subprojects/Catch2-3.13.0/src/catch2/catch_template_test_macros.hpp:76:39: note: expanded from macro 'TEMPLATE_TEST_CASE'
   76 |     #define TEMPLATE_TEST_CASE( ... ) INTERNAL_CATCH_TEMPLATE_TEST_CASE( __VA_ARGS__ )
      |                                       ^
../subprojects/Catch2-3.13.0/src/catch2/internal/catch_template_test_registry.hpp:104:108: note: expanded from macro 'INTERNAL_CATCH_TEMPLATE_TEST_CASE'
  104 |         INTERNAL_CATCH_TEMPLATE_TEST_CASE_2( INTERNAL_CATCH_UNIQUE_NAME( CATCH2_INTERNAL_TEMPLATE_TEST_ ), INTERNAL_CATCH_UNIQUE_NAME( CATCH2_INTERNAL_TEMPLATE_TEST_ ), Name, Tags, typename TestType, __VA_ARGS__ )
      |                                                                                                            ^
../subprojects/Catch2-3.13.0/src/catch2/internal/catch_unique_name.hpp:15:85: note: expanded from macro 'INTERNAL_CATCH_UNIQUE_NAME'
   15 | #  define INTERNAL_CATCH_UNIQUE_NAME( name ) INTERNAL_CATCH_UNIQUE_NAME_LINE( name, __COUNTER__ )
      |                                                                                     ^
../test/test_small_vole.cpp:12:1: warning: '__COUNTER__' is a C2y extension [-Wc2y-extensions]
../subprojects/Catch2-3.13.0/src/catch2/catch_template_test_macros.hpp:76:39: note: expanded from macro 'TEMPLATE_TEST_CASE'
   76 |     #define TEMPLATE_TEST_CASE( ... ) INTERNAL_CATCH_TEMPLATE_TEST_CASE( __VA_ARGS__ )
      |                                       ^
../subprojects/Catch2-3.13.0/src/catch2/internal/catch_template_test_registry.hpp:104:46: note: expanded from macro 'INTERNAL_CATCH_TEMPLATE_TEST_CASE'
  104 |         INTERNAL_CATCH_TEMPLATE_TEST_CASE_2( INTERNAL_CATCH_UNIQUE_NAME( CATCH2_INTERNAL_TEMPLATE_TEST_ ), INTERNAL_CATCH_UNIQUE_NAME( CATCH2_INTERNAL_TEMPLATE_TEST_ ), Name, Tags, typename TestType, __VA_ARGS__ )
      |                                              ^
../subprojects/Catch2-3.13.0/src/catch2/internal/catch_unique_name.hpp:15:85: note: expanded from macro 'INTERNAL_CATCH_UNIQUE_NAME'
   15 | #  define INTERNAL_CATCH_UNIQUE_NAME( name ) INTERNAL_CATCH_UNIQUE_NAME_LINE( name, __COUNTER__ )
      |                                                                                     ^
../test/test_small_vole.cpp:12:1: warning: '__COUNTER__' is a C2y extension [-Wc2y-extensions]
../subprojects/Catch2-3.13.0/src/catch2/catch_template_test_macros.hpp:76:39: note: expanded from macro 'TEMPLATE_TEST_CASE'
   76 |     #define TEMPLATE_TEST_CASE( ... ) INTERNAL_CATCH_TEMPLATE_TEST_CASE( __VA_ARGS__ )
      |                                       ^
../subprojects/Catch2-3.13.0/src/catch2/internal/catch_template_test_registry.hpp:104:9: note: expanded from macro 'INTERNAL_CATCH_TEMPLATE_TEST_CASE'
  104 |         INTERNAL_CATCH_TEMPLATE_TEST_CASE_2( INTERNAL_CATCH_UNIQUE_NAME( CATCH2_INTERNAL_TEMPLATE_TEST_ ), INTERNAL_CATCH_UNIQUE_NAME( CATCH2_INTERNAL_TEMPLATE_TEST_ ), Name, Tags, typename TestType, __VA_ARGS__ )
      |         ^
../subprojects/Catch2-3.13.0/src/catch2/internal/catch_template_test_registry.hpp:93:30: note: expanded from macro 'INTERNAL_CATCH_TEMPLATE_TEST_CASE_2'
   93 |             static const int INTERNAL_CATCH_UNIQUE_NAME( globalRegistrar ) = [](){\
      |                              ^
../subprojects/Catch2-3.13.0/src/catch2/internal/catch_unique_name.hpp:15:85: note: expanded from macro 'INTERNAL_CATCH_UNIQUE_NAME'
   15 | #  define INTERNAL_CATCH_UNIQUE_NAME( name ) INTERNAL_CATCH_UNIQUE_NAME_LINE( name, __COUNTER__ )
      |                                                                                     ^
../test/test_small_vole.cpp:80:1: warning: '__COUNTER__' is a C2y extension [-Wc2y-extensions]
   80 | TEMPLATE_TEST_CASE("vole_permute_key_index", "[small vole]", ALL_FAEST_V1_INSTANCES)
      | ^
../subprojects/Catch2-3.13.0/src/catch2/catch_template_test_macros.hpp:76:39: note: expanded from macro 'TEMPLATE_TEST_CASE'
   76 |     #define TEMPLATE_TEST_CASE( ... ) INTERNAL_CATCH_TEMPLATE_TEST_CASE( __VA_ARGS__ )
      |                                       ^
../subprojects/Catch2-3.13.0/src/catch2/internal/catch_template_test_registry.hpp:104:108: note: expanded from macro 'INTERNAL_CATCH_TEMPLATE_TEST_CASE'
  104 |         INTERNAL_CATCH_TEMPLATE_TEST_CASE_2( INTERNAL_CATCH_UNIQUE_NAME( CATCH2_INTERNAL_TEMPLATE_TEST_ ), INTERNAL_CATCH_UNIQUE_NAME( CATCH2_INTERNAL_TEMPLATE_TEST_ ), Name, Tags, typename TestType, __VA_ARGS__ )
      |                                                                                                            ^
../subprojects/Catch2-3.13.0/src/catch2/internal/catch_unique_name.hpp:15:85: note: expanded from macro 'INTERNAL_CATCH_UNIQUE_NAME'
   15 | #  define INTERNAL_CATCH_UNIQUE_NAME( name ) INTERNAL_CATCH_UNIQUE_NAME_LINE( name, __COUNTER__ )
      |                                                                                     ^
../test/test_small_vole.cpp:80:1: warning: '__COUNTER__' is a C2y extension [-Wc2y-extensions]
../subprojects/Catch2-3.13.0/src/catch2/catch_template_test_macros.hpp:76:39: note: expanded from macro 'TEMPLATE_TEST_CASE'
   76 |     #define TEMPLATE_TEST_CASE( ... ) INTERNAL_CATCH_TEMPLATE_TEST_CASE( __VA_ARGS__ )
      |                                       ^
../subprojects/Catch2-3.13.0/src/catch2/internal/catch_template_test_registry.hpp:104:46: note: expanded from macro 'INTERNAL_CATCH_TEMPLATE_TEST_CASE'
  104 |         INTERNAL_CATCH_TEMPLATE_TEST_CASE_2( INTERNAL_CATCH_UNIQUE_NAME( CATCH2_INTERNAL_TEMPLATE_TEST_ ), INTERNAL_CATCH_UNIQUE_NAME( CATCH2_INTERNAL_TEMPLATE_TEST_ ), Name, Tags, typename TestType, __VA_ARGS__ )
      |                                              ^
../subprojects/Catch2-3.13.0/src/catch2/internal/catch_unique_name.hpp:15:85: note: expanded from macro 'INTERNAL_CATCH_UNIQUE_NAME'
   15 | #  define INTERNAL_CATCH_UNIQUE_NAME( name ) INTERNAL_CATCH_UNIQUE_NAME_LINE( name, __COUNTER__ )
      |                                                                                     ^
../test/test_small_vole.cpp:80:1: warning: '__COUNTER__' is a C2y extension [-Wc2y-extensions]
../subprojects/Catch2-3.13.0/src/catch2/catch_template_test_macros.hpp:76:39: note: expanded from macro 'TEMPLATE_TEST_CASE'
   76 |     #define TEMPLATE_TEST_CASE( ... ) INTERNAL_CATCH_TEMPLATE_TEST_CASE( __VA_ARGS__ )
      |                                       ^
../subprojects/Catch2-3.13.0/src/catch2/internal/catch_template_test_registry.hpp:104:9: note: expanded from macro 'INTERNAL_CATCH_TEMPLATE_TEST_CASE'
  104 |         INTERNAL_CATCH_TEMPLATE_TEST_CASE_2( INTERNAL_CATCH_UNIQUE_NAME( CATCH2_INTERNAL_TEMPLATE_TEST_ ), INTERNAL_CATCH_UNIQUE_NAME( CATCH2_INTERNAL_TEMPLATE_TEST_ ), Name, Tags, typename TestType, __VA_ARGS__ )
      |         ^
../subprojects/Catch2-3.13.0/src/catch2/internal/catch_template_test_registry.hpp:93:30: note: expanded from macro 'INTERNAL_CATCH_TEMPLATE_TEST_CASE_2'
   93 |             static const int INTERNAL_CATCH_UNIQUE_NAME( globalRegistrar ) = [](){\
      |                              ^
../subprojects/Catch2-3.13.0/src/catch2/internal/catch_unique_name.hpp:15:85: note: expanded from macro 'INTERNAL_CATCH_UNIQUE_NAME'
   15 | #  define INTERNAL_CATCH_UNIQUE_NAME( name ) INTERNAL_CATCH_UNIQUE_NAME_LINE( name, __COUNTER__ )
      |                                                                                     ^
../test/test_small_vole.cpp:94:1: warning: '__COUNTER__' is a C2y extension [-Wc2y-extensions]
   94 | TEMPLATE_TEST_CASE("vole_permute_inv_increment", "[small vole]", ALL_FAEST_V1_INSTANCES)
      | ^
../subprojects/Catch2-3.13.0/src/catch2/catch_template_test_macros.hpp:76:39: note: expanded from macro 'TEMPLATE_TEST_CASE'
   76 |     #define TEMPLATE_TEST_CASE( ... ) INTERNAL_CATCH_TEMPLATE_TEST_CASE( __VA_ARGS__ )
      |                                       ^
../subprojects/Catch2-3.13.0/src/catch2/internal/catch_template_test_registry.hpp:104:108: note: expanded from macro 'INTERNAL_CATCH_TEMPLATE_TEST_CASE'
  104 |         INTERNAL_CATCH_TEMPLATE_TEST_CASE_2( INTERNAL_CATCH_UNIQUE_NAME( CATCH2_INTERNAL_TEMPLATE_TEST_ ), INTERNAL_CATCH_UNIQUE_NAME( CATCH2_INTERNAL_TEMPLATE_TEST_ ), Name, Tags, typename TestType, __VA_ARGS__ )
      |                                                                                                            ^
../subprojects/Catch2-3.13.0/src/catch2/internal/catch_unique_name.hpp:15:85: note: expanded from macro 'INTERNAL_CATCH_UNIQUE_NAME'
   15 | #  define INTERNAL_CATCH_UNIQUE_NAME( name ) INTERNAL_CATCH_UNIQUE_NAME_LINE( name, __COUNTER__ )
      |                                                                                     ^
../test/test_small_vole.cpp:94:1: warning: '__COUNTER__' is a C2y extension [-Wc2y-extensions]
../subprojects/Catch2-3.13.0/src/catch2/catch_template_test_macros.hpp:76:39: note: expanded from macro 'TEMPLATE_TEST_CASE'
   76 |     #define TEMPLATE_TEST_CASE( ... ) INTERNAL_CATCH_TEMPLATE_TEST_CASE( __VA_ARGS__ )
      |                                       ^
../subprojects/Catch2-3.13.0/src/catch2/internal/catch_template_test_registry.hpp:104:46: note: expanded from macro 'INTERNAL_CATCH_TEMPLATE_TEST_CASE'
  104 |         INTERNAL_CATCH_TEMPLATE_TEST_CASE_2( INTERNAL_CATCH_UNIQUE_NAME( CATCH2_INTERNAL_TEMPLATE_TEST_ ), INTERNAL_CATCH_UNIQUE_NAME( CATCH2_INTERNAL_TEMPLATE_TEST_ ), Name, Tags, typename TestType, __VA_ARGS__ )
      |                                              ^
../subprojects/Catch2-3.13.0/src/catch2/internal/catch_unique_name.hpp:15:85: note: expanded from macro 'INTERNAL_CATCH_UNIQUE_NAME'
   15 | #  define INTERNAL_CATCH_UNIQUE_NAME( name ) INTERNAL_CATCH_UNIQUE_NAME_LINE( name, __COUNTER__ )
      |                                                                                     ^
../test/test_small_vole.cpp:94:1: warning: '__COUNTER__' is a C2y extension [-Wc2y-extensions]
../subprojects/Catch2-3.13.0/src/catch2/catch_template_test_macros.hpp:76:39: note: expanded from macro 'TEMPLATE_TEST_CASE'
   76 |     #define TEMPLATE_TEST_CASE( ... ) INTERNAL_CATCH_TEMPLATE_TEST_CASE( __VA_ARGS__ )
      |                                       ^
../subprojects/Catch2-3.13.0/src/catch2/internal/catch_template_test_registry.hpp:104:9: note: expanded from macro 'INTERNAL_CATCH_TEMPLATE_TEST_CASE'
  104 |         INTERNAL_CATCH_TEMPLATE_TEST_CASE_2( INTERNAL_CATCH_UNIQUE_NAME( CATCH2_INTERNAL_TEMPLATE_TEST_ ), INTERNAL_CATCH_UNIQUE_NAME( CATCH2_INTERNAL_TEMPLATE_TEST_ ), Name, Tags, typename TestType, __VA_ARGS__ )
      |         ^
../subprojects/Catch2-3.13.0/src/catch2/internal/catch_template_test_registry.hpp:93:30: note: expanded from macro 'INTERNAL_CATCH_TEMPLATE_TEST_CASE_2'
   93 |             static const int INTERNAL_CATCH_UNIQUE_NAME( globalRegistrar ) = [](){\
      |                              ^
../subprojects/Catch2-3.13.0/src/catch2/internal/catch_unique_name.hpp:15:85: note: expanded from macro 'INTERNAL_CATCH_UNIQUE_NAME'
   15 | #  define INTERNAL_CATCH_UNIQUE_NAME( name ) INTERNAL_CATCH_UNIQUE_NAME_LINE( name, __COUNTER__ )
      |                                                                                     ^
9 warnings generated.
[7/19] /usr/local/opt/llvm/bin/clang++ -Itest/tests.p -Itest -I../test -Isubprojects/Catch2-3.13.0/src -I../subprojects/Catch2-3.13.0/src -I. -I.. -Isubprojects/xkcp -I../subprojects/xkcp -I../subprojects/xkcp/lib/common -I../subprojects/xkcp/lib/high/Keccak -I../subprojects/xkcp/lib/high/Keccak/FIPS202 -I../subprojects/xkcp/lib/low/common -I../subprojects/xkcp/lib/low/KeccakP-1600/common -I../subprojects/xkcp/lib/low/KeccakP-1600/plain-64bits -I../subprojects/xkcp/lib/low/KeccakP-1600/plain-64bits/SnP -I../subprojects/xkcp/lib/low/KeccakP-1600-times4/fallback-on1 -flto -fdiagnostics-color=always -D_LIBCPP_HARDENING_MODE=_LIBCPP_HARDENING_MODE_FAST -Wall -Winvalid-pch -Wextra -Wpedantic -std=c++23 -O3 -march=native -mtune=native -g -Wno-psabi -MD -MQ test/tests.p/test_transpose.cpp.o -MF test/tests.p/test_transpose.cpp.o.d -o test/tests.p/test_transpose.cpp.o -c ../test/test_transpose.cpp
../test/test_transpose.cpp:61:1: warning: '__COUNTER__' is a C2y extension [-Wc2y-extensions]
   61 | TEST_CASE("transpose 4x4 32", "[transpose]")
      | ^
../subprojects/Catch2-3.13.0/src/catch2/catch_test_macros.hpp:151:28: note: expanded from macro 'TEST_CASE'
  151 |   #define TEST_CASE( ... ) INTERNAL_CATCH_TESTCASE( __VA_ARGS__ )
      |                            ^
../subprojects/Catch2-3.13.0/src/catch2/internal/catch_test_registry.hpp:118:35: note: expanded from macro 'INTERNAL_CATCH_TESTCASE'
  118 |         INTERNAL_CATCH_TESTCASE2( INTERNAL_CATCH_UNIQUE_NAME( CATCH2_INTERNAL_TEST_ ), __VA_ARGS__ )
      |                                   ^
../subprojects/Catch2-3.13.0/src/catch2/internal/catch_unique_name.hpp:15:85: note: expanded from macro 'INTERNAL_CATCH_UNIQUE_NAME'
   15 | #  define INTERNAL_CATCH_UNIQUE_NAME( name ) INTERNAL_CATCH_UNIQUE_NAME_LINE( name, __COUNTER__ )
      |                                                                                     ^
../test/test_transpose.cpp:61:1: warning: '__COUNTER__' is a C2y extension [-Wc2y-extensions]
../subprojects/Catch2-3.13.0/src/catch2/catch_test_macros.hpp:151:28: note: expanded from macro 'TEST_CASE'
  151 |   #define TEST_CASE( ... ) INTERNAL_CATCH_TESTCASE( __VA_ARGS__ )
      |                            ^
../subprojects/Catch2-3.13.0/src/catch2/internal/catch_test_registry.hpp:118:9: note: expanded from macro 'INTERNAL_CATCH_TESTCASE'
  118 |         INTERNAL_CATCH_TESTCASE2( INTERNAL_CATCH_UNIQUE_NAME( CATCH2_INTERNAL_TEST_ ), __VA_ARGS__ )
      |         ^
../subprojects/Catch2-3.13.0/src/catch2/internal/catch_test_registry.hpp:114:41: note: expanded from macro 'INTERNAL_CATCH_TESTCASE2'
  114 |         namespace{ const Catch::AutoReg INTERNAL_CATCH_UNIQUE_NAME( autoRegistrar )( Catch::makeTestInvoker( &TestName ), CATCH_INTERNAL_LINEINFO, Catch::StringRef(), Catch::NameAndTags{ __VA_ARGS__ } ); } /* NOLINT */ \
      |                                         ^
../subprojects/Catch2-3.13.0/src/catch2/internal/catch_unique_name.hpp:15:85: note: expanded from macro 'INTERNAL_CATCH_UNIQUE_NAME'
   15 | #  define INTERNAL_CATCH_UNIQUE_NAME( name ) INTERNAL_CATCH_UNIQUE_NAME_LINE( name, __COUNTER__ )
      |                                                                                     ^
../test/test_transpose.cpp:72:1: warning: '__COUNTER__' is a C2y extension [-Wc2y-extensions]
   72 | TEST_CASE("transpose 4x2 32", "[transpose]")
      | ^
../subprojects/Catch2-3.13.0/src/catch2/catch_test_macros.hpp:151:28: note: expanded from macro 'TEST_CASE'
  151 |   #define TEST_CASE( ... ) INTERNAL_CATCH_TESTCASE( __VA_ARGS__ )
      |                            ^
../subprojects/Catch2-3.13.0/src/catch2/internal/catch_test_registry.hpp:118:35: note: expanded from macro 'INTERNAL_CATCH_TESTCASE'
  118 |         INTERNAL_CATCH_TESTCASE2( INTERNAL_CATCH_UNIQUE_NAME( CATCH2_INTERNAL_TEST_ ), __VA_ARGS__ )
      |                                   ^
../subprojects/Catch2-3.13.0/src/catch2/internal/catch_unique_name.hpp:15:85: note: expanded from macro 'INTERNAL_CATCH_UNIQUE_NAME'
   15 | #  define INTERNAL_CATCH_UNIQUE_NAME( name ) INTERNAL_CATCH_UNIQUE_NAME_LINE( name, __COUNTER__ )
      |                                                                                     ^
../test/test_transpose.cpp:72:1: warning: '__COUNTER__' is a C2y extension [-Wc2y-extensions]
../subprojects/Catch2-3.13.0/src/catch2/catch_test_macros.hpp:151:28: note: expanded from macro 'TEST_CASE'
  151 |   #define TEST_CASE( ... ) INTERNAL_CATCH_TESTCASE( __VA_ARGS__ )
      |                            ^
../subprojects/Catch2-3.13.0/src/catch2/internal/catch_test_registry.hpp:118:9: note: expanded from macro 'INTERNAL_CATCH_TESTCASE'
  118 |         INTERNAL_CATCH_TESTCASE2( INTERNAL_CATCH_UNIQUE_NAME( CATCH2_INTERNAL_TEST_ ), __VA_ARGS__ )
      |         ^
../subprojects/Catch2-3.13.0/src/catch2/internal/catch_test_registry.hpp:114:41: note: expanded from macro 'INTERNAL_CATCH_TESTCASE2'
  114 |         namespace{ const Catch::AutoReg INTERNAL_CATCH_UNIQUE_NAME( autoRegistrar )( Catch::makeTestInvoker( &TestName ), CATCH_INTERNAL_LINEINFO, Catch::StringRef(), Catch::NameAndTags{ __VA_ARGS__ } ); } /* NOLINT */ \
      |                                         ^
../subprojects/Catch2-3.13.0/src/catch2/internal/catch_unique_name.hpp:15:85: note: expanded from macro 'INTERNAL_CATCH_UNIQUE_NAME'
   15 | #  define INTERNAL_CATCH_UNIQUE_NAME( name ) INTERNAL_CATCH_UNIQUE_NAME_LINE( name, __COUNTER__ )
      |                                                                                     ^
../test/test_transpose.cpp:83:1: warning: '__COUNTER__' is a C2y extension [-Wc2y-extensions]
   83 | TEST_CASE("transpose 2x2 64", "[transpose]")
      | ^
../subprojects/Catch2-3.13.0/src/catch2/catch_test_macros.hpp:151:28: note: expanded from macro 'TEST_CASE'
  151 |   #define TEST_CASE( ... ) INTERNAL_CATCH_TESTCASE( __VA_ARGS__ )
      |                            ^
../subprojects/Catch2-3.13.0/src/catch2/internal/catch_test_registry.hpp:118:35: note: expanded from macro 'INTERNAL_CATCH_TESTCASE'
  118 |         INTERNAL_CATCH_TESTCASE2( INTERNAL_CATCH_UNIQUE_NAME( CATCH2_INTERNAL_TEST_ ), __VA_ARGS__ )
      |                                   ^
../subprojects/Catch2-3.13.0/src/catch2/internal/catch_unique_name.hpp:15:85: note: expanded from macro 'INTERNAL_CATCH_UNIQUE_NAME'
   15 | #  define INTERNAL_CATCH_UNIQUE_NAME( name ) INTERNAL_CATCH_UNIQUE_NAME_LINE( name, __COUNTER__ )
      |                                                                                     ^
../test/test_transpose.cpp:83:1: warning: '__COUNTER__' is a C2y extension [-Wc2y-extensions]
../subprojects/Catch2-3.13.0/src/catch2/catch_test_macros.hpp:151:28: note: expanded from macro 'TEST_CASE'
  151 |   #define TEST_CASE( ... ) INTERNAL_CATCH_TESTCASE( __VA_ARGS__ )
      |                            ^
../subprojects/Catch2-3.13.0/src/catch2/internal/catch_test_registry.hpp:118:9: note: expanded from macro 'INTERNAL_CATCH_TESTCASE'
  118 |         INTERNAL_CATCH_TESTCASE2( INTERNAL_CATCH_UNIQUE_NAME( CATCH2_INTERNAL_TEST_ ), __VA_ARGS__ )
      |         ^
../subprojects/Catch2-3.13.0/src/catch2/internal/catch_test_registry.hpp:114:41: note: expanded from macro 'INTERNAL_CATCH_TESTCASE2'
  114 |         namespace{ const Catch::AutoReg INTERNAL_CATCH_UNIQUE_NAME( autoRegistrar )( Catch::makeTestInvoker( &TestName ), CATCH_INTERNAL_LINEINFO, Catch::StringRef(), Catch::NameAndTags{ __VA_ARGS__ } ); } /* NOLINT */ \
      |                                         ^
../subprojects/Catch2-3.13.0/src/catch2/internal/catch_unique_name.hpp:15:85: note: expanded from macro 'INTERNAL_CATCH_UNIQUE_NAME'
   15 | #  define INTERNAL_CATCH_UNIQUE_NAME( name ) INTERNAL_CATCH_UNIQUE_NAME_LINE( name, __COUNTER__ )
      |                                                                                     ^
../test/test_transpose.cpp:93:1: warning: '__COUNTER__' is a C2y extension [-Wc2y-extensions]
   93 | TEST_CASE("transpose 2x2 128", "[transpose]")
      | ^
../subprojects/Catch2-3.13.0/src/catch2/catch_test_macros.hpp:151:28: note: expanded from macro 'TEST_CASE'
  151 |   #define TEST_CASE( ... ) INTERNAL_CATCH_TESTCASE( __VA_ARGS__ )
      |                            ^
../subprojects/Catch2-3.13.0/src/catch2/internal/catch_test_registry.hpp:118:35: note: expanded from macro 'INTERNAL_CATCH_TESTCASE'
  118 |         INTERNAL_CATCH_TESTCASE2( INTERNAL_CATCH_UNIQUE_NAME( CATCH2_INTERNAL_TEST_ ), __VA_ARGS__ )
      |                                   ^
../subprojects/Catch2-3.13.0/src/catch2/internal/catch_unique_name.hpp:15:85: note: expanded from macro 'INTERNAL_CATCH_UNIQUE_NAME'
   15 | #  define INTERNAL_CATCH_UNIQUE_NAME( name ) INTERNAL_CATCH_UNIQUE_NAME_LINE( name, __COUNTER__ )
      |                                                                                     ^
../test/test_transpose.cpp:93:1: warning: '__COUNTER__' is a C2y extension [-Wc2y-extensions]
../subprojects/Catch2-3.13.0/src/catch2/catch_test_macros.hpp:151:28: note: expanded from macro 'TEST_CASE'
  151 |   #define TEST_CASE( ... ) INTERNAL_CATCH_TESTCASE( __VA_ARGS__ )
      |                            ^
../subprojects/Catch2-3.13.0/src/catch2/internal/catch_test_registry.hpp:118:9: note: expanded from macro 'INTERNAL_CATCH_TESTCASE'
  118 |         INTERNAL_CATCH_TESTCASE2( INTERNAL_CATCH_UNIQUE_NAME( CATCH2_INTERNAL_TEST_ ), __VA_ARGS__ )
      |         ^
../subprojects/Catch2-3.13.0/src/catch2/internal/catch_test_registry.hpp:114:41: note: expanded from macro 'INTERNAL_CATCH_TESTCASE2'
  114 |         namespace{ const Catch::AutoReg INTERNAL_CATCH_UNIQUE_NAME( autoRegistrar )( Catch::makeTestInvoker( &TestName ), CATCH_INTERNAL_LINEINFO, Catch::StringRef(), Catch::NameAndTags{ __VA_ARGS__ } ); } /* NOLINT */ \
      |                                         ^
../subprojects/Catch2-3.13.0/src/catch2/internal/catch_unique_name.hpp:15:85: note: expanded from macro 'INTERNAL_CATCH_UNIQUE_NAME'
   15 | #  define INTERNAL_CATCH_UNIQUE_NAME( name ) INTERNAL_CATCH_UNIQUE_NAME_LINE( name, __COUNTER__ )
      |                                                                                     ^
../test/test_transpose.cpp:117:1: warning: '__COUNTER__' is a C2y extension [-Wc2y-extensions]
  117 | TEMPLATE_TEST_CASE("transpose 1536x", "[transpose]", secpar128_t, secpar192_t, secpar256_t)
      | ^
../subprojects/Catch2-3.13.0/src/catch2/catch_template_test_macros.hpp:76:39: note: expanded from macro 'TEMPLATE_TEST_CASE'
   76 |     #define TEMPLATE_TEST_CASE( ... ) INTERNAL_CATCH_TEMPLATE_TEST_CASE( __VA_ARGS__ )
      |                                       ^
../subprojects/Catch2-3.13.0/src/catch2/internal/catch_template_test_registry.hpp:104:108: note: expanded from macro 'INTERNAL_CATCH_TEMPLATE_TEST_CASE'
  104 |         INTERNAL_CATCH_TEMPLATE_TEST_CASE_2( INTERNAL_CATCH_UNIQUE_NAME( CATCH2_INTERNAL_TEMPLATE_TEST_ ), INTERNAL_CATCH_UNIQUE_NAME( CATCH2_INTERNAL_TEMPLATE_TEST_ ), Name, Tags, typename TestType, __VA_ARGS__ )
      |                                                                                                            ^
../subprojects/Catch2-3.13.0/src/catch2/internal/catch_unique_name.hpp:15:85: note: expanded from macro 'INTERNAL_CATCH_UNIQUE_NAME'
   15 | #  define INTERNAL_CATCH_UNIQUE_NAME( name ) INTERNAL_CATCH_UNIQUE_NAME_LINE( name, __COUNTER__ )
      |                                                                                     ^
../test/test_transpose.cpp:117:1: warning: '__COUNTER__' is a C2y extension [-Wc2y-extensions]
../subprojects/Catch2-3.13.0/src/catch2/catch_template_test_macros.hpp:76:39: note: expanded from macro 'TEMPLATE_TEST_CASE'
   76 |     #define TEMPLATE_TEST_CASE( ... ) INTERNAL_CATCH_TEMPLATE_TEST_CASE( __VA_ARGS__ )
      |                                       ^
../subprojects/Catch2-3.13.0/src/catch2/internal/catch_template_test_registry.hpp:104:46: note: expanded from macro 'INTERNAL_CATCH_TEMPLATE_TEST_CASE'
  104 |         INTERNAL_CATCH_TEMPLATE_TEST_CASE_2( INTERNAL_CATCH_UNIQUE_NAME( CATCH2_INTERNAL_TEMPLATE_TEST_ ), INTERNAL_CATCH_UNIQUE_NAME( CATCH2_INTERNAL_TEMPLATE_TEST_ ), Name, Tags, typename TestType, __VA_ARGS__ )
      |                                              ^
../subprojects/Catch2-3.13.0/src/catch2/internal/catch_unique_name.hpp:15:85: note: expanded from macro 'INTERNAL_CATCH_UNIQUE_NAME'
   15 | #  define INTERNAL_CATCH_UNIQUE_NAME( name ) INTERNAL_CATCH_UNIQUE_NAME_LINE( name, __COUNTER__ )
      |                                                                                     ^
../test/test_transpose.cpp:117:1: warning: '__COUNTER__' is a C2y extension [-Wc2y-extensions]
../subprojects/Catch2-3.13.0/src/catch2/catch_template_test_macros.hpp:76:39: note: expanded from macro 'TEMPLATE_TEST_CASE'
   76 |     #define TEMPLATE_TEST_CASE( ... ) INTERNAL_CATCH_TEMPLATE_TEST_CASE( __VA_ARGS__ )
      |                                       ^
../subprojects/Catch2-3.13.0/src/catch2/internal/catch_template_test_registry.hpp:104:9: note: expanded from macro 'INTERNAL_CATCH_TEMPLATE_TEST_CASE'
  104 |         INTERNAL_CATCH_TEMPLATE_TEST_CASE_2( INTERNAL_CATCH_UNIQUE_NAME( CATCH2_INTERNAL_TEMPLATE_TEST_ ), INTERNAL_CATCH_UNIQUE_NAME( CATCH2_INTERNAL_TEMPLATE_TEST_ ), Name, Tags, typename TestType, __VA_ARGS__ )
      |         ^
../subprojects/Catch2-3.13.0/src/catch2/internal/catch_template_test_registry.hpp:93:30: note: expanded from macro 'INTERNAL_CATCH_TEMPLATE_TEST_CASE_2'
   93 |             static const int INTERNAL_CATCH_UNIQUE_NAME( globalRegistrar ) = [](){\
      |                              ^
../subprojects/Catch2-3.13.0/src/catch2/internal/catch_unique_name.hpp:15:85: note: expanded from macro 'INTERNAL_CATCH_UNIQUE_NAME'
   15 | #  define INTERNAL_CATCH_UNIQUE_NAME( name ) INTERNAL_CATCH_UNIQUE_NAME_LINE( name, __COUNTER__ )
      |                                                                                     ^
11 warnings generated.
[8/19] /usr/local/opt/llvm/bin/clang++ -Itest/tests.p -Itest -I../test -Isubprojects/Catch2-3.13.0/src -I../subprojects/Catch2-3.13.0/src -I. -I.. -Isubprojects/xkcp -I../subprojects/xkcp -I../subprojects/xkcp/lib/common -I../subprojects/xkcp/lib/high/Keccak -I../subprojects/xkcp/lib/high/Keccak/FIPS202 -I../subprojects/xkcp/lib/low/common -I../subprojects/xkcp/lib/low/KeccakP-1600/common -I../subprojects/xkcp/lib/low/KeccakP-1600/plain-64bits -I../subprojects/xkcp/lib/low/KeccakP-1600/plain-64bits/SnP -I../subprojects/xkcp/lib/low/KeccakP-1600-times4/fallback-on1 -flto -fdiagnostics-color=always -D_LIBCPP_HARDENING_MODE=_LIBCPP_HARDENING_MODE_FAST -Wall -Winvalid-pch -Wextra -Wpedantic -std=c++23 -O3 -march=native -mtune=native -g -Wno-psabi -MD -MQ test/tests.p/test_owf_proof_tools.cpp.o -MF test/tests.p/test_owf_proof_tools.cpp.o.d -o test/tests.p/test_owf_proof_tools.cpp.o -c ../test/test_owf_proof_tools.cpp
../test/test_owf_proof_tools.cpp:13:1: warning: '__COUNTER__' is a C2y extension [-Wc2y-extensions]
   13 | TEMPLATE_TEST_CASE("gf256_square", "[quicksilver]", secpar128_t, secpar192_t, secpar256_t)
      | ^
../subprojects/Catch2-3.13.0/src/catch2/catch_template_test_macros.hpp:76:39: note: expanded from macro 'TEMPLATE_TEST_CASE'
   76 |     #define TEMPLATE_TEST_CASE( ... ) INTERNAL_CATCH_TEMPLATE_TEST_CASE( __VA_ARGS__ )
      |                                       ^
../subprojects/Catch2-3.13.0/src/catch2/internal/catch_template_test_registry.hpp:104:108: note: expanded from macro 'INTERNAL_CATCH_TEMPLATE_TEST_CASE'
  104 |         INTERNAL_CATCH_TEMPLATE_TEST_CASE_2( INTERNAL_CATCH_UNIQUE_NAME( CATCH2_INTERNAL_TEMPLATE_TEST_ ), INTERNAL_CATCH_UNIQUE_NAME( CATCH2_INTERNAL_TEMPLATE_TEST_ ), Name, Tags, typename TestType, __VA_ARGS__ )
      |                                                                                                            ^
../subprojects/Catch2-3.13.0/src/catch2/internal/catch_unique_name.hpp:15:85: note: expanded from macro 'INTERNAL_CATCH_UNIQUE_NAME'
   15 | #  define INTERNAL_CATCH_UNIQUE_NAME( name ) INTERNAL_CATCH_UNIQUE_NAME_LINE( name, __COUNTER__ )
      |                                                                                     ^
../test/test_owf_proof_tools.cpp:13:1: warning: '__COUNTER__' is a C2y extension [-Wc2y-extensions]
../subprojects/Catch2-3.13.0/src/catch2/catch_template_test_macros.hpp:76:39: note: expanded from macro 'TEMPLATE_TEST_CASE'
   76 |     #define TEMPLATE_TEST_CASE( ... ) INTERNAL_CATCH_TEMPLATE_TEST_CASE( __VA_ARGS__ )
      |                                       ^
../subprojects/Catch2-3.13.0/src/catch2/internal/catch_template_test_registry.hpp:104:46: note: expanded from macro 'INTERNAL_CATCH_TEMPLATE_TEST_CASE'
  104 |         INTERNAL_CATCH_TEMPLATE_TEST_CASE_2( INTERNAL_CATCH_UNIQUE_NAME( CATCH2_INTERNAL_TEMPLATE_TEST_ ), INTERNAL_CATCH_UNIQUE_NAME( CATCH2_INTERNAL_TEMPLATE_TEST_ ), Name, Tags, typename TestType, __VA_ARGS__ )
      |                                              ^
../subprojects/Catch2-3.13.0/src/catch2/internal/catch_unique_name.hpp:15:85: note: expanded from macro 'INTERNAL_CATCH_UNIQUE_NAME'
   15 | #  define INTERNAL_CATCH_UNIQUE_NAME( name ) INTERNAL_CATCH_UNIQUE_NAME_LINE( name, __COUNTER__ )
      |                                                                                     ^
../test/test_owf_proof_tools.cpp:13:1: warning: '__COUNTER__' is a C2y extension [-Wc2y-extensions]
../subprojects/Catch2-3.13.0/src/catch2/catch_template_test_macros.hpp:76:39: note: expanded from macro 'TEMPLATE_TEST_CASE'
   76 |     #define TEMPLATE_TEST_CASE( ... ) INTERNAL_CATCH_TEMPLATE_TEST_CASE( __VA_ARGS__ )
      |                                       ^
../subprojects/Catch2-3.13.0/src/catch2/internal/catch_template_test_registry.hpp:104:9: note: expanded from macro 'INTERNAL_CATCH_TEMPLATE_TEST_CASE'
  104 |         INTERNAL_CATCH_TEMPLATE_TEST_CASE_2( INTERNAL_CATCH_UNIQUE_NAME( CATCH2_INTERNAL_TEMPLATE_TEST_ ), INTERNAL_CATCH_UNIQUE_NAME( CATCH2_INTERNAL_TEMPLATE_TEST_ ), Name, Tags, typename TestType, __VA_ARGS__ )
      |         ^
../subprojects/Catch2-3.13.0/src/catch2/internal/catch_template_test_registry.hpp:93:30: note: expanded from macro 'INTERNAL_CATCH_TEMPLATE_TEST_CASE_2'
   93 |             static const int INTERNAL_CATCH_UNIQUE_NAME( globalRegistrar ) = [](){\
      |                              ^
../subprojects/Catch2-3.13.0/src/catch2/internal/catch_unique_name.hpp:15:85: note: expanded from macro 'INTERNAL_CATCH_UNIQUE_NAME'
   15 | #  define INTERNAL_CATCH_UNIQUE_NAME( name ) INTERNAL_CATCH_UNIQUE_NAME_LINE( name, __COUNTER__ )
      |                                                                                     ^
../test/test_owf_proof_tools.cpp:56:1: warning: '__COUNTER__' is a C2y extension [-Wc2y-extensions]
   56 | TEMPLATE_TEST_CASE("gf256_decompress_gf16_subfield", "[quicksilver]", secpar128_t, secpar192_t,
      | ^
../subprojects/Catch2-3.13.0/src/catch2/catch_template_test_macros.hpp:76:39: note: expanded from macro 'TEMPLATE_TEST_CASE'
   76 |     #define TEMPLATE_TEST_CASE( ... ) INTERNAL_CATCH_TEMPLATE_TEST_CASE( __VA_ARGS__ )
      |                                       ^
../subprojects/Catch2-3.13.0/src/catch2/internal/catch_template_test_registry.hpp:104:108: note: expanded from macro 'INTERNAL_CATCH_TEMPLATE_TEST_CASE'
  104 |         INTERNAL_CATCH_TEMPLATE_TEST_CASE_2( INTERNAL_CATCH_UNIQUE_NAME( CATCH2_INTERNAL_TEMPLATE_TEST_ ), INTERNAL_CATCH_UNIQUE_NAME( CATCH2_INTERNAL_TEMPLATE_TEST_ ), Name, Tags, typename TestType, __VA_ARGS__ )
      |                                                                                                            ^
../subprojects/Catch2-3.13.0/src/catch2/internal/catch_unique_name.hpp:15:85: note: expanded from macro 'INTERNAL_CATCH_UNIQUE_NAME'
   15 | #  define INTERNAL_CATCH_UNIQUE_NAME( name ) INTERNAL_CATCH_UNIQUE_NAME_LINE( name, __COUNTER__ )
      |                                                                                     ^
../test/test_owf_proof_tools.cpp:56:1: warning: '__COUNTER__' is a C2y extension [-Wc2y-extensions]
../subprojects/Catch2-3.13.0/src/catch2/catch_template_test_macros.hpp:76:39: note: expanded from macro 'TEMPLATE_TEST_CASE'
   76 |     #define TEMPLATE_TEST_CASE( ... ) INTERNAL_CATCH_TEMPLATE_TEST_CASE( __VA_ARGS__ )
      |                                       ^
../subprojects/Catch2-3.13.0/src/catch2/internal/catch_template_test_registry.hpp:104:46: note: expanded from macro 'INTERNAL_CATCH_TEMPLATE_TEST_CASE'
  104 |         INTERNAL_CATCH_TEMPLATE_TEST_CASE_2( INTERNAL_CATCH_UNIQUE_NAME( CATCH2_INTERNAL_TEMPLATE_TEST_ ), INTERNAL_CATCH_UNIQUE_NAME( CATCH2_INTERNAL_TEMPLATE_TEST_ ), Name, Tags, typename TestType, __VA_ARGS__ )
      |                                              ^
../subprojects/Catch2-3.13.0/src/catch2/internal/catch_unique_name.hpp:15:85: note: expanded from macro 'INTERNAL_CATCH_UNIQUE_NAME'
   15 | #  define INTERNAL_CATCH_UNIQUE_NAME( name ) INTERNAL_CATCH_UNIQUE_NAME_LINE( name, __COUNTER__ )
      |                                                                                     ^
../test/test_owf_proof_tools.cpp:56:1: warning: '__COUNTER__' is a C2y extension [-Wc2y-extensions]
../subprojects/Catch2-3.13.0/src/catch2/catch_template_test_macros.hpp:76:39: note: expanded from macro 'TEMPLATE_TEST_CASE'
   76 |     #define TEMPLATE_TEST_CASE( ... ) INTERNAL_CATCH_TEMPLATE_TEST_CASE( __VA_ARGS__ )
      |                                       ^
../subprojects/Catch2-3.13.0/src/catch2/internal/catch_template_test_registry.hpp:104:9: note: expanded from macro 'INTERNAL_CATCH_TEMPLATE_TEST_CASE'
  104 |         INTERNAL_CATCH_TEMPLATE_TEST_CASE_2( INTERNAL_CATCH_UNIQUE_NAME( CATCH2_INTERNAL_TEMPLATE_TEST_ ), INTERNAL_CATCH_UNIQUE_NAME( CATCH2_INTERNAL_TEMPLATE_TEST_ ), Name, Tags, typename TestType, __VA_ARGS__ )
      |         ^
../subprojects/Catch2-3.13.0/src/catch2/internal/catch_template_test_registry.hpp:93:30: note: expanded from macro 'INTERNAL_CATCH_TEMPLATE_TEST_CASE_2'
   93 |             static const int INTERNAL_CATCH_UNIQUE_NAME( globalRegistrar ) = [](){\
      |                              ^
../subprojects/Catch2-3.13.0/src/catch2/internal/catch_unique_name.hpp:15:85: note: expanded from macro 'INTERNAL_CATCH_UNIQUE_NAME'
   15 | #  define INTERNAL_CATCH_UNIQUE_NAME( name ) INTERNAL_CATCH_UNIQUE_NAME_LINE( name, __COUNTER__ )
      |                                                                                     ^
../test/test_owf_proof_tools.cpp:93:1: warning: '__COUNTER__' is a C2y extension [-Wc2y-extensions]
   93 | TEMPLATE_TEST_CASE("gf256_g2_conjugates", "[quicksilver]", secpar128_t, secpar192_t, secpar256_t)
      | ^
../subprojects/Catch2-3.13.0/src/catch2/catch_template_test_macros.hpp:76:39: note: expanded from macro 'TEMPLATE_TEST_CASE'
   76 |     #define TEMPLATE_TEST_CASE( ... ) INTERNAL_CATCH_TEMPLATE_TEST_CASE( __VA_ARGS__ )
      |                                       ^
../subprojects/Catch2-3.13.0/src/catch2/internal/catch_template_test_registry.hpp:104:108: note: expanded from macro 'INTERNAL_CATCH_TEMPLATE_TEST_CASE'
  104 |         INTERNAL_CATCH_TEMPLATE_TEST_CASE_2( INTERNAL_CATCH_UNIQUE_NAME( CATCH2_INTERNAL_TEMPLATE_TEST_ ), INTERNAL_CATCH_UNIQUE_NAME( CATCH2_INTERNAL_TEMPLATE_TEST_ ), Name, Tags, typename TestType, __VA_ARGS__ )
      |                                                                                                            ^
../subprojects/Catch2-3.13.0/src/catch2/internal/catch_unique_name.hpp:15:85: note: expanded from macro 'INTERNAL_CATCH_UNIQUE_NAME'
   15 | #  define INTERNAL_CATCH_UNIQUE_NAME( name ) INTERNAL_CATCH_UNIQUE_NAME_LINE( name, __COUNTER__ )
      |                                                                                     ^
../test/test_owf_proof_tools.cpp:93:1: warning: '__COUNTER__' is a C2y extension [-Wc2y-extensions]
../subprojects/Catch2-3.13.0/src/catch2/catch_template_test_macros.hpp:76:39: note: expanded from macro 'TEMPLATE_TEST_CASE'
   76 |     #define TEMPLATE_TEST_CASE( ... ) INTERNAL_CATCH_TEMPLATE_TEST_CASE( __VA_ARGS__ )
      |                                       ^
../subprojects/Catch2-3.13.0/src/catch2/internal/catch_template_test_registry.hpp:104:46: note: expanded from macro 'INTERNAL_CATCH_TEMPLATE_TEST_CASE'
  104 |         INTERNAL_CATCH_TEMPLATE_TEST_CASE_2( INTERNAL_CATCH_UNIQUE_NAME( CATCH2_INTERNAL_TEMPLATE_TEST_ ), INTERNAL_CATCH_UNIQUE_NAME( CATCH2_INTERNAL_TEMPLATE_TEST_ ), Name, Tags, typename TestType, __VA_ARGS__ )
      |                                              ^
../subprojects/Catch2-3.13.0/src/catch2/internal/catch_unique_name.hpp:15:85: note: expanded from macro 'INTERNAL_CATCH_UNIQUE_NAME'
   15 | #  define INTERNAL_CATCH_UNIQUE_NAME( name ) INTERNAL_CATCH_UNIQUE_NAME_LINE( name, __COUNTER__ )
      |                                                                                     ^
../test/test_owf_proof_tools.cpp:93:1: warning: '__COUNTER__' is a C2y extension [-Wc2y-extensions]
../subprojects/Catch2-3.13.0/src/catch2/catch_template_test_macros.hpp:76:39: note: expanded from macro 'TEMPLATE_TEST_CASE'
   76 |     #define TEMPLATE_TEST_CASE( ... ) INTERNAL_CATCH_TEMPLATE_TEST_CASE( __VA_ARGS__ )
      |                                       ^
../subprojects/Catch2-3.13.0/src/catch2/internal/catch_template_test_registry.hpp:104:9: note: expanded from macro 'INTERNAL_CATCH_TEMPLATE_TEST_CASE'
  104 |         INTERNAL_CATCH_TEMPLATE_TEST_CASE_2( INTERNAL_CATCH_UNIQUE_NAME( CATCH2_INTERNAL_TEMPLATE_TEST_ ), INTERNAL_CATCH_UNIQUE_NAME( CATCH2_INTERNAL_TEMPLATE_TEST_ ), Name, Tags, typename TestType, __VA_ARGS__ )
      |         ^
../subprojects/Catch2-3.13.0/src/catch2/internal/catch_template_test_registry.hpp:93:30: note: expanded from macro 'INTERNAL_CATCH_TEMPLATE_TEST_CASE_2'
   93 |             static const int INTERNAL_CATCH_UNIQUE_NAME( globalRegistrar ) = [](){\
      |                              ^
../subprojects/Catch2-3.13.0/src/catch2/internal/catch_unique_name.hpp:15:85: note: expanded from macro 'INTERNAL_CATCH_UNIQUE_NAME'
   15 | #  define INTERNAL_CATCH_UNIQUE_NAME( name ) INTERNAL_CATCH_UNIQUE_NAME_LINE( name, __COUNTER__ )
      |                                                                                     ^
../test/test_owf_proof_tools.cpp:137:1: warning: '__COUNTER__' is a C2y extension [-Wc2y-extensions]
  137 | TEMPLATE_TEST_CASE("aes_mix_columns_and_add_roundkey_inplace", "[quicksilver]", secpar128_t,
      | ^
../subprojects/Catch2-3.13.0/src/catch2/catch_template_test_macros.hpp:76:39: note: expanded from macro 'TEMPLATE_TEST_CASE'
   76 |     #define TEMPLATE_TEST_CASE( ... ) INTERNAL_CATCH_TEMPLATE_TEST_CASE( __VA_ARGS__ )
      |                                       ^
../subprojects/Catch2-3.13.0/src/catch2/internal/catch_template_test_registry.hpp:104:108: note: expanded from macro 'INTERNAL_CATCH_TEMPLATE_TEST_CASE'
  104 |         INTERNAL_CATCH_TEMPLATE_TEST_CASE_2( INTERNAL_CATCH_UNIQUE_NAME( CATCH2_INTERNAL_TEMPLATE_TEST_ ), INTERNAL_CATCH_UNIQUE_NAME( CATCH2_INTERNAL_TEMPLATE_TEST_ ), Name, Tags, typename TestType, __VA_ARGS__ )
      |                                                                                                            ^
../subprojects/Catch2-3.13.0/src/catch2/internal/catch_unique_name.hpp:15:85: note: expanded from macro 'INTERNAL_CATCH_UNIQUE_NAME'
   15 | #  define INTERNAL_CATCH_UNIQUE_NAME( name ) INTERNAL_CATCH_UNIQUE_NAME_LINE( name, __COUNTER__ )
      |                                                                                     ^
../test/test_owf_proof_tools.cpp:137:1: warning: '__COUNTER__' is a C2y extension [-Wc2y-extensions]
../subprojects/Catch2-3.13.0/src/catch2/catch_template_test_macros.hpp:76:39: note: expanded from macro 'TEMPLATE_TEST_CASE'
   76 |     #define TEMPLATE_TEST_CASE( ... ) INTERNAL_CATCH_TEMPLATE_TEST_CASE( __VA_ARGS__ )
      |                                       ^
../subprojects/Catch2-3.13.0/src/catch2/internal/catch_template_test_registry.hpp:104:46: note: expanded from macro 'INTERNAL_CATCH_TEMPLATE_TEST_CASE'
  104 |         INTERNAL_CATCH_TEMPLATE_TEST_CASE_2( INTERNAL_CATCH_UNIQUE_NAME( CATCH2_INTERNAL_TEMPLATE_TEST_ ), INTERNAL_CATCH_UNIQUE_NAME( CATCH2_INTERNAL_TEMPLATE_TEST_ ), Name, Tags, typename TestType, __VA_ARGS__ )
      |                                              ^
../subprojects/Catch2-3.13.0/src/catch2/internal/catch_unique_name.hpp:15:85: note: expanded from macro 'INTERNAL_CATCH_UNIQUE_NAME'
   15 | #  define INTERNAL_CATCH_UNIQUE_NAME( name ) INTERNAL_CATCH_UNIQUE_NAME_LINE( name, __COUNTER__ )
      |                                                                                     ^
../test/test_owf_proof_tools.cpp:137:1: warning: '__COUNTER__' is a C2y extension [-Wc2y-extensions]
../subprojects/Catch2-3.13.0/src/catch2/catch_template_test_macros.hpp:76:39: note: expanded from macro 'TEMPLATE_TEST_CASE'
   76 |     #define TEMPLATE_TEST_CASE( ... ) INTERNAL_CATCH_TEMPLATE_TEST_CASE( __VA_ARGS__ )
      |                                       ^
../subprojects/Catch2-3.13.0/src/catch2/internal/catch_template_test_registry.hpp:104:9: note: expanded from macro 'INTERNAL_CATCH_TEMPLATE_TEST_CASE'
  104 |         INTERNAL_CATCH_TEMPLATE_TEST_CASE_2( INTERNAL_CATCH_UNIQUE_NAME( CATCH2_INTERNAL_TEMPLATE_TEST_ ), INTERNAL_CATCH_UNIQUE_NAME( CATCH2_INTERNAL_TEMPLATE_TEST_ ), Name, Tags, typename TestType, __VA_ARGS__ )
      |         ^
../subprojects/Catch2-3.13.0/src/catch2/internal/catch_template_test_registry.hpp:93:30: note: expanded from macro 'INTERNAL_CATCH_TEMPLATE_TEST_CASE_2'
   93 |             static const int INTERNAL_CATCH_UNIQUE_NAME( globalRegistrar ) = [](){\
      |                              ^
../subprojects/Catch2-3.13.0/src/catch2/internal/catch_unique_name.hpp:15:85: note: expanded from macro 'INTERNAL_CATCH_UNIQUE_NAME'
   15 | #  define INTERNAL_CATCH_UNIQUE_NAME( name ) INTERNAL_CATCH_UNIQUE_NAME_LINE( name, __COUNTER__ )
      |                                                                                     ^
../test/test_owf_proof_tools.cpp:205:1: warning: '__COUNTER__' is a C2y extension [-Wc2y-extensions]
  205 | TEMPLATE_TEST_CASE("aes_sbox_affine", "[quicksilver]", secpar128_t, secpar192_t, secpar256_t)
      | ^
../subprojects/Catch2-3.13.0/src/catch2/catch_template_test_macros.hpp:76:39: note: expanded from macro 'TEMPLATE_TEST_CASE'
   76 |     #define TEMPLATE_TEST_CASE( ... ) INTERNAL_CATCH_TEMPLATE_TEST_CASE( __VA_ARGS__ )
      |                                       ^
../subprojects/Catch2-3.13.0/src/catch2/internal/catch_template_test_registry.hpp:104:108: note: expanded from macro 'INTERNAL_CATCH_TEMPLATE_TEST_CASE'
  104 |         INTERNAL_CATCH_TEMPLATE_TEST_CASE_2( INTERNAL_CATCH_UNIQUE_NAME( CATCH2_INTERNAL_TEMPLATE_TEST_ ), INTERNAL_CATCH_UNIQUE_NAME( CATCH2_INTERNAL_TEMPLATE_TEST_ ), Name, Tags, typename TestType, __VA_ARGS__ )
      |                                                                                                            ^
../subprojects/Catch2-3.13.0/src/catch2/internal/catch_unique_name.hpp:15:85: note: expanded from macro 'INTERNAL_CATCH_UNIQUE_NAME'
   15 | #  define INTERNAL_CATCH_UNIQUE_NAME( name ) INTERNAL_CATCH_UNIQUE_NAME_LINE( name, __COUNTER__ )
      |                                                                                     ^
../test/test_owf_proof_tools.cpp:205:1: warning: '__COUNTER__' is a C2y extension [-Wc2y-extensions]
../subprojects/Catch2-3.13.0/src/catch2/catch_template_test_macros.hpp:76:39: note: expanded from macro 'TEMPLATE_TEST_CASE'
   76 |     #define TEMPLATE_TEST_CASE( ... ) INTERNAL_CATCH_TEMPLATE_TEST_CASE( __VA_ARGS__ )
      |                                       ^
../subprojects/Catch2-3.13.0/src/catch2/internal/catch_template_test_registry.hpp:104:46: note: expanded from macro 'INTERNAL_CATCH_TEMPLATE_TEST_CASE'
  104 |         INTERNAL_CATCH_TEMPLATE_TEST_CASE_2( INTERNAL_CATCH_UNIQUE_NAME( CATCH2_INTERNAL_TEMPLATE_TEST_ ), INTERNAL_CATCH_UNIQUE_NAME( CATCH2_INTERNAL_TEMPLATE_TEST_ ), Name, Tags, typename TestType, __VA_ARGS__ )
      |                                              ^
../subprojects/Catch2-3.13.0/src/catch2/internal/catch_unique_name.hpp:15:85: note: expanded from macro 'INTERNAL_CATCH_UNIQUE_NAME'
   15 | #  define INTERNAL_CATCH_UNIQUE_NAME( name ) INTERNAL_CATCH_UNIQUE_NAME_LINE( name, __COUNTER__ )
      |                                                                                     ^
../test/test_owf_proof_tools.cpp:205:1: warning: '__COUNTER__' is a C2y extension [-Wc2y-extensions]
../subprojects/Catch2-3.13.0/src/catch2/catch_template_test_macros.hpp:76:39: note: expanded from macro 'TEMPLATE_TEST_CASE'
   76 |     #define TEMPLATE_TEST_CASE( ... ) INTERNAL_CATCH_TEMPLATE_TEST_CASE( __VA_ARGS__ )
      |                                       ^
../subprojects/Catch2-3.13.0/src/catch2/internal/catch_template_test_registry.hpp:104:9: note: expanded from macro 'INTERNAL_CATCH_TEMPLATE_TEST_CASE'
  104 |         INTERNAL_CATCH_TEMPLATE_TEST_CASE_2( INTERNAL_CATCH_UNIQUE_NAME( CATCH2_INTERNAL_TEMPLATE_TEST_ ), INTERNAL_CATCH_UNIQUE_NAME( CATCH2_INTERNAL_TEMPLATE_TEST_ ), Name, Tags, typename TestType, __VA_ARGS__ )
      |         ^
../subprojects/Catch2-3.13.0/src/catch2/internal/catch_template_test_registry.hpp:93:30: note: expanded from macro 'INTERNAL_CATCH_TEMPLATE_TEST_CASE_2'
   93 |             static const int INTERNAL_CATCH_UNIQUE_NAME( globalRegistrar ) = [](){\
      |                              ^
../subprojects/Catch2-3.13.0/src/catch2/internal/catch_unique_name.hpp:15:85: note: expanded from macro 'INTERNAL_CATCH_UNIQUE_NAME'
   15 | #  define INTERNAL_CATCH_UNIQUE_NAME( name ) INTERNAL_CATCH_UNIQUE_NAME_LINE( name, __COUNTER__ )
      |                                                                                     ^
../test/test_owf_proof_tools.cpp:275:1: warning: '__COUNTER__' is a C2y extension [-Wc2y-extensions]
  275 | TEMPLATE_TEST_CASE("aes_bitwise_mix_columns_and_add_roundkey_inplace", "[quicksilver]", secpar128_t,
      | ^
../subprojects/Catch2-3.13.0/src/catch2/catch_template_test_macros.hpp:76:39: note: expanded from macro 'TEMPLATE_TEST_CASE'
   76 |     #define TEMPLATE_TEST_CASE( ... ) INTERNAL_CATCH_TEMPLATE_TEST_CASE( __VA_ARGS__ )
      |                                       ^
../subprojects/Catch2-3.13.0/src/catch2/internal/catch_template_test_registry.hpp:104:108: note: expanded from macro 'INTERNAL_CATCH_TEMPLATE_TEST_CASE'
  104 |         INTERNAL_CATCH_TEMPLATE_TEST_CASE_2( INTERNAL_CATCH_UNIQUE_NAME( CATCH2_INTERNAL_TEMPLATE_TEST_ ), INTERNAL_CATCH_UNIQUE_NAME( CATCH2_INTERNAL_TEMPLATE_TEST_ ), Name, Tags, typename TestType, __VA_ARGS__ )
      |                                                                                                            ^
../subprojects/Catch2-3.13.0/src/catch2/internal/catch_unique_name.hpp:15:85: note: expanded from macro 'INTERNAL_CATCH_UNIQUE_NAME'
   15 | #  define INTERNAL_CATCH_UNIQUE_NAME( name ) INTERNAL_CATCH_UNIQUE_NAME_LINE( name, __COUNTER__ )
      |                                                                                     ^
../test/test_owf_proof_tools.cpp:275:1: warning: '__COUNTER__' is a C2y extension [-Wc2y-extensions]
../subprojects/Catch2-3.13.0/src/catch2/catch_template_test_macros.hpp:76:39: note: expanded from macro 'TEMPLATE_TEST_CASE'
   76 |     #define TEMPLATE_TEST_CASE( ... ) INTERNAL_CATCH_TEMPLATE_TEST_CASE( __VA_ARGS__ )
      |                                       ^
../subprojects/Catch2-3.13.0/src/catch2/internal/catch_template_test_registry.hpp:104:46: note: expanded from macro 'INTERNAL_CATCH_TEMPLATE_TEST_CASE'
  104 |         INTERNAL_CATCH_TEMPLATE_TEST_CASE_2( INTERNAL_CATCH_UNIQUE_NAME( CATCH2_INTERNAL_TEMPLATE_TEST_ ), INTERNAL_CATCH_UNIQUE_NAME( CATCH2_INTERNAL_TEMPLATE_TEST_ ), Name, Tags, typename TestType, __VA_ARGS__ )
      |                                              ^
../subprojects/Catch2-3.13.0/src/catch2/internal/catch_unique_name.hpp:15:85: note: expanded from macro 'INTERNAL_CATCH_UNIQUE_NAME'
   15 | #  define INTERNAL_CATCH_UNIQUE_NAME( name ) INTERNAL_CATCH_UNIQUE_NAME_LINE( name, __COUNTER__ )
      |                                                                                     ^
../test/test_owf_proof_tools.cpp:275:1: warning: '__COUNTER__' is a C2y extension [-Wc2y-extensions]
../subprojects/Catch2-3.13.0/src/catch2/catch_template_test_macros.hpp:76:39: note: expanded from macro 'TEMPLATE_TEST_CASE'
   76 |     #define TEMPLATE_TEST_CASE( ... ) INTERNAL_CATCH_TEMPLATE_TEST_CASE( __VA_ARGS__ )
      |                                       ^
../subprojects/Catch2-3.13.0/src/catch2/internal/catch_template_test_registry.hpp:104:9: note: expanded from macro 'INTERNAL_CATCH_TEMPLATE_TEST_CASE'
  104 |         INTERNAL_CATCH_TEMPLATE_TEST_CASE_2( INTERNAL_CATCH_UNIQUE_NAME( CATCH2_INTERNAL_TEMPLATE_TEST_ ), INTERNAL_CATCH_UNIQUE_NAME( CATCH2_INTERNAL_TEMPLATE_TEST_ ), Name, Tags, typename TestType, __VA_ARGS__ )
      |         ^
../subprojects/Catch2-3.13.0/src/catch2/internal/catch_template_test_registry.hpp:93:30: note: expanded from macro 'INTERNAL_CATCH_TEMPLATE_TEST_CASE_2'
   93 |             static const int INTERNAL_CATCH_UNIQUE_NAME( globalRegistrar ) = [](){\
      |                              ^
../subprojects/Catch2-3.13.0/src/catch2/internal/catch_unique_name.hpp:15:85: note: expanded from macro 'INTERNAL_CATCH_UNIQUE_NAME'
   15 | #  define INTERNAL_CATCH_UNIQUE_NAME( name ) INTERNAL_CATCH_UNIQUE_NAME_LINE( name, __COUNTER__ )
      |                                                                                     ^
../test/test_owf_proof_tools.cpp:338:1: warning: '__COUNTER__' is a C2y extension [-Wc2y-extensions]
  338 | TEMPLATE_TEST_CASE("aes_bitwise_inverse_shift_rows_and_sbox_affine", "[quicksilver]", secpar128_t,
      | ^
../subprojects/Catch2-3.13.0/src/catch2/catch_template_test_macros.hpp:76:39: note: expanded from macro 'TEMPLATE_TEST_CASE'
   76 |     #define TEMPLATE_TEST_CASE( ... ) INTERNAL_CATCH_TEMPLATE_TEST_CASE( __VA_ARGS__ )
      |                                       ^
../subprojects/Catch2-3.13.0/src/catch2/internal/catch_template_test_registry.hpp:104:108: note: expanded from macro 'INTERNAL_CATCH_TEMPLATE_TEST_CASE'
  104 |         INTERNAL_CATCH_TEMPLATE_TEST_CASE_2( INTERNAL_CATCH_UNIQUE_NAME( CATCH2_INTERNAL_TEMPLATE_TEST_ ), INTERNAL_CATCH_UNIQUE_NAME( CATCH2_INTERNAL_TEMPLATE_TEST_ ), Name, Tags, typename TestType, __VA_ARGS__ )
      |                                                                                                            ^
../subprojects/Catch2-3.13.0/src/catch2/internal/catch_unique_name.hpp:15:85: note: expanded from macro 'INTERNAL_CATCH_UNIQUE_NAME'
   15 | #  define INTERNAL_CATCH_UNIQUE_NAME( name ) INTERNAL_CATCH_UNIQUE_NAME_LINE( name, __COUNTER__ )
      |                                                                                     ^
../test/test_owf_proof_tools.cpp:338:1: warning: '__COUNTER__' is a C2y extension [-Wc2y-extensions]
../subprojects/Catch2-3.13.0/src/catch2/catch_template_test_macros.hpp:76:39: note: expanded from macro 'TEMPLATE_TEST_CASE'
   76 |     #define TEMPLATE_TEST_CASE( ... ) INTERNAL_CATCH_TEMPLATE_TEST_CASE( __VA_ARGS__ )
      |                                       ^
../subprojects/Catch2-3.13.0/src/catch2/internal/catch_template_test_registry.hpp:104:46: note: expanded from macro 'INTERNAL_CATCH_TEMPLATE_TEST_CASE'
  104 |         INTERNAL_CATCH_TEMPLATE_TEST_CASE_2( INTERNAL_CATCH_UNIQUE_NAME( CATCH2_INTERNAL_TEMPLATE_TEST_ ), INTERNAL_CATCH_UNIQUE_NAME( CATCH2_INTERNAL_TEMPLATE_TEST_ ), Name, Tags, typename TestType, __VA_ARGS__ )
      |                                              ^
../subprojects/Catch2-3.13.0/src/catch2/internal/catch_unique_name.hpp:15:85: note: expanded from macro 'INTERNAL_CATCH_UNIQUE_NAME'
   15 | #  define INTERNAL_CATCH_UNIQUE_NAME( name ) INTERNAL_CATCH_UNIQUE_NAME_LINE( name, __COUNTER__ )
      |                                                                                     ^
../test/test_owf_proof_tools.cpp:338:1: warning: '__COUNTER__' is a C2y extension [-Wc2y-extensions]
../subprojects/Catch2-3.13.0/src/catch2/catch_template_test_macros.hpp:76:39: note: expanded from macro 'TEMPLATE_TEST_CASE'
   76 |     #define TEMPLATE_TEST_CASE( ... ) INTERNAL_CATCH_TEMPLATE_TEST_CASE( __VA_ARGS__ )
      |                                       ^
../subprojects/Catch2-3.13.0/src/catch2/internal/catch_template_test_registry.hpp:104:9: note: expanded from macro 'INTERNAL_CATCH_TEMPLATE_TEST_CASE'
  104 |         INTERNAL_CATCH_TEMPLATE_TEST_CASE_2( INTERNAL_CATCH_UNIQUE_NAME( CATCH2_INTERNAL_TEMPLATE_TEST_ ), INTERNAL_CATCH_UNIQUE_NAME( CATCH2_INTERNAL_TEMPLATE_TEST_ ), Name, Tags, typename TestType, __VA_ARGS__ )
      |         ^
../subprojects/Catch2-3.13.0/src/catch2/internal/catch_template_test_registry.hpp:93:30: note: expanded from macro 'INTERNAL_CATCH_TEMPLATE_TEST_CASE_2'
   93 |             static const int INTERNAL_CATCH_UNIQUE_NAME( globalRegistrar ) = [](){\
      |                              ^
../subprojects/Catch2-3.13.0/src/catch2/internal/catch_unique_name.hpp:15:85: note: expanded from macro 'INTERNAL_CATCH_UNIQUE_NAME'
   15 | #  define INTERNAL_CATCH_UNIQUE_NAME( name ) INTERNAL_CATCH_UNIQUE_NAME_LINE( name, __COUNTER__ )
      |                                                                                     ^
21 warnings generated.
[9/19] /usr/local/opt/llvm/bin/clang++ -Itest/tests.p -Itest -I../test -Isubprojects/Catch2-3.13.0/src -I../subprojects/Catch2-3.13.0/src -I. -I.. -Isubprojects/xkcp -I../subprojects/xkcp -I../subprojects/xkcp/lib/common -I../subprojects/xkcp/lib/high/Keccak -I../subprojects/xkcp/lib/high/Keccak/FIPS202 -I../subprojects/xkcp/lib/low/common -I../subprojects/xkcp/lib/low/KeccakP-1600/common -I../subprojects/xkcp/lib/low/KeccakP-1600/plain-64bits -I../subprojects/xkcp/lib/low/KeccakP-1600/plain-64bits/SnP -I../subprojects/xkcp/lib/low/KeccakP-1600-times4/fallback-on1 -flto -fdiagnostics-color=always -D_LIBCPP_HARDENING_MODE=_LIBCPP_HARDENING_MODE_FAST -Wall -Winvalid-pch -Wextra -Wpedantic -std=c++23 -O3 -march=native -mtune=native -g -Wno-psabi -MD -MQ test/tests.p/test_vector_com.cpp.o -MF test/tests.p/test_vector_com.cpp.o.d -o test/tests.p/test_vector_com.cpp.o -c ../test/test_vector_com.cpp
../test/test_vector_com.cpp:41:1: warning: '__COUNTER__' is a C2y extension [-Wc2y-extensions]
   41 | TEMPLATE_TEST_CASE("commit/open/verify", "[vector com]", BAVC_TEST_INSTANCES)
      | ^
../subprojects/Catch2-3.13.0/src/catch2/catch_template_test_macros.hpp:76:39: note: expanded from macro 'TEMPLATE_TEST_CASE'
   76 |     #define TEMPLATE_TEST_CASE( ... ) INTERNAL_CATCH_TEMPLATE_TEST_CASE( __VA_ARGS__ )
      |                                       ^
../subprojects/Catch2-3.13.0/src/catch2/internal/catch_template_test_registry.hpp:104:108: note: expanded from macro 'INTERNAL_CATCH_TEMPLATE_TEST_CASE'
  104 |         INTERNAL_CATCH_TEMPLATE_TEST_CASE_2( INTERNAL_CATCH_UNIQUE_NAME( CATCH2_INTERNAL_TEMPLATE_TEST_ ), INTERNAL_CATCH_UNIQUE_NAME( CATCH2_INTERNAL_TEMPLATE_TEST_ ), Name, Tags, typename TestType, __VA_ARGS__ )
      |                                                                                                            ^
../subprojects/Catch2-3.13.0/src/catch2/internal/catch_unique_name.hpp:15:85: note: expanded from macro 'INTERNAL_CATCH_UNIQUE_NAME'
   15 | #  define INTERNAL_CATCH_UNIQUE_NAME( name ) INTERNAL_CATCH_UNIQUE_NAME_LINE( name, __COUNTER__ )
      |                                                                                     ^
../test/test_vector_com.cpp:41:1: warning: '__COUNTER__' is a C2y extension [-Wc2y-extensions]
../subprojects/Catch2-3.13.0/src/catch2/catch_template_test_macros.hpp:76:39: note: expanded from macro 'TEMPLATE_TEST_CASE'
   76 |     #define TEMPLATE_TEST_CASE( ... ) INTERNAL_CATCH_TEMPLATE_TEST_CASE( __VA_ARGS__ )
      |                                       ^
../subprojects/Catch2-3.13.0/src/catch2/internal/catch_template_test_registry.hpp:104:46: note: expanded from macro 'INTERNAL_CATCH_TEMPLATE_TEST_CASE'
  104 |         INTERNAL_CATCH_TEMPLATE_TEST_CASE_2( INTERNAL_CATCH_UNIQUE_NAME( CATCH2_INTERNAL_TEMPLATE_TEST_ ), INTERNAL_CATCH_UNIQUE_NAME( CATCH2_INTERNAL_TEMPLATE_TEST_ ), Name, Tags, typename TestType, __VA_ARGS__ )
      |                                              ^
../subprojects/Catch2-3.13.0/src/catch2/internal/catch_unique_name.hpp:15:85: note: expanded from macro 'INTERNAL_CATCH_UNIQUE_NAME'
   15 | #  define INTERNAL_CATCH_UNIQUE_NAME( name ) INTERNAL_CATCH_UNIQUE_NAME_LINE( name, __COUNTER__ )
      |                                                                                     ^
../test/test_vector_com.cpp:41:1: warning: '__COUNTER__' is a C2y extension [-Wc2y-extensions]
../subprojects/Catch2-3.13.0/src/catch2/catch_template_test_macros.hpp:76:39: note: expanded from macro 'TEMPLATE_TEST_CASE'
   76 |     #define TEMPLATE_TEST_CASE( ... ) INTERNAL_CATCH_TEMPLATE_TEST_CASE( __VA_ARGS__ )
      |                                       ^
../subprojects/Catch2-3.13.0/src/catch2/internal/catch_template_test_registry.hpp:104:9: note: expanded from macro 'INTERNAL_CATCH_TEMPLATE_TEST_CASE'
  104 |         INTERNAL_CATCH_TEMPLATE_TEST_CASE_2( INTERNAL_CATCH_UNIQUE_NAME( CATCH2_INTERNAL_TEMPLATE_TEST_ ), INTERNAL_CATCH_UNIQUE_NAME( CATCH2_INTERNAL_TEMPLATE_TEST_ ), Name, Tags, typename TestType, __VA_ARGS__ )
      |         ^
../subprojects/Catch2-3.13.0/src/catch2/internal/catch_template_test_registry.hpp:93:30: note: expanded from macro 'INTERNAL_CATCH_TEMPLATE_TEST_CASE_2'
   93 |             static const int INTERNAL_CATCH_UNIQUE_NAME( globalRegistrar ) = [](){\
      |                              ^
../subprojects/Catch2-3.13.0/src/catch2/internal/catch_unique_name.hpp:15:85: note: expanded from macro 'INTERNAL_CATCH_UNIQUE_NAME'
   15 | #  define INTERNAL_CATCH_UNIQUE_NAME( name ) INTERNAL_CATCH_UNIQUE_NAME_LINE( name, __COUNTER__ )
      |                                                                                     ^
../test/test_vector_com.cpp:104:13: warning: '__COUNTER__' is a C2y extension [-Wc2y-extensions]
  104 |             INFO(i);
      |             ^
../subprojects/Catch2-3.13.0/src/catch2/catch_message.hpp:136:23: note: expanded from macro 'INFO'
  136 |   #define INFO( msg ) INTERNAL_CATCH_INFO( "INFO", msg )
      |                       ^
../subprojects/Catch2-3.13.0/src/catch2/catch_message.hpp:111:32: note: expanded from macro 'INTERNAL_CATCH_INFO'
  111 |     const Catch::ScopedMessage INTERNAL_CATCH_UNIQUE_NAME( scopedMessage )( Catch::MessageBuilder( macroName##_catch_sr, CATCH_INTERNAL_LINEINFO, Catch::ResultWas::Info ) << log )
      |                                ^
../subprojects/Catch2-3.13.0/src/catch2/internal/catch_unique_name.hpp:15:85: note: expanded from macro 'INTERNAL_CATCH_UNIQUE_NAME'
   15 | #  define INTERNAL_CATCH_UNIQUE_NAME( name ) INTERNAL_CATCH_UNIQUE_NAME_LINE( name, __COUNTER__ )
      |                                                                                     ^
../test/test_vector_com.cpp:105:13: warning: '__COUNTER__' is a C2y extension [-Wc2y-extensions]
  105 |             INFO(j);
      |             ^
../subprojects/Catch2-3.13.0/src/catch2/catch_message.hpp:136:23: note: expanded from macro 'INFO'
  136 |   #define INFO( msg ) INTERNAL_CATCH_INFO( "INFO", msg )
      |                       ^
../subprojects/Catch2-3.13.0/src/catch2/catch_message.hpp:111:32: note: expanded from macro 'INTERNAL_CATCH_INFO'
  111 |     const Catch::ScopedMessage INTERNAL_CATCH_UNIQUE_NAME( scopedMessage )( Catch::MessageBuilder( macroName##_catch_sr, CATCH_INTERNAL_LINEINFO, Catch::ResultWas::Info ) << log )
      |                                ^
../subprojects/Catch2-3.13.0/src/catch2/internal/catch_unique_name.hpp:15:85: note: expanded from macro 'INTERNAL_CATCH_UNIQUE_NAME'
   15 | #  define INTERNAL_CATCH_UNIQUE_NAME( name ) INTERNAL_CATCH_UNIQUE_NAME_LINE( name, __COUNTER__ )
      |                                                                                     ^
../test/test_vector_com.cpp:120:1: warning: '__COUNTER__' is a C2y extension [-Wc2y-extensions]
  120 | TEMPLATE_TEST_CASE("commit/grind_open/verify", "[vector com]", BAVC_TEST_INSTANCES_WITH_GRINDING)
      | ^
../subprojects/Catch2-3.13.0/src/catch2/catch_template_test_macros.hpp:76:39: note: expanded from macro 'TEMPLATE_TEST_CASE'
   76 |     #define TEMPLATE_TEST_CASE( ... ) INTERNAL_CATCH_TEMPLATE_TEST_CASE( __VA_ARGS__ )
      |                                       ^
../subprojects/Catch2-3.13.0/src/catch2/internal/catch_template_test_registry.hpp:104:108: note: expanded from macro 'INTERNAL_CATCH_TEMPLATE_TEST_CASE'
  104 |         INTERNAL_CATCH_TEMPLATE_TEST_CASE_2( INTERNAL_CATCH_UNIQUE_NAME( CATCH2_INTERNAL_TEMPLATE_TEST_ ), INTERNAL_CATCH_UNIQUE_NAME( CATCH2_INTERNAL_TEMPLATE_TEST_ ), Name, Tags, typename TestType, __VA_ARGS__ )
      |                                                                                                            ^
../subprojects/Catch2-3.13.0/src/catch2/internal/catch_unique_name.hpp:15:85: note: expanded from macro 'INTERNAL_CATCH_UNIQUE_NAME'
   15 | #  define INTERNAL_CATCH_UNIQUE_NAME( name ) INTERNAL_CATCH_UNIQUE_NAME_LINE( name, __COUNTER__ )
      |                                                                                     ^
../test/test_vector_com.cpp:120:1: warning: '__COUNTER__' is a C2y extension [-Wc2y-extensions]
../subprojects/Catch2-3.13.0/src/catch2/catch_template_test_macros.hpp:76:39: note: expanded from macro 'TEMPLATE_TEST_CASE'
   76 |     #define TEMPLATE_TEST_CASE( ... ) INTERNAL_CATCH_TEMPLATE_TEST_CASE( __VA_ARGS__ )
      |                                       ^
../subprojects/Catch2-3.13.0/src/catch2/internal/catch_template_test_registry.hpp:104:46: note: expanded from macro 'INTERNAL_CATCH_TEMPLATE_TEST_CASE'
  104 |         INTERNAL_CATCH_TEMPLATE_TEST_CASE_2( INTERNAL_CATCH_UNIQUE_NAME( CATCH2_INTERNAL_TEMPLATE_TEST_ ), INTERNAL_CATCH_UNIQUE_NAME( CATCH2_INTERNAL_TEMPLATE_TEST_ ), Name, Tags, typename TestType, __VA_ARGS__ )
      |                                              ^
../subprojects/Catch2-3.13.0/src/catch2/internal/catch_unique_name.hpp:15:85: note: expanded from macro 'INTERNAL_CATCH_UNIQUE_NAME'
   15 | #  define INTERNAL_CATCH_UNIQUE_NAME( name ) INTERNAL_CATCH_UNIQUE_NAME_LINE( name, __COUNTER__ )
      |                                                                                     ^
../test/test_vector_com.cpp:120:1: warning: '__COUNTER__' is a C2y extension [-Wc2y-extensions]
../subprojects/Catch2-3.13.0/src/catch2/catch_template_test_macros.hpp:76:39: note: expanded from macro 'TEMPLATE_TEST_CASE'
   76 |     #define TEMPLATE_TEST_CASE( ... ) INTERNAL_CATCH_TEMPLATE_TEST_CASE( __VA_ARGS__ )
      |                                       ^
../subprojects/Catch2-3.13.0/src/catch2/internal/catch_template_test_registry.hpp:104:9: note: expanded from macro 'INTERNAL_CATCH_TEMPLATE_TEST_CASE'
  104 |         INTERNAL_CATCH_TEMPLATE_TEST_CASE_2( INTERNAL_CATCH_UNIQUE_NAME( CATCH2_INTERNAL_TEMPLATE_TEST_ ), INTERNAL_CATCH_UNIQUE_NAME( CATCH2_INTERNAL_TEMPLATE_TEST_ ), Name, Tags, typename TestType, __VA_ARGS__ )
      |         ^
../subprojects/Catch2-3.13.0/src/catch2/internal/catch_template_test_registry.hpp:93:30: note: expanded from macro 'INTERNAL_CATCH_TEMPLATE_TEST_CASE_2'
   93 |             static const int INTERNAL_CATCH_UNIQUE_NAME( globalRegistrar ) = [](){\
      |                              ^
../subprojects/Catch2-3.13.0/src/catch2/internal/catch_unique_name.hpp:15:85: note: expanded from macro 'INTERNAL_CATCH_UNIQUE_NAME'
   15 | #  define INTERNAL_CATCH_UNIQUE_NAME( name ) INTERNAL_CATCH_UNIQUE_NAME_LINE( name, __COUNTER__ )
      |                                                                                     ^
../test/test_vector_com.cpp:173:13: warning: '__COUNTER__' is a C2y extension [-Wc2y-extensions]
  173 |             INFO("i = " << i);
      |             ^
../subprojects/Catch2-3.13.0/src/catch2/catch_message.hpp:136:23: note: expanded from macro 'INFO'
  136 |   #define INFO( msg ) INTERNAL_CATCH_INFO( "INFO", msg )
      |                       ^
../subprojects/Catch2-3.13.0/src/catch2/catch_message.hpp:111:32: note: expanded from macro 'INTERNAL_CATCH_INFO'
  111 |     const Catch::ScopedMessage INTERNAL_CATCH_UNIQUE_NAME( scopedMessage )( Catch::MessageBuilder( macroName##_catch_sr, CATCH_INTERNAL_LINEINFO, Catch::ResultWas::Info ) << log )
      |                                ^
../subprojects/Catch2-3.13.0/src/catch2/internal/catch_unique_name.hpp:15:85: note: expanded from macro 'INTERNAL_CATCH_UNIQUE_NAME'
   15 | #  define INTERNAL_CATCH_UNIQUE_NAME( name ) INTERNAL_CATCH_UNIQUE_NAME_LINE( name, __COUNTER__ )
      |                                                                                     ^
../test/test_vector_com.cpp:174:13: warning: '__COUNTER__' is a C2y extension [-Wc2y-extensions]
  174 |             INFO("delta_bytes = " << delta_bytes);
      |             ^
../subprojects/Catch2-3.13.0/src/catch2/catch_message.hpp:136:23: note: expanded from macro 'INFO'
  136 |   #define INFO( msg ) INTERNAL_CATCH_INFO( "INFO", msg )
      |                       ^
../subprojects/Catch2-3.13.0/src/catch2/catch_message.hpp:111:32: note: expanded from macro 'INTERNAL_CATCH_INFO'
  111 |     const Catch::ScopedMessage INTERNAL_CATCH_UNIQUE_NAME( scopedMessage )( Catch::MessageBuilder( macroName##_catch_sr, CATCH_INTERNAL_LINEINFO, Catch::ResultWas::Info ) << log )
      |                                ^
../subprojects/Catch2-3.13.0/src/catch2/internal/catch_unique_name.hpp:15:85: note: expanded from macro 'INTERNAL_CATCH_UNIQUE_NAME'
   15 | #  define INTERNAL_CATCH_UNIQUE_NAME( name ) INTERNAL_CATCH_UNIQUE_NAME_LINE( name, __COUNTER__ )
      |                                                                                     ^
../test/test_vector_com.cpp:175:13: warning: '__COUNTER__' is a C2y extension [-Wc2y-extensions]
  175 |             INFO("recomputed_delta_bytes = " << recomputed_delta_bytes);
      |             ^
../subprojects/Catch2-3.13.0/src/catch2/catch_message.hpp:136:23: note: expanded from macro 'INFO'
  136 |   #define INFO( msg ) INTERNAL_CATCH_INFO( "INFO", msg )
      |                       ^
../subprojects/Catch2-3.13.0/src/catch2/catch_message.hpp:111:32: note: expanded from macro 'INTERNAL_CATCH_INFO'
  111 |     const Catch::ScopedMessage INTERNAL_CATCH_UNIQUE_NAME( scopedMessage )( Catch::MessageBuilder( macroName##_catch_sr, CATCH_INTERNAL_LINEINFO, Catch::ResultWas::Info ) << log )
      |                                ^
../subprojects/Catch2-3.13.0/src/catch2/internal/catch_unique_name.hpp:15:85: note: expanded from macro 'INTERNAL_CATCH_UNIQUE_NAME'
   15 | #  define INTERNAL_CATCH_UNIQUE_NAME( name ) INTERNAL_CATCH_UNIQUE_NAME_LINE( name, __COUNTER__ )
      |                                                                                     ^
../test/test_vector_com.cpp:179:13: warning: '__COUNTER__' is a C2y extension [-Wc2y-extensions]
  179 |             INFO("i = " << i);
      |             ^
../subprojects/Catch2-3.13.0/src/catch2/catch_message.hpp:136:23: note: expanded from macro 'INFO'
  136 |   #define INFO( msg ) INTERNAL_CATCH_INFO( "INFO", msg )
      |                       ^
../subprojects/Catch2-3.13.0/src/catch2/catch_message.hpp:111:32: note: expanded from macro 'INTERNAL_CATCH_INFO'
  111 |     const Catch::ScopedMessage INTERNAL_CATCH_UNIQUE_NAME( scopedMessage )( Catch::MessageBuilder( macroName##_catch_sr, CATCH_INTERNAL_LINEINFO, Catch::ResultWas::Info ) << log )
      |                                ^
../subprojects/Catch2-3.13.0/src/catch2/internal/catch_unique_name.hpp:15:85: note: expanded from macro 'INTERNAL_CATCH_UNIQUE_NAME'
   15 | #  define INTERNAL_CATCH_UNIQUE_NAME( name ) INTERNAL_CATCH_UNIQUE_NAME_LINE( name, __COUNTER__ )
      |                                                                                     ^
../test/test_vector_com.cpp:180:13: warning: '__COUNTER__' is a C2y extension [-Wc2y-extensions]
  180 |             INFO("recomputed_delta_bytes = " << recomputed_delta_bytes);
      |             ^
../subprojects/Catch2-3.13.0/src/catch2/catch_message.hpp:136:23: note: expanded from macro 'INFO'
  136 |   #define INFO( msg ) INTERNAL_CATCH_INFO( "INFO", msg )
      |                       ^
../subprojects/Catch2-3.13.0/src/catch2/catch_message.hpp:111:32: note: expanded from macro 'INTERNAL_CATCH_INFO'
  111 |     const Catch::ScopedMessage INTERNAL_CATCH_UNIQUE_NAME( scopedMessage )( Catch::MessageBuilder( macroName##_catch_sr, CATCH_INTERNAL_LINEINFO, Catch::ResultWas::Info ) << log )
      |                                ^
../subprojects/Catch2-3.13.0/src/catch2/internal/catch_unique_name.hpp:15:85: note: expanded from macro 'INTERNAL_CATCH_UNIQUE_NAME'
   15 | #  define INTERNAL_CATCH_UNIQUE_NAME( name ) INTERNAL_CATCH_UNIQUE_NAME_LINE( name, __COUNTER__ )
      |                                                                                     ^
../test/test_vector_com.cpp:213:9: warning: '__COUNTER__' is a C2y extension [-Wc2y-extensions]
  213 |         INFO("i = " << i);
      |         ^
../subprojects/Catch2-3.13.0/src/catch2/catch_message.hpp:136:23: note: expanded from macro 'INFO'
  136 |   #define INFO( msg ) INTERNAL_CATCH_INFO( "INFO", msg )
      |                       ^
../subprojects/Catch2-3.13.0/src/catch2/catch_message.hpp:111:32: note: expanded from macro 'INTERNAL_CATCH_INFO'
  111 |     const Catch::ScopedMessage INTERNAL_CATCH_UNIQUE_NAME( scopedMessage )( Catch::MessageBuilder( macroName##_catch_sr, CATCH_INTERNAL_LINEINFO, Catch::ResultWas::Info ) << log )
      |                                ^
../subprojects/Catch2-3.13.0/src/catch2/internal/catch_unique_name.hpp:15:85: note: expanded from macro 'INTERNAL_CATCH_UNIQUE_NAME'
   15 | #  define INTERNAL_CATCH_UNIQUE_NAME( name ) INTERNAL_CATCH_UNIQUE_NAME_LINE( name, __COUNTER__ )
      |                                                                                     ^
../test/test_vector_com.cpp:214:9: warning: '__COUNTER__' is a C2y extension [-Wc2y-extensions]
  214 |         INFO("k_i = " << k);
      |         ^
../subprojects/Catch2-3.13.0/src/catch2/catch_message.hpp:136:23: note: expanded from macro 'INFO'
  136 |   #define INFO( msg ) INTERNAL_CATCH_INFO( "INFO", msg )
      |                       ^
../subprojects/Catch2-3.13.0/src/catch2/catch_message.hpp:111:32: note: expanded from macro 'INTERNAL_CATCH_INFO'
  111 |     const Catch::ScopedMessage INTERNAL_CATCH_UNIQUE_NAME( scopedMessage )( Catch::MessageBuilder( macroName##_catch_sr, CATCH_INTERNAL_LINEINFO, Catch::ResultWas::Info ) << log )
      |                                ^
../subprojects/Catch2-3.13.0/src/catch2/internal/catch_unique_name.hpp:15:85: note: expanded from macro 'INTERNAL_CATCH_UNIQUE_NAME'
   15 | #  define INTERNAL_CATCH_UNIQUE_NAME( name ) INTERNAL_CATCH_UNIQUE_NAME_LINE( name, __COUNTER__ )
      |                                                                                     ^
../test/test_vector_com.cpp:215:9: warning: '__COUNTER__' is a C2y extension [-Wc2y-extensions]
  215 |         INFO("Delta_" << i << " = " << delta);
      |         ^
../subprojects/Catch2-3.13.0/src/catch2/catch_message.hpp:136:23: note: expanded from macro 'INFO'
  136 |   #define INFO( msg ) INTERNAL_CATCH_INFO( "INFO", msg )
      |                       ^
../subprojects/Catch2-3.13.0/src/catch2/catch_message.hpp:111:32: note: expanded from macro 'INTERNAL_CATCH_INFO'
  111 |     const Catch::ScopedMessage INTERNAL_CATCH_UNIQUE_NAME( scopedMessage )( Catch::MessageBuilder( macroName##_catch_sr, CATCH_INTERNAL_LINEINFO, Catch::ResultWas::Info ) << log )
      |                                ^
../subprojects/Catch2-3.13.0/src/catch2/internal/catch_unique_name.hpp:15:85: note: expanded from macro 'INTERNAL_CATCH_UNIQUE_NAME'
   15 | #  define INTERNAL_CATCH_UNIQUE_NAME( name ) INTERNAL_CATCH_UNIQUE_NAME_LINE( name, __COUNTER__ )
      |                                                                                     ^
../test/test_vector_com.cpp:229:13: warning: '__COUNTER__' is a C2y extension [-Wc2y-extensions]
  229 |             INFO("j = " << j);
      |             ^
../subprojects/Catch2-3.13.0/src/catch2/catch_message.hpp:136:23: note: expanded from macro 'INFO'
  136 |   #define INFO( msg ) INTERNAL_CATCH_INFO( "INFO", msg )
      |                       ^
../subprojects/Catch2-3.13.0/src/catch2/catch_message.hpp:111:32: note: expanded from macro 'INTERNAL_CATCH_INFO'
  111 |     const Catch::ScopedMessage INTERNAL_CATCH_UNIQUE_NAME( scopedMessage )( Catch::MessageBuilder( macroName##_catch_sr, CATCH_INTERNAL_LINEINFO, Catch::ResultWas::Info ) << log )
      |                                ^
../subprojects/Catch2-3.13.0/src/catch2/internal/catch_unique_name.hpp:15:85: note: expanded from macro 'INTERNAL_CATCH_UNIQUE_NAME'
   15 | #  define INTERNAL_CATCH_UNIQUE_NAME( name ) INTERNAL_CATCH_UNIQUE_NAME_LINE( name, __COUNTER__ )
      |                                                                                     ^
../test/test_vector_com.cpp:671:1: warning: '__COUNTER__' is a C2y extension [-Wc2y-extensions]
  671 | TEMPLATE_TEST_CASE("ggm_forest compare against tv", "[vector com]", test_params_128,
      | ^
../subprojects/Catch2-3.13.0/src/catch2/catch_template_test_macros.hpp:76:39: note: expanded from macro 'TEMPLATE_TEST_CASE'
   76 |     #define TEMPLATE_TEST_CASE( ... ) INTERNAL_CATCH_TEMPLATE_TEST_CASE( __VA_ARGS__ )
      |                                       ^
../subprojects/Catch2-3.13.0/src/catch2/internal/catch_template_test_registry.hpp:104:108: note: expanded from macro 'INTERNAL_CATCH_TEMPLATE_TEST_CASE'
  104 |         INTERNAL_CATCH_TEMPLATE_TEST_CASE_2( INTERNAL_CATCH_UNIQUE_NAME( CATCH2_INTERNAL_TEMPLATE_TEST_ ), INTERNAL_CATCH_UNIQUE_NAME( CATCH2_INTERNAL_TEMPLATE_TEST_ ), Name, Tags, typename TestType, __VA_ARGS__ )
      |                                                                                                            ^
../subprojects/Catch2-3.13.0/src/catch2/internal/catch_unique_name.hpp:15:85: note: expanded from macro 'INTERNAL_CATCH_UNIQUE_NAME'
   15 | #  define INTERNAL_CATCH_UNIQUE_NAME( name ) INTERNAL_CATCH_UNIQUE_NAME_LINE( name, __COUNTER__ )
      |                                                                                     ^
../test/test_vector_com.cpp:671:1: warning: '__COUNTER__' is a C2y extension [-Wc2y-extensions]
../subprojects/Catch2-3.13.0/src/catch2/catch_template_test_macros.hpp:76:39: note: expanded from macro 'TEMPLATE_TEST_CASE'
   76 |     #define TEMPLATE_TEST_CASE( ... ) INTERNAL_CATCH_TEMPLATE_TEST_CASE( __VA_ARGS__ )
      |                                       ^
../subprojects/Catch2-3.13.0/src/catch2/internal/catch_template_test_registry.hpp:104:46: note: expanded from macro 'INTERNAL_CATCH_TEMPLATE_TEST_CASE'
  104 |         INTERNAL_CATCH_TEMPLATE_TEST_CASE_2( INTERNAL_CATCH_UNIQUE_NAME( CATCH2_INTERNAL_TEMPLATE_TEST_ ), INTERNAL_CATCH_UNIQUE_NAME( CATCH2_INTERNAL_TEMPLATE_TEST_ ), Name, Tags, typename TestType, __VA_ARGS__ )
      |                                              ^
../subprojects/Catch2-3.13.0/src/catch2/internal/catch_unique_name.hpp:15:85: note: expanded from macro 'INTERNAL_CATCH_UNIQUE_NAME'
   15 | #  define INTERNAL_CATCH_UNIQUE_NAME( name ) INTERNAL_CATCH_UNIQUE_NAME_LINE( name, __COUNTER__ )
      |                                                                                     ^
../test/test_vector_com.cpp:671:1: warning: '__COUNTER__' is a C2y extension [-Wc2y-extensions]
../subprojects/Catch2-3.13.0/src/catch2/catch_template_test_macros.hpp:76:39: note: expanded from macro 'TEMPLATE_TEST_CASE'
   76 |     #define TEMPLATE_TEST_CASE( ... ) INTERNAL_CATCH_TEMPLATE_TEST_CASE( __VA_ARGS__ )
      |                                       ^
../subprojects/Catch2-3.13.0/src/catch2/internal/catch_template_test_registry.hpp:104:9: note: expanded from macro 'INTERNAL_CATCH_TEMPLATE_TEST_CASE'
  104 |         INTERNAL_CATCH_TEMPLATE_TEST_CASE_2( INTERNAL_CATCH_UNIQUE_NAME( CATCH2_INTERNAL_TEMPLATE_TEST_ ), INTERNAL_CATCH_UNIQUE_NAME( CATCH2_INTERNAL_TEMPLATE_TEST_ ), Name, Tags, typename TestType, __VA_ARGS__ )
      |         ^
../subprojects/Catch2-3.13.0/src/catch2/internal/catch_template_test_registry.hpp:93:30: note: expanded from macro 'INTERNAL_CATCH_TEMPLATE_TEST_CASE_2'
   93 |             static const int INTERNAL_CATCH_UNIQUE_NAME( globalRegistrar ) = [](){\
      |                              ^
../subprojects/Catch2-3.13.0/src/catch2/internal/catch_unique_name.hpp:15:85: note: expanded from macro 'INTERNAL_CATCH_UNIQUE_NAME'
   15 | #  define INTERNAL_CATCH_UNIQUE_NAME( name ) INTERNAL_CATCH_UNIQUE_NAME_LINE( name, __COUNTER__ )
      |                                                                                     ^
../test/test_vector_com.cpp:681:5: warning: '__COUNTER__' is a C2y extension [-Wc2y-extensions]
  681 |     INFO("SECURITY_PARAM = " << P::secpar_bits);
      |     ^
../subprojects/Catch2-3.13.0/src/catch2/catch_message.hpp:136:23: note: expanded from macro 'INFO'
  136 |   #define INFO( msg ) INTERNAL_CATCH_INFO( "INFO", msg )
      |                       ^
../subprojects/Catch2-3.13.0/src/catch2/catch_message.hpp:111:32: note: expanded from macro 'INTERNAL_CATCH_INFO'
  111 |     const Catch::ScopedMessage INTERNAL_CATCH_UNIQUE_NAME( scopedMessage )( Catch::MessageBuilder( macroName##_catch_sr, CATCH_INTERNAL_LINEINFO, Catch::ResultWas::Info ) << log )
      |                                ^
../subprojects/Catch2-3.13.0/src/catch2/internal/catch_unique_name.hpp:15:85: note: expanded from macro 'INTERNAL_CATCH_UNIQUE_NAME'
   15 | #  define INTERNAL_CATCH_UNIQUE_NAME( name ) INTERNAL_CATCH_UNIQUE_NAME_LINE( name, __COUNTER__ )
      |                                                                                     ^
../test/test_vector_com.cpp:723:9: warning: '__COUNTER__' is a C2y extension [-Wc2y-extensions]
  723 |         INFO("delta = " << delta);
      |         ^
../subprojects/Catch2-3.13.0/src/catch2/catch_message.hpp:136:23: note: expanded from macro 'INFO'
  136 |   #define INFO( msg ) INTERNAL_CATCH_INFO( "INFO", msg )
      |                       ^
../subprojects/Catch2-3.13.0/src/catch2/catch_message.hpp:111:32: note: expanded from macro 'INTERNAL_CATCH_INFO'
  111 |     const Catch::ScopedMessage INTERNAL_CATCH_UNIQUE_NAME( scopedMessage )( Catch::MessageBuilder( macroName##_catch_sr, CATCH_INTERNAL_LINEINFO, Catch::ResultWas::Info ) << log )
      |                                ^
../subprojects/Catch2-3.13.0/src/catch2/internal/catch_unique_name.hpp:15:85: note: expanded from macro 'INTERNAL_CATCH_UNIQUE_NAME'
   15 | #  define INTERNAL_CATCH_UNIQUE_NAME( name ) INTERNAL_CATCH_UNIQUE_NAME_LINE( name, __COUNTER__ )
      |                                                                                     ^
../test/test_vector_com.cpp:773:1: warning: '__COUNTER__' is a C2y extension [-Wc2y-extensions]
  773 | TEMPLATE_TEST_CASE("bacv compare against tv", "[vector com]", ALL_FAEST_V2_INSTANCES)
      | ^
../subprojects/Catch2-3.13.0/src/catch2/catch_template_test_macros.hpp:76:39: note: expanded from macro 'TEMPLATE_TEST_CASE'
   76 |     #define TEMPLATE_TEST_CASE( ... ) INTERNAL_CATCH_TEMPLATE_TEST_CASE( __VA_ARGS__ )
      |                                       ^
../subprojects/Catch2-3.13.0/src/catch2/internal/catch_template_test_registry.hpp:104:108: note: expanded from macro 'INTERNAL_CATCH_TEMPLATE_TEST_CASE'
  104 |         INTERNAL_CATCH_TEMPLATE_TEST_CASE_2( INTERNAL_CATCH_UNIQUE_NAME( CATCH2_INTERNAL_TEMPLATE_TEST_ ), INTERNAL_CATCH_UNIQUE_NAME( CATCH2_INTERNAL_TEMPLATE_TEST_ ), Name, Tags, typename TestType, __VA_ARGS__ )
      |                                                                                                            ^
../subprojects/Catch2-3.13.0/src/catch2/internal/catch_unique_name.hpp:15:85: note: expanded from macro 'INTERNAL_CATCH_UNIQUE_NAME'
   15 | #  define INTERNAL_CATCH_UNIQUE_NAME( name ) INTERNAL_CATCH_UNIQUE_NAME_LINE( name, __COUNTER__ )
      |                                                                                     ^
../test/test_vector_com.cpp:773:1: warning: '__COUNTER__' is a C2y extension [-Wc2y-extensions]
../subprojects/Catch2-3.13.0/src/catch2/catch_template_test_macros.hpp:76:39: note: expanded from macro 'TEMPLATE_TEST_CASE'
   76 |     #define TEMPLATE_TEST_CASE( ... ) INTERNAL_CATCH_TEMPLATE_TEST_CASE( __VA_ARGS__ )
      |                                       ^
../subprojects/Catch2-3.13.0/src/catch2/internal/catch_template_test_registry.hpp:104:46: note: expanded from macro 'INTERNAL_CATCH_TEMPLATE_TEST_CASE'
  104 |         INTERNAL_CATCH_TEMPLATE_TEST_CASE_2( INTERNAL_CATCH_UNIQUE_NAME( CATCH2_INTERNAL_TEMPLATE_TEST_ ), INTERNAL_CATCH_UNIQUE_NAME( CATCH2_INTERNAL_TEMPLATE_TEST_ ), Name, Tags, typename TestType, __VA_ARGS__ )
      |                                              ^
../subprojects/Catch2-3.13.0/src/catch2/internal/catch_unique_name.hpp:15:85: note: expanded from macro 'INTERNAL_CATCH_UNIQUE_NAME'
   15 | #  define INTERNAL_CATCH_UNIQUE_NAME( name ) INTERNAL_CATCH_UNIQUE_NAME_LINE( name, __COUNTER__ )
      |                                                                                     ^
../test/test_vector_com.cpp:773:1: warning: '__COUNTER__' is a C2y extension [-Wc2y-extensions]
../subprojects/Catch2-3.13.0/src/catch2/catch_template_test_macros.hpp:76:39: note: expanded from macro 'TEMPLATE_TEST_CASE'
   76 |     #define TEMPLATE_TEST_CASE( ... ) INTERNAL_CATCH_TEMPLATE_TEST_CASE( __VA_ARGS__ )
      |                                       ^
../subprojects/Catch2-3.13.0/src/catch2/internal/catch_template_test_registry.hpp:104:9: note: expanded from macro 'INTERNAL_CATCH_TEMPLATE_TEST_CASE'
  104 |         INTERNAL_CATCH_TEMPLATE_TEST_CASE_2( INTERNAL_CATCH_UNIQUE_NAME( CATCH2_INTERNAL_TEMPLATE_TEST_ ), INTERNAL_CATCH_UNIQUE_NAME( CATCH2_INTERNAL_TEMPLATE_TEST_ ), Name, Tags, typename TestType, __VA_ARGS__ )
      |         ^
../subprojects/Catch2-3.13.0/src/catch2/internal/catch_template_test_registry.hpp:93:30: note: expanded from macro 'INTERNAL_CATCH_TEMPLATE_TEST_CASE_2'
   93 |             static const int INTERNAL_CATCH_UNIQUE_NAME( globalRegistrar ) = [](){\
      |                              ^
../subprojects/Catch2-3.13.0/src/catch2/internal/catch_unique_name.hpp:15:85: note: expanded from macro 'INTERNAL_CATCH_UNIQUE_NAME'
   15 | #  define INTERNAL_CATCH_UNIQUE_NAME( name ) INTERNAL_CATCH_UNIQUE_NAME_LINE( name, __COUNTER__ )
      |                                                                                     ^
../test/test_vector_com.cpp:860:9: warning: '__COUNTER__' is a C2y extension [-Wc2y-extensions]
  860 |         INFO("i = " << i << ", Delta_" << i << " = " << TVS::i_delta[i]);
      |         ^
../subprojects/Catch2-3.13.0/src/catch2/catch_message.hpp:136:23: note: expanded from macro 'INFO'
  136 |   #define INFO( msg ) INTERNAL_CATCH_INFO( "INFO", msg )
      |                       ^
../subprojects/Catch2-3.13.0/src/catch2/catch_message.hpp:111:32: note: expanded from macro 'INTERNAL_CATCH_INFO'
  111 |     const Catch::ScopedMessage INTERNAL_CATCH_UNIQUE_NAME( scopedMessage )( Catch::MessageBuilder( macroName##_catch_sr, CATCH_INTERNAL_LINEINFO, Catch::ResultWas::Info ) << log )
      |                                ^
../subprojects/Catch2-3.13.0/src/catch2/internal/catch_unique_name.hpp:15:85: note: expanded from macro 'INTERNAL_CATCH_UNIQUE_NAME'
   15 | #  define INTERNAL_CATCH_UNIQUE_NAME( name ) INTERNAL_CATCH_UNIQUE_NAME_LINE( name, __COUNTER__ )
      |                                                                                     ^
../test/test_vector_com.cpp:870:17: warning: '__COUNTER__' is a C2y extension [-Wc2y-extensions]
  870 |                 INFO("j = " << j);
      |                 ^
../subprojects/Catch2-3.13.0/src/catch2/catch_message.hpp:136:23: note: expanded from macro 'INFO'
  136 |   #define INFO( msg ) INTERNAL_CATCH_INFO( "INFO", msg )
      |                       ^
../subprojects/Catch2-3.13.0/src/catch2/catch_message.hpp:111:32: note: expanded from macro 'INTERNAL_CATCH_INFO'
  111 |     const Catch::ScopedMessage INTERNAL_CATCH_UNIQUE_NAME( scopedMessage )( Catch::MessageBuilder( macroName##_catch_sr, CATCH_INTERNAL_LINEINFO, Catch::ResultWas::Info ) << log )
      |                                ^
../subprojects/Catch2-3.13.0/src/catch2/internal/catch_unique_name.hpp:15:85: note: expanded from macro 'INTERNAL_CATCH_UNIQUE_NAME'
   15 | #  define INTERNAL_CATCH_UNIQUE_NAME( name ) INTERNAL_CATCH_UNIQUE_NAME_LINE( name, __COUNTER__ )
      |                                                                                     ^
../test/test_vector_com.cpp:827:34: warning: instantiation of variable 'bavc_tvs<faest::parameter_set<faest::secpar::s128, 11, faest::owf::v2, faest::prg::aes_ctr, faest::prg::aes_ctr, faest::leaf_hash::aes_ctr_stat_bind, 7, std::pair<bavc, std::size_t>{1, 102}>>::h' required here, but no definition is available [-Wundefined-var-template]
  827 |     REQUIRE(commitment_h == TVS::h);
      |                                  ^
../test/test_vector_com.cpp:773:1: note: in instantiation of function template specialization 'CATCH2_INTERNAL_TEMPLATE_TEST_22<faest::parameter_set<faest::secpar::s128, 11, faest::owf::v2, faest::prg::aes_ctr, faest::prg::aes_ctr, faest::leaf_hash::aes_ctr_stat_bind, 7, std::pair<bavc, std::size_t>{1, 102}>>' requested here
  773 | TEMPLATE_TEST_CASE("bacv compare against tv", "[vector com]", ALL_FAEST_V2_INSTANCES)
      | ^
../subprojects/Catch2-3.13.0/src/catch2/catch_template_test_macros.hpp:76:39: note: expanded from macro 'TEMPLATE_TEST_CASE'
   76 |     #define TEMPLATE_TEST_CASE( ... ) INTERNAL_CATCH_TEMPLATE_TEST_CASE( __VA_ARGS__ )
      |                                       ^
../subprojects/Catch2-3.13.0/src/catch2/internal/catch_template_test_registry.hpp:104:108: note: expanded from macro 'INTERNAL_CATCH_TEMPLATE_TEST_CASE'
  104 |         INTERNAL_CATCH_TEMPLATE_TEST_CASE_2( INTERNAL_CATCH_UNIQUE_NAME( CATCH2_INTERNAL_TEMPLATE_TEST_ ), INTERNAL_CATCH_UNIQUE_NAME( CATCH2_INTERNAL_TEMPLATE_TEST_ ), Name, Tags, typename TestType, __VA_ARGS__ )
      |                                                                                                            ^
../subprojects/Catch2-3.13.0/src/catch2/internal/catch_unique_name.hpp:15:46: note: expanded from macro 'INTERNAL_CATCH_UNIQUE_NAME'
   15 | #  define INTERNAL_CATCH_UNIQUE_NAME( name ) INTERNAL_CATCH_UNIQUE_NAME_LINE( name, __COUNTER__ )
      |                                              ^
note: (skipping 3 expansions in backtrace; use -fmacro-backtrace-limit=0 to see all)
../subprojects/Catch2-3.13.0/src/catch2/internal/catch_template_test_registry.hpp:83:41: note: expanded from macro 'INTERNAL_CATCH_TEMPLATE_TEST_CASE_2'
   83 |             INTERNAL_CATCH_NTTP_REG_GEN(TestFunc,INTERNAL_CATCH_REMOVE_PARENS(Signature))\
      |                                         ^
../subprojects/Catch2-3.13.0/src/catch2/internal/catch_preprocessor.hpp:231:82: note: expanded from macro 'INTERNAL_CATCH_NTTP_REG_GEN'
  231 | #define INTERNAL_CATCH_NTTP_REG_GEN(TestFunc, ...) INTERNAL_CATCH_TYPES_REGISTER(TestFunc) INTERNAL_CATCH_VA_NARGS_IMPL( "dummy", __VA_ARGS__, INTERNAL_CATCH_NTTP_REGISTER, INTERNAL_CATCH_NTTP_REGISTER, INTERNAL_CATCH_NTTP_REGISTER, INTERNAL_CATCH_NTTP_REGISTER, INTERNAL_CATCH_NTTP_REGISTER, INTERNAL_CATCH_NTTP_REGISTER, INTERNAL_CATCH_NTTP_REGISTER, INTERNAL_CATCH_NTTP_REGISTER, INTERNAL_CATCH_NTTP_REGISTER, INTERNAL_CATCH_NTTP_REGISTER0, INTERNAL_CATCH_NTTP_REGISTER0)(TestFunc, __VA_ARGS__)
      |                                                                                  ^
../subprojects/Catch2-3.13.0/src/catch2/internal/catch_preprocessor.hpp:179:49: note: expanded from macro 'INTERNAL_CATCH_TYPES_REGISTER'
  179 |         Catch::AutoReg( Catch::makeTestInvoker(&TestFunc<Ts...>), CATCH_INTERNAL_LINEINFO, Catch::StringRef(), nameAndTags);\
      |                                                 ^
../test/test_vector_com.cpp:773:1: note: in instantiation of function template specialization '(anonymous namespace)::ns_CATCH2_INTERNAL_TEMPLATE_TEST_23::reg_test<faest::parameter_set<faest::secpar::s128, 11, faest::owf::v2, faest::prg::aes_ctr, faest::prg::aes_ctr, faest::leaf_hash::aes_ctr_stat_bind, 7, std::pair<bavc, std::size_t>{1, 102}>>' requested here
../subprojects/Catch2-3.13.0/src/catch2/catch_template_test_macros.hpp:76:39: note: expanded from macro 'TEMPLATE_TEST_CASE'
   76 |     #define TEMPLATE_TEST_CASE( ... ) INTERNAL_CATCH_TEMPLATE_TEST_CASE( __VA_ARGS__ )
      |                                       ^
../subprojects/Catch2-3.13.0/src/catch2/internal/catch_template_test_registry.hpp:104:9: note: expanded from macro 'INTERNAL_CATCH_TEMPLATE_TEST_CASE'
  104 |         INTERNAL_CATCH_TEMPLATE_TEST_CASE_2( INTERNAL_CATCH_UNIQUE_NAME( CATCH2_INTERNAL_TEMPLATE_TEST_ ), INTERNAL_CATCH_UNIQUE_NAME( CATCH2_INTERNAL_TEMPLATE_TEST_ ), Name, Tags, typename TestType, __VA_ARGS__ )
      |         ^
../subprojects/Catch2-3.13.0/src/catch2/internal/catch_template_test_registry.hpp:90:37: note: expanded from macro 'INTERNAL_CATCH_TEMPLATE_TEST_CASE_2'
   90 |                     (void)expander{(reg_test(Types{}, Catch::NameAndTags{ Name " - " + std::string(tmpl_types[index]), Tags } ), index++)... };/* NOLINT */ \
      |                                     ^
../test/test_vector_com.cpp:773:1: note: in instantiation of member function '(anonymous namespace)::ns_CATCH2_INTERNAL_TEMPLATE_TEST_23::CATCH2_INTERNAL_TEMPLATE_TEST_23<(anonymous namespace)::ns_CATCH2_INTERNAL_TEMPLATE_TEST_23::TypeList<faest::parameter_set<faest::secpar::s128, 11, faest::owf::v2, faest::prg::aes_ctr, faest::prg::aes_ctr, faest::leaf_hash::aes_ctr_stat_bind, 7, std::pair<bavc, std::size_t>{1, 102}>>, (anonymous namespace)::ns_CATCH2_INTERNAL_TEMPLATE_TEST_23::TypeList<faest::parameter_set<faest::secpar::s128, 16, faest::owf::v2, faest::prg::aes_ctr, faest::prg::aes_ctr, faest::leaf_hash::aes_ctr_stat_bind, 8, std::pair<bavc, std::size_t>{1, 110}>>, (anonymous namespace)::ns_CATCH2_INTERNAL_TEMPLATE_TEST_23::TypeList<faest::parameter_set<faest::secpar::s192, 16, faest::owf::v2, faest::prg::aes_ctr, faest::prg::aes_ctr, faest::leaf_hash::aes_ctr_stat_bind, 12, std::pair<bavc, std::size_t>{1, 162}>>, (anonymous namespace)::ns_CATCH2_INTERNAL_TEMPLATE_TEST_23::TypeList<faest::parameter_set<faest::secpar::s192, 24, faest::owf::v2, faest::prg::aes_ctr, faest::prg::aes_ctr, faest::leaf_hash::aes_ctr_stat_bind, 8, std::pair<bavc, std::size_t>{1, 163}>>, (anonymous namespace)::ns_CATCH2_INTERNAL_TEMPLATE_TEST_23::TypeList<faest::parameter_set<faest::secpar::s256, 22, faest::owf::v2, faest::prg::aes_ctr, faest::prg::aes_ctr, faest::leaf_hash::aes_ctr_stat_bind, 6, std::pair<bavc, std::size_t>{1, 245}>>, (anonymous namespace)::ns_CATCH2_INTERNAL_TEMPLATE_TEST_23::TypeList<faest::parameter_set<faest::secpar::s256, 32, faest::owf::v2, faest::prg::aes_ctr, faest::prg::aes_ctr, faest::leaf_hash::aes_ctr_stat_bind, 8, std::pair<bavc, std::size_t>{1, 246}>>, (anonymous namespace)::ns_CATCH2_INTERNAL_TEMPLATE_TEST_23::TypeList<faest::parameter_set<faest::secpar::s128, 11, faest::owf::v2_em, faest::prg::aes_ctr, faest::prg::aes_ctr, faest::leaf_hash::aes_ctr, 7, std::pair<bavc, std::size_t>{1, 103}>>, (anonymous namespace)::ns_CATCH2_INTERNAL_TEMPLATE_TEST_23::TypeList<faest::parameter_set<faest::secpar::s128, 16, faest::owf::v2_em, faest::prg::aes_ctr, faest::prg::aes_ctr, faest::leaf_hash::aes_ctr, 8, std::pair<bavc, std::size_t>{1, 112}>>, (anonymous namespace)::ns_CATCH2_INTERNAL_TEMPLATE_TEST_23::TypeList<faest::parameter_set<faest::secpar::s192, 16, faest::owf::v2_em, faest::prg::aes_ctr, faest::prg::aes_ctr, faest::leaf_hash::aes_ctr, 8, std::pair<bavc, std::size_t>{1, 162}>>, (anonymous namespace)::ns_CATCH2_INTERNAL_TEMPLATE_TEST_23::TypeList<faest::parameter_set<faest::secpar::s192, 24, faest::owf::v2_em, faest::prg::aes_ctr, faest::prg::aes_ctr, faest::leaf_hash::aes_ctr, 8, std::pair<bavc, std::size_t>{1, 176}>>, (anonymous namespace)::ns_CATCH2_INTERNAL_TEMPLATE_TEST_23::TypeList<faest::parameter_set<faest::secpar::s256, 22, faest::owf::v2_em, faest::prg::aes_ctr, faest::prg::aes_ctr, faest::leaf_hash::aes_ctr, 6, std::pair<bavc, std::size_t>{1, 218}>>, (anonymous namespace)::ns_CATCH2_INTERNAL_TEMPLATE_TEST_23::TypeList<faest::parameter_set<faest::secpar::s256, 32, faest::owf::v2_em, faest::prg::aes_ctr, faest::prg::aes_ctr, faest::leaf_hash::aes_ctr, 8, std::pair<bavc, std::size_t>{1, 234}>>>::CATCH2_INTERNAL_TEMPLATE_TEST_23' requested here
../subprojects/Catch2-3.13.0/src/catch2/catch_template_test_macros.hpp:76:39: note: expanded from macro 'TEMPLATE_TEST_CASE'
   76 |     #define TEMPLATE_TEST_CASE( ... ) INTERNAL_CATCH_TEMPLATE_TEST_CASE( __VA_ARGS__ )
      |                                       ^
../subprojects/Catch2-3.13.0/src/catch2/internal/catch_template_test_registry.hpp:104:46: note: expanded from macro 'INTERNAL_CATCH_TEMPLATE_TEST_CASE'
  104 |         INTERNAL_CATCH_TEMPLATE_TEST_CASE_2( INTERNAL_CATCH_UNIQUE_NAME( CATCH2_INTERNAL_TEMPLATE_TEST_ ), INTERNAL_CATCH_UNIQUE_NAME( CATCH2_INTERNAL_TEMPLATE_TEST_ ), Name, Tags, typename TestType, __VA_ARGS__ )
      |                                              ^
../subprojects/Catch2-3.13.0/src/catch2/internal/catch_unique_name.hpp:15:46: note: expanded from macro 'INTERNAL_CATCH_UNIQUE_NAME'
   15 | #  define INTERNAL_CATCH_UNIQUE_NAME( name ) INTERNAL_CATCH_UNIQUE_NAME_LINE( name, __COUNTER__ )
      |                                              ^
note: (skipping 1 expansions in backtrace; use -fmacro-backtrace-limit=0 to see all)
../subprojects/Catch2-3.13.0/src/catch2/internal/catch_unique_name.hpp:12:56: note: expanded from macro 'INTERNAL_CATCH_UNIQUE_NAME_LINE2'
   12 | #define INTERNAL_CATCH_UNIQUE_NAME_LINE2( name, line ) name##line
      |                                                        ^
<scratch space>:181:1: note: expanded from here
  181 | CATCH2_INTERNAL_TEMPLATE_TEST_23
      | ^
../subprojects/Catch2-3.13.0/src/catch2/internal/catch_template_test_registry.hpp:94:13: note: expanded from macro 'INTERNAL_CATCH_TEMPLATE_TEST_CASE_2'
   94 |             TestName<INTERNAL_CATCH_MAKE_TYPE_LISTS_FROM_TYPES(__VA_ARGS__)>();\
      |             ^
../test/test_bavc_tvs.hpp:11:59: note: forward declaration of template entity is here
   11 |     const static std::array<uint8_t, 2 * P::secpar_bytes> h;
      |                                                           ^
../test/test_vector_com.cpp:827:34: note: add an explicit instantiation declaration to suppress this warning if 'bavc_tvs<faest::parameter_set<faest::secpar::s128, 11, faest::owf::v2, faest::prg::aes_ctr, faest::prg::aes_ctr, faest::leaf_hash::aes_ctr_stat_bind, 7, std::pair<bavc, std::size_t>{1, 102}>>::h' is explicitly instantiated in another translation unit
  827 |     REQUIRE(commitment_h == TVS::h);
      |                                  ^
../test/test_vector_com.cpp:831:31: warning: instantiation of variable 'bavc_tvs<faest::parameter_set<faest::secpar::s128, 11, faest::owf::v2, faest::prg::aes_ctr, faest::prg::aes_ctr, faest::leaf_hash::aes_ctr_stat_bind, 7, std::pair<bavc, std::size_t>{1, 102}>>::hashed_sd' required here, but no definition is available [-Wundefined-var-template]
  831 |     REQUIRE(hashed_sd == TVS::hashed_sd);
      |                               ^
../test/test_bavc_tvs.hpp:13:42: note: forward declaration of template entity is here
   13 |     const static std::array<uint8_t, 64> hashed_sd;
      |                                          ^
../test/test_vector_com.cpp:831:31: note: add an explicit instantiation declaration to suppress this warning if 'bavc_tvs<faest::parameter_set<faest::secpar::s128, 11, faest::owf::v2, faest::prg::aes_ctr, faest::prg::aes_ctr, faest::leaf_hash::aes_ctr_stat_bind, 7, std::pair<bavc, std::size_t>{1, 102}>>::hashed_sd' is explicitly instantiated in another translation unit
  831 |     REQUIRE(hashed_sd == TVS::hashed_sd);
      |                               ^
../test/test_vector_com.cpp:834:30: warning: instantiation of variable 'bavc_tvs<faest::parameter_set<faest::secpar::s128, 11, faest::owf::v2, faest::prg::aes_ctr, faest::prg::aes_ctr, faest::leaf_hash::aes_ctr_stat_bind, 7, std::pair<bavc, std::size_t>{1, 102}>>::hashed_k' required here, but no definition is available [-Wundefined-var-template]
  834 |     REQUIRE(hashed_k == TVS::hashed_k);
      |                              ^
../test/test_bavc_tvs.hpp:12:42: note: forward declaration of template entity is here
   12 |     const static std::array<uint8_t, 64> hashed_k;
      |                                          ^
../test/test_vector_com.cpp:834:30: note: add an explicit instantiation declaration to suppress this warning if 'bavc_tvs<faest::parameter_set<faest::secpar::s128, 11, faest::owf::v2, faest::prg::aes_ctr, faest::prg::aes_ctr, faest::leaf_hash::aes_ctr_stat_bind, 7, std::pair<bavc, std::size_t>{1, 102}>>::hashed_k' is explicitly instantiated in another translation unit
  834 |     REQUIRE(hashed_k == TVS::hashed_k);
      |                              ^
../test/test_vector_com.cpp:840:45: warning: instantiation of variable 'bavc_tvs<faest::parameter_set<faest::secpar::s128, 11, faest::owf::v2, faest::prg::aes_ctr, faest::prg::aes_ctr, faest::leaf_hash::aes_ctr_stat_bind, 7, std::pair<bavc, std::size_t>{1, 102}>>::i_delta' required here, but no definition is available [-Wundefined-var-template]
  840 |             delta_bytes[offset + j] = (TVS::i_delta[i] & (1 << j)) ? 0xff : 0x00;
      |                                             ^
../test/test_bavc_tvs.hpp:14:49: note: forward declaration of template entity is here
   14 |     const static std::array<uint16_t, P::tau_v> i_delta;
      |                                                 ^
../test/test_vector_com.cpp:840:45: note: add an explicit instantiation declaration to suppress this warning if 'bavc_tvs<faest::parameter_set<faest::secpar::s128, 11, faest::owf::v2, faest::prg::aes_ctr, faest::prg::aes_ctr, faest::leaf_hash::aes_ctr_stat_bind, 7, std::pair<bavc, std::size_t>{1, 102}>>::i_delta' is explicitly instantiated in another translation unit
  840 |             delta_bytes[offset + j] = (TVS::i_delta[i] & (1 << j)) ? 0xff : 0x00;
      |                                             ^
../test/test_vector_com.cpp:849:36: warning: instantiation of variable 'bavc_tvs<faest::parameter_set<faest::secpar::s128, 11, faest::owf::v2, faest::prg::aes_ctr, faest::prg::aes_ctr, faest::leaf_hash::aes_ctr_stat_bind, 7, std::pair<bavc, std::size_t>{1, 102}>>::hashed_decom_i' required here, but no definition is available [-Wundefined-var-template]
  849 |     REQUIRE(hashed_decom_i == TVS::hashed_decom_i);
      |                                    ^
../test/test_bavc_tvs.hpp:15:42: note: forward declaration of template entity is here
   15 |     const static std::array<uint8_t, 64> hashed_decom_i;
      |                                          ^
../test/test_vector_com.cpp:849:36: note: add an explicit instantiation declaration to suppress this warning if 'bavc_tvs<faest::parameter_set<faest::secpar::s128, 11, faest::owf::v2, faest::prg::aes_ctr, faest::prg::aes_ctr, faest::leaf_hash::aes_ctr_stat_bind, 7, std::pair<bavc, std::size_t>{1, 102}>>::hashed_decom_i' is explicitly instantiated in another translation unit
  849 |     REQUIRE(hashed_decom_i == TVS::hashed_decom_i);
      |                                    ^
../test/test_vector_com.cpp:881:35: warning: instantiation of variable 'bavc_tvs<faest::parameter_set<faest::secpar::s128, 11, faest::owf::v2, faest::prg::aes_ctr, faest::prg::aes_ctr, faest::leaf_hash::aes_ctr_stat_bind, 7, std::pair<bavc, std::size_t>{1, 102}>>::hashed_rec_sd' required here, but no definition is available [-Wundefined-var-template]
  881 |     REQUIRE(hashed_rec_sd == TVS::hashed_rec_sd);
      |                                   ^
../test/test_bavc_tvs.hpp:16:42: note: forward declaration of template entity is here
   16 |     const static std::array<uint8_t, 64> hashed_rec_sd;
      |                                          ^
../test/test_vector_com.cpp:881:35: note: add an explicit instantiation declaration to suppress this warning if 'bavc_tvs<faest::parameter_set<faest::secpar::s128, 11, faest::owf::v2, faest::prg::aes_ctr, faest::prg::aes_ctr, faest::leaf_hash::aes_ctr_stat_bind, 7, std::pair<bavc, std::size_t>{1, 102}>>::hashed_rec_sd' is explicitly instantiated in another translation unit
  881 |     REQUIRE(hashed_rec_sd == TVS::hashed_rec_sd);
      |                                   ^
../test/test_vector_com.cpp:827:34: warning: instantiation of variable 'bavc_tvs<faest::parameter_set<faest::secpar::s128, 16, faest::owf::v2, faest::prg::aes_ctr, faest::prg::aes_ctr, faest::leaf_hash::aes_ctr_stat_bind, 8, std::pair<bavc, std::size_t>{1, 110}>>::h' required here, but no definition is available [-Wundefined-var-template]
  827 |     REQUIRE(commitment_h == TVS::h);
      |                                  ^
../test/test_vector_com.cpp:773:1: note: in instantiation of function template specialization 'CATCH2_INTERNAL_TEMPLATE_TEST_22<faest::parameter_set<faest::secpar::s128, 16, faest::owf::v2, faest::prg::aes_ctr, faest::prg::aes_ctr, faest::leaf_hash::aes_ctr_stat_bind, 8, std::pair<bavc, std::size_t>{1, 110}>>' requested here
  773 | TEMPLATE_TEST_CASE("bacv compare against tv", "[vector com]", ALL_FAEST_V2_INSTANCES)
      | ^
../subprojects/Catch2-3.13.0/src/catch2/catch_template_test_macros.hpp:76:39: note: expanded from macro 'TEMPLATE_TEST_CASE'
   76 |     #define TEMPLATE_TEST_CASE( ... ) INTERNAL_CATCH_TEMPLATE_TEST_CASE( __VA_ARGS__ )
      |                                       ^
../subprojects/Catch2-3.13.0/src/catch2/internal/catch_template_test_registry.hpp:104:108: note: expanded from macro 'INTERNAL_CATCH_TEMPLATE_TEST_CASE'
  104 |         INTERNAL_CATCH_TEMPLATE_TEST_CASE_2( INTERNAL_CATCH_UNIQUE_NAME( CATCH2_INTERNAL_TEMPLATE_TEST_ ), INTERNAL_CATCH_UNIQUE_NAME( CATCH2_INTERNAL_TEMPLATE_TEST_ ), Name, Tags, typename TestType, __VA_ARGS__ )
      |                                                                                                            ^
../subprojects/Catch2-3.13.0/src/catch2/internal/catch_unique_name.hpp:15:46: note: expanded from macro 'INTERNAL_CATCH_UNIQUE_NAME'
   15 | #  define INTERNAL_CATCH_UNIQUE_NAME( name ) INTERNAL_CATCH_UNIQUE_NAME_LINE( name, __COUNTER__ )
      |                                              ^
note: (skipping 3 expansions in backtrace; use -fmacro-backtrace-limit=0 to see all)
../subprojects/Catch2-3.13.0/src/catch2/internal/catch_template_test_registry.hpp:83:41: note: expanded from macro 'INTERNAL_CATCH_TEMPLATE_TEST_CASE_2'
   83 |             INTERNAL_CATCH_NTTP_REG_GEN(TestFunc,INTERNAL_CATCH_REMOVE_PARENS(Signature))\
      |                                         ^
../subprojects/Catch2-3.13.0/src/catch2/internal/catch_preprocessor.hpp:231:82: note: expanded from macro 'INTERNAL_CATCH_NTTP_REG_GEN'
  231 | #define INTERNAL_CATCH_NTTP_REG_GEN(TestFunc, ...) INTERNAL_CATCH_TYPES_REGISTER(TestFunc) INTERNAL_CATCH_VA_NARGS_IMPL( "dummy", __VA_ARGS__, INTERNAL_CATCH_NTTP_REGISTER, INTERNAL_CATCH_NTTP_REGISTER, INTERNAL_CATCH_NTTP_REGISTER, INTERNAL_CATCH_NTTP_REGISTER, INTERNAL_CATCH_NTTP_REGISTER, INTERNAL_CATCH_NTTP_REGISTER, INTERNAL_CATCH_NTTP_REGISTER, INTERNAL_CATCH_NTTP_REGISTER, INTERNAL_CATCH_NTTP_REGISTER, INTERNAL_CATCH_NTTP_REGISTER0, INTERNAL_CATCH_NTTP_REGISTER0)(TestFunc, __VA_ARGS__)
      |                                                                                  ^
../subprojects/Catch2-3.13.0/src/catch2/internal/catch_preprocessor.hpp:179:49: note: expanded from macro 'INTERNAL_CATCH_TYPES_REGISTER'
  179 |         Catch::AutoReg( Catch::makeTestInvoker(&TestFunc<Ts...>), CATCH_INTERNAL_LINEINFO, Catch::StringRef(), nameAndTags);\
      |                                                 ^
../test/test_vector_com.cpp:773:1: note: in instantiation of function template specialization '(anonymous namespace)::ns_CATCH2_INTERNAL_TEMPLATE_TEST_23::reg_test<faest::parameter_set<faest::secpar::s128, 16, faest::owf::v2, faest::prg::aes_ctr, faest::prg::aes_ctr, faest::leaf_hash::aes_ctr_stat_bind, 8, std::pair<bavc, std::size_t>{1, 110}>>' requested here
../subprojects/Catch2-3.13.0/src/catch2/catch_template_test_macros.hpp:76:39: note: expanded from macro 'TEMPLATE_TEST_CASE'
   76 |     #define TEMPLATE_TEST_CASE( ... ) INTERNAL_CATCH_TEMPLATE_TEST_CASE( __VA_ARGS__ )
      |                                       ^
../subprojects/Catch2-3.13.0/src/catch2/internal/catch_template_test_registry.hpp:104:9: note: expanded from macro 'INTERNAL_CATCH_TEMPLATE_TEST_CASE'
  104 |         INTERNAL_CATCH_TEMPLATE_TEST_CASE_2( INTERNAL_CATCH_UNIQUE_NAME( CATCH2_INTERNAL_TEMPLATE_TEST_ ), INTERNAL_CATCH_UNIQUE_NAME( CATCH2_INTERNAL_TEMPLATE_TEST_ ), Name, Tags, typename TestType, __VA_ARGS__ )
      |         ^
../subprojects/Catch2-3.13.0/src/catch2/internal/catch_template_test_registry.hpp:90:37: note: expanded from macro 'INTERNAL_CATCH_TEMPLATE_TEST_CASE_2'
   90 |                     (void)expander{(reg_test(Types{}, Catch::NameAndTags{ Name " - " + std::string(tmpl_types[index]), Tags } ), index++)... };/* NOLINT */ \
      |                                     ^
../test/test_vector_com.cpp:773:1: note: in instantiation of member function '(anonymous namespace)::ns_CATCH2_INTERNAL_TEMPLATE_TEST_23::CATCH2_INTERNAL_TEMPLATE_TEST_23<(anonymous namespace)::ns_CATCH2_INTERNAL_TEMPLATE_TEST_23::TypeList<faest::parameter_set<faest::secpar::s128, 11, faest::owf::v2, faest::prg::aes_ctr, faest::prg::aes_ctr, faest::leaf_hash::aes_ctr_stat_bind, 7, std::pair<bavc, std::size_t>{1, 102}>>, (anonymous namespace)::ns_CATCH2_INTERNAL_TEMPLATE_TEST_23::TypeList<faest::parameter_set<faest::secpar::s128, 16, faest::owf::v2, faest::prg::aes_ctr, faest::prg::aes_ctr, faest::leaf_hash::aes_ctr_stat_bind, 8, std::pair<bavc, std::size_t>{1, 110}>>, (anonymous namespace)::ns_CATCH2_INTERNAL_TEMPLATE_TEST_23::TypeList<faest::parameter_set<faest::secpar::s192, 16, faest::owf::v2, faest::prg::aes_ctr, faest::prg::aes_ctr, faest::leaf_hash::aes_ctr_stat_bind, 12, std::pair<bavc, std::size_t>{1, 162}>>, (anonymous namespace)::ns_CATCH2_INTERNAL_TEMPLATE_TEST_23::TypeList<faest::parameter_set<faest::secpar::s192, 24, faest::owf::v2, faest::prg::aes_ctr, faest::prg::aes_ctr, faest::leaf_hash::aes_ctr_stat_bind, 8, std::pair<bavc, std::size_t>{1, 163}>>, (anonymous namespace)::ns_CATCH2_INTERNAL_TEMPLATE_TEST_23::TypeList<faest::parameter_set<faest::secpar::s256, 22, faest::owf::v2, faest::prg::aes_ctr, faest::prg::aes_ctr, faest::leaf_hash::aes_ctr_stat_bind, 6, std::pair<bavc, std::size_t>{1, 245}>>, (anonymous namespace)::ns_CATCH2_INTERNAL_TEMPLATE_TEST_23::TypeList<faest::parameter_set<faest::secpar::s256, 32, faest::owf::v2, faest::prg::aes_ctr, faest::prg::aes_ctr, faest::leaf_hash::aes_ctr_stat_bind, 8, std::pair<bavc, std::size_t>{1, 246}>>, (anonymous namespace)::ns_CATCH2_INTERNAL_TEMPLATE_TEST_23::TypeList<faest::parameter_set<faest::secpar::s128, 11, faest::owf::v2_em, faest::prg::aes_ctr, faest::prg::aes_ctr, faest::leaf_hash::aes_ctr, 7, std::pair<bavc, std::size_t>{1, 103}>>, (anonymous namespace)::ns_CATCH2_INTERNAL_TEMPLATE_TEST_23::TypeList<faest::parameter_set<faest::secpar::s128, 16, faest::owf::v2_em, faest::prg::aes_ctr, faest::prg::aes_ctr, faest::leaf_hash::aes_ctr, 8, std::pair<bavc, std::size_t>{1, 112}>>, (anonymous namespace)::ns_CATCH2_INTERNAL_TEMPLATE_TEST_23::TypeList<faest::parameter_set<faest::secpar::s192, 16, faest::owf::v2_em, faest::prg::aes_ctr, faest::prg::aes_ctr, faest::leaf_hash::aes_ctr, 8, std::pair<bavc, std::size_t>{1, 162}>>, (anonymous namespace)::ns_CATCH2_INTERNAL_TEMPLATE_TEST_23::TypeList<faest::parameter_set<faest::secpar::s192, 24, faest::owf::v2_em, faest::prg::aes_ctr, faest::prg::aes_ctr, faest::leaf_hash::aes_ctr, 8, std::pair<bavc, std::size_t>{1, 176}>>, (anonymous namespace)::ns_CATCH2_INTERNAL_TEMPLATE_TEST_23::TypeList<faest::parameter_set<faest::secpar::s256, 22, faest::owf::v2_em, faest::prg::aes_ctr, faest::prg::aes_ctr, faest::leaf_hash::aes_ctr, 6, std::pair<bavc, std::size_t>{1, 218}>>, (anonymous namespace)::ns_CATCH2_INTERNAL_TEMPLATE_TEST_23::TypeList<faest::parameter_set<faest::secpar::s256, 32, faest::owf::v2_em, faest::prg::aes_ctr, faest::prg::aes_ctr, faest::leaf_hash::aes_ctr, 8, std::pair<bavc, std::size_t>{1, 234}>>>::CATCH2_INTERNAL_TEMPLATE_TEST_23' requested here
../subprojects/Catch2-3.13.0/src/catch2/catch_template_test_macros.hpp:76:39: note: expanded from macro 'TEMPLATE_TEST_CASE'
   76 |     #define TEMPLATE_TEST_CASE( ... ) INTERNAL_CATCH_TEMPLATE_TEST_CASE( __VA_ARGS__ )
      |                                       ^
../subprojects/Catch2-3.13.0/src/catch2/internal/catch_template_test_registry.hpp:104:46: note: expanded from macro 'INTERNAL_CATCH_TEMPLATE_TEST_CASE'
  104 |         INTERNAL_CATCH_TEMPLATE_TEST_CASE_2( INTERNAL_CATCH_UNIQUE_NAME( CATCH2_INTERNAL_TEMPLATE_TEST_ ), INTERNAL_CATCH_UNIQUE_NAME( CATCH2_INTERNAL_TEMPLATE_TEST_ ), Name, Tags, typename TestType, __VA_ARGS__ )
      |                                              ^
../subprojects/Catch2-3.13.0/src/catch2/internal/catch_unique_name.hpp:15:46: note: expanded from macro 'INTERNAL_CATCH_UNIQUE_NAME'
   15 | #  define INTERNAL_CATCH_UNIQUE_NAME( name ) INTERNAL_CATCH_UNIQUE_NAME_LINE( name, __COUNTER__ )
      |                                              ^
note: (skipping 1 expansions in backtrace; use -fmacro-backtrace-limit=0 to see all)
../subprojects/Catch2-3.13.0/src/catch2/internal/catch_unique_name.hpp:12:56: note: expanded from macro 'INTERNAL_CATCH_UNIQUE_NAME_LINE2'
   12 | #define INTERNAL_CATCH_UNIQUE_NAME_LINE2( name, line ) name##line
      |                                                        ^
<scratch space>:181:1: note: expanded from here
  181 | CATCH2_INTERNAL_TEMPLATE_TEST_23
      | ^
../subprojects/Catch2-3.13.0/src/catch2/internal/catch_template_test_registry.hpp:94:13: note: expanded from macro 'INTERNAL_CATCH_TEMPLATE_TEST_CASE_2'
   94 |             TestName<INTERNAL_CATCH_MAKE_TYPE_LISTS_FROM_TYPES(__VA_ARGS__)>();\
      |             ^
../test/test_bavc_tvs.hpp:11:59: note: forward declaration of template entity is here
   11 |     const static std::array<uint8_t, 2 * P::secpar_bytes> h;
      |                                                           ^
../test/test_vector_com.cpp:827:34: note: add an explicit instantiation declaration to suppress this warning if 'bavc_tvs<faest::parameter_set<faest::secpar::s128, 16, faest::owf::v2, faest::prg::aes_ctr, faest::prg::aes_ctr, faest::leaf_hash::aes_ctr_stat_bind, 8, std::pair<bavc, std::size_t>{1, 110}>>::h' is explicitly instantiated in another translation unit
  827 |     REQUIRE(commitment_h == TVS::h);
      |                                  ^
../test/test_vector_com.cpp:831:31: warning: instantiation of variable 'bavc_tvs<faest::parameter_set<faest::secpar::s128, 16, faest::owf::v2, faest::prg::aes_ctr, faest::prg::aes_ctr, faest::leaf_hash::aes_ctr_stat_bind, 8, std::pair<bavc, std::size_t>{1, 110}>>::hashed_sd' required here, but no definition is available [-Wundefined-var-template]
  831 |     REQUIRE(hashed_sd == TVS::hashed_sd);
      |                               ^
../test/test_bavc_tvs.hpp:13:42: note: forward declaration of template entity is here
   13 |     const static std::array<uint8_t, 64> hashed_sd;
      |                                          ^
../test/test_vector_com.cpp:831:31: note: add an explicit instantiation declaration to suppress this warning if 'bavc_tvs<faest::parameter_set<faest::secpar::s128, 16, faest::owf::v2, faest::prg::aes_ctr, faest::prg::aes_ctr, faest::leaf_hash::aes_ctr_stat_bind, 8, std::pair<bavc, std::size_t>{1, 110}>>::hashed_sd' is explicitly instantiated in another translation unit
  831 |     REQUIRE(hashed_sd == TVS::hashed_sd);
      |                               ^
../test/test_vector_com.cpp:834:30: warning: instantiation of variable 'bavc_tvs<faest::parameter_set<faest::secpar::s128, 16, faest::owf::v2, faest::prg::aes_ctr, faest::prg::aes_ctr, faest::leaf_hash::aes_ctr_stat_bind, 8, std::pair<bavc, std::size_t>{1, 110}>>::hashed_k' required here, but no definition is available [-Wundefined-var-template]
  834 |     REQUIRE(hashed_k == TVS::hashed_k);
      |                              ^
../test/test_bavc_tvs.hpp:12:42: note: forward declaration of template entity is here
   12 |     const static std::array<uint8_t, 64> hashed_k;
      |                                          ^
../test/test_vector_com.cpp:834:30: note: add an explicit instantiation declaration to suppress this warning if 'bavc_tvs<faest::parameter_set<faest::secpar::s128, 16, faest::owf::v2, faest::prg::aes_ctr, faest::prg::aes_ctr, faest::leaf_hash::aes_ctr_stat_bind, 8, std::pair<bavc, std::size_t>{1, 110}>>::hashed_k' is explicitly instantiated in another translation unit
  834 |     REQUIRE(hashed_k == TVS::hashed_k);
      |                              ^
../test/test_vector_com.cpp:840:45: warning: instantiation of variable 'bavc_tvs<faest::parameter_set<faest::secpar::s128, 16, faest::owf::v2, faest::prg::aes_ctr, faest::prg::aes_ctr, faest::leaf_hash::aes_ctr_stat_bind, 8, std::pair<bavc, std::size_t>{1, 110}>>::i_delta' required here, but no definition is available [-Wundefined-var-template]
  840 |             delta_bytes[offset + j] = (TVS::i_delta[i] & (1 << j)) ? 0xff : 0x00;
      |                                             ^
../test/test_bavc_tvs.hpp:14:49: note: forward declaration of template entity is here
   14 |     const static std::array<uint16_t, P::tau_v> i_delta;
      |                                                 ^
../test/test_vector_com.cpp:840:45: note: add an explicit instantiation declaration to suppress this warning if 'bavc_tvs<faest::parameter_set<faest::secpar::s128, 16, faest::owf::v2, faest::prg::aes_ctr, faest::prg::aes_ctr, faest::leaf_hash::aes_ctr_stat_bind, 8, std::pair<bavc, std::size_t>{1, 110}>>::i_delta' is explicitly instantiated in another translation unit
  840 |             delta_bytes[offset + j] = (TVS::i_delta[i] & (1 << j)) ? 0xff : 0x00;
      |                                             ^
../test/test_vector_com.cpp:849:36: warning: instantiation of variable 'bavc_tvs<faest::parameter_set<faest::secpar::s128, 16, faest::owf::v2, faest::prg::aes_ctr, faest::prg::aes_ctr, faest::leaf_hash::aes_ctr_stat_bind, 8, std::pair<bavc, std::size_t>{1, 110}>>::hashed_decom_i' required here, but no definition is available [-Wundefined-var-template]
  849 |     REQUIRE(hashed_decom_i == TVS::hashed_decom_i);
      |                                    ^
../test/test_bavc_tvs.hpp:15:42: note: forward declaration of template entity is here
   15 |     const static std::array<uint8_t, 64> hashed_decom_i;
      |                                          ^
../test/test_vector_com.cpp:849:36: note: add an explicit instantiation declaration to suppress this warning if 'bavc_tvs<faest::parameter_set<faest::secpar::s128, 16, faest::owf::v2, faest::prg::aes_ctr, faest::prg::aes_ctr, faest::leaf_hash::aes_ctr_stat_bind, 8, std::pair<bavc, std::size_t>{1, 110}>>::hashed_decom_i' is explicitly instantiated in another translation unit
  849 |     REQUIRE(hashed_decom_i == TVS::hashed_decom_i);
      |                                    ^
../test/test_vector_com.cpp:881:35: warning: instantiation of variable 'bavc_tvs<faest::parameter_set<faest::secpar::s128, 16, faest::owf::v2, faest::prg::aes_ctr, faest::prg::aes_ctr, faest::leaf_hash::aes_ctr_stat_bind, 8, std::pair<bavc, std::size_t>{1, 110}>>::hashed_rec_sd' required here, but no definition is available [-Wundefined-var-template]
  881 |     REQUIRE(hashed_rec_sd == TVS::hashed_rec_sd);
      |                                   ^
../test/test_bavc_tvs.hpp:16:42: note: forward declaration of template entity is here
   16 |     const static std::array<uint8_t, 64> hashed_rec_sd;
      |                                          ^
../test/test_vector_com.cpp:881:35: note: add an explicit instantiation declaration to suppress this warning if 'bavc_tvs<faest::parameter_set<faest::secpar::s128, 16, faest::owf::v2, faest::prg::aes_ctr, faest::prg::aes_ctr, faest::leaf_hash::aes_ctr_stat_bind, 8, std::pair<bavc, std::size_t>{1, 110}>>::hashed_rec_sd' is explicitly instantiated in another translation unit
  881 |     REQUIRE(hashed_rec_sd == TVS::hashed_rec_sd);
      |                                   ^
../test/test_vector_com.cpp:827:34: warning: instantiation of variable 'bavc_tvs<faest::parameter_set<faest::secpar::s192, 16, faest::owf::v2, faest::prg::aes_ctr, faest::prg::aes_ctr, faest::leaf_hash::aes_ctr_stat_bind, 12, std::pair<bavc, std::size_t>{1, 162}>>::h' required here, but no definition is available [-Wundefined-var-template]
  827 |     REQUIRE(commitment_h == TVS::h);
      |                                  ^
../test/test_vector_com.cpp:773:1: note: in instantiation of function template specialization 'CATCH2_INTERNAL_TEMPLATE_TEST_22<faest::parameter_set<faest::secpar::s192, 16, faest::owf::v2, faest::prg::aes_ctr, faest::prg::aes_ctr, faest::leaf_hash::aes_ctr_stat_bind, 12, std::pair<bavc, std::size_t>{1, 162}>>' requested here
  773 | TEMPLATE_TEST_CASE("bacv compare against tv", "[vector com]", ALL_FAEST_V2_INSTANCES)
      | ^
../subprojects/Catch2-3.13.0/src/catch2/catch_template_test_macros.hpp:76:39: note: expanded from macro 'TEMPLATE_TEST_CASE'
   76 |     #define TEMPLATE_TEST_CASE( ... ) INTERNAL_CATCH_TEMPLATE_TEST_CASE( __VA_ARGS__ )
      |                                       ^
../subprojects/Catch2-3.13.0/src/catch2/internal/catch_template_test_registry.hpp:104:108: note: expanded from macro 'INTERNAL_CATCH_TEMPLATE_TEST_CASE'
  104 |         INTERNAL_CATCH_TEMPLATE_TEST_CASE_2( INTERNAL_CATCH_UNIQUE_NAME( CATCH2_INTERNAL_TEMPLATE_TEST_ ), INTERNAL_CATCH_UNIQUE_NAME( CATCH2_INTERNAL_TEMPLATE_TEST_ ), Name, Tags, typename TestType, __VA_ARGS__ )
      |                                                                                                            ^
../subprojects/Catch2-3.13.0/src/catch2/internal/catch_unique_name.hpp:15:46: note: expanded from macro 'INTERNAL_CATCH_UNIQUE_NAME'
   15 | #  define INTERNAL_CATCH_UNIQUE_NAME( name ) INTERNAL_CATCH_UNIQUE_NAME_LINE( name, __COUNTER__ )
      |                                              ^
note: (skipping 3 expansions in backtrace; use -fmacro-backtrace-limit=0 to see all)
../subprojects/Catch2-3.13.0/src/catch2/internal/catch_template_test_registry.hpp:83:41: note: expanded from macro 'INTERNAL_CATCH_TEMPLATE_TEST_CASE_2'
   83 |             INTERNAL_CATCH_NTTP_REG_GEN(TestFunc,INTERNAL_CATCH_REMOVE_PARENS(Signature))\
      |                                         ^
../subprojects/Catch2-3.13.0/src/catch2/internal/catch_preprocessor.hpp:231:82: note: expanded from macro 'INTERNAL_CATCH_NTTP_REG_GEN'
  231 | #define INTERNAL_CATCH_NTTP_REG_GEN(TestFunc, ...) INTERNAL_CATCH_TYPES_REGISTER(TestFunc) INTERNAL_CATCH_VA_NARGS_IMPL( "dummy", __VA_ARGS__, INTERNAL_CATCH_NTTP_REGISTER, INTERNAL_CATCH_NTTP_REGISTER, INTERNAL_CATCH_NTTP_REGISTER, INTERNAL_CATCH_NTTP_REGISTER, INTERNAL_CATCH_NTTP_REGISTER, INTERNAL_CATCH_NTTP_REGISTER, INTERNAL_CATCH_NTTP_REGISTER, INTERNAL_CATCH_NTTP_REGISTER, INTERNAL_CATCH_NTTP_REGISTER, INTERNAL_CATCH_NTTP_REGISTER0, INTERNAL_CATCH_NTTP_REGISTER0)(TestFunc, __VA_ARGS__)
      |                                                                                  ^
../subprojects/Catch2-3.13.0/src/catch2/internal/catch_preprocessor.hpp:179:49: note: expanded from macro 'INTERNAL_CATCH_TYPES_REGISTER'
  179 |         Catch::AutoReg( Catch::makeTestInvoker(&TestFunc<Ts...>), CATCH_INTERNAL_LINEINFO, Catch::StringRef(), nameAndTags);\
      |                                                 ^
../test/test_vector_com.cpp:773:1: note: in instantiation of function template specialization '(anonymous namespace)::ns_CATCH2_INTERNAL_TEMPLATE_TEST_23::reg_test<faest::parameter_set<faest::secpar::s192, 16, faest::owf::v2, faest::prg::aes_ctr, faest::prg::aes_ctr, faest::leaf_hash::aes_ctr_stat_bind, 12, std::pair<bavc, std::size_t>{1, 162}>>' requested here
../subprojects/Catch2-3.13.0/src/catch2/catch_template_test_macros.hpp:76:39: note: expanded from macro 'TEMPLATE_TEST_CASE'
   76 |     #define TEMPLATE_TEST_CASE( ... ) INTERNAL_CATCH_TEMPLATE_TEST_CASE( __VA_ARGS__ )
      |                                       ^
../subprojects/Catch2-3.13.0/src/catch2/internal/catch_template_test_registry.hpp:104:9: note: expanded from macro 'INTERNAL_CATCH_TEMPLATE_TEST_CASE'
  104 |         INTERNAL_CATCH_TEMPLATE_TEST_CASE_2( INTERNAL_CATCH_UNIQUE_NAME( CATCH2_INTERNAL_TEMPLATE_TEST_ ), INTERNAL_CATCH_UNIQUE_NAME( CATCH2_INTERNAL_TEMPLATE_TEST_ ), Name, Tags, typename TestType, __VA_ARGS__ )
      |         ^
../subprojects/Catch2-3.13.0/src/catch2/internal/catch_template_test_registry.hpp:90:37: note: expanded from macro 'INTERNAL_CATCH_TEMPLATE_TEST_CASE_2'
   90 |                     (void)expander{(reg_test(Types{}, Catch::NameAndTags{ Name " - " + std::string(tmpl_types[index]), Tags } ), index++)... };/* NOLINT */ \
      |                                     ^
../test/test_vector_com.cpp:773:1: note: in instantiation of member function '(anonymous namespace)::ns_CATCH2_INTERNAL_TEMPLATE_TEST_23::CATCH2_INTERNAL_TEMPLATE_TEST_23<(anonymous namespace)::ns_CATCH2_INTERNAL_TEMPLATE_TEST_23::TypeList<faest::parameter_set<faest::secpar::s128, 11, faest::owf::v2, faest::prg::aes_ctr, faest::prg::aes_ctr, faest::leaf_hash::aes_ctr_stat_bind, 7, std::pair<bavc, std::size_t>{1, 102}>>, (anonymous namespace)::ns_CATCH2_INTERNAL_TEMPLATE_TEST_23::TypeList<faest::parameter_set<faest::secpar::s128, 16, faest::owf::v2, faest::prg::aes_ctr, faest::prg::aes_ctr, faest::leaf_hash::aes_ctr_stat_bind, 8, std::pair<bavc, std::size_t>{1, 110}>>, (anonymous namespace)::ns_CATCH2_INTERNAL_TEMPLATE_TEST_23::TypeList<faest::parameter_set<faest::secpar::s192, 16, faest::owf::v2, faest::prg::aes_ctr, faest::prg::aes_ctr, faest::leaf_hash::aes_ctr_stat_bind, 12, std::pair<bavc, std::size_t>{1, 162}>>, (anonymous namespace)::ns_CATCH2_INTERNAL_TEMPLATE_TEST_23::TypeList<faest::parameter_set<faest::secpar::s192, 24, faest::owf::v2, faest::prg::aes_ctr, faest::prg::aes_ctr, faest::leaf_hash::aes_ctr_stat_bind, 8, std::pair<bavc, std::size_t>{1, 163}>>, (anonymous namespace)::ns_CATCH2_INTERNAL_TEMPLATE_TEST_23::TypeList<faest::parameter_set<faest::secpar::s256, 22, faest::owf::v2, faest::prg::aes_ctr, faest::prg::aes_ctr, faest::leaf_hash::aes_ctr_stat_bind, 6, std::pair<bavc, std::size_t>{1, 245}>>, (anonymous namespace)::ns_CATCH2_INTERNAL_TEMPLATE_TEST_23::TypeList<faest::parameter_set<faest::secpar::s256, 32, faest::owf::v2, faest::prg::aes_ctr, faest::prg::aes_ctr, faest::leaf_hash::aes_ctr_stat_bind, 8, std::pair<bavc, std::size_t>{1, 246}>>, (anonymous namespace)::ns_CATCH2_INTERNAL_TEMPLATE_TEST_23::TypeList<faest::parameter_set<faest::secpar::s128, 11, faest::owf::v2_em, faest::prg::aes_ctr, faest::prg::aes_ctr, faest::leaf_hash::aes_ctr, 7, std::pair<bavc, std::size_t>{1, 103}>>, (anonymous namespace)::ns_CATCH2_INTERNAL_TEMPLATE_TEST_23::TypeList<faest::parameter_set<faest::secpar::s128, 16, faest::owf::v2_em, faest::prg::aes_ctr, faest::prg::aes_ctr, faest::leaf_hash::aes_ctr, 8, std::pair<bavc, std::size_t>{1, 112}>>, (anonymous namespace)::ns_CATCH2_INTERNAL_TEMPLATE_TEST_23::TypeList<faest::parameter_set<faest::secpar::s192, 16, faest::owf::v2_em, faest::prg::aes_ctr, faest::prg::aes_ctr, faest::leaf_hash::aes_ctr, 8, std::pair<bavc, std::size_t>{1, 162}>>, (anonymous namespace)::ns_CATCH2_INTERNAL_TEMPLATE_TEST_23::TypeList<faest::parameter_set<faest::secpar::s192, 24, faest::owf::v2_em, faest::prg::aes_ctr, faest::prg::aes_ctr, faest::leaf_hash::aes_ctr, 8, std::pair<bavc, std::size_t>{1, 176}>>, (anonymous namespace)::ns_CATCH2_INTERNAL_TEMPLATE_TEST_23::TypeList<faest::parameter_set<faest::secpar::s256, 22, faest::owf::v2_em, faest::prg::aes_ctr, faest::prg::aes_ctr, faest::leaf_hash::aes_ctr, 6, std::pair<bavc, std::size_t>{1, 218}>>, (anonymous namespace)::ns_CATCH2_INTERNAL_TEMPLATE_TEST_23::TypeList<faest::parameter_set<faest::secpar::s256, 32, faest::owf::v2_em, faest::prg::aes_ctr, faest::prg::aes_ctr, faest::leaf_hash::aes_ctr, 8, std::pair<bavc, std::size_t>{1, 234}>>>::CATCH2_INTERNAL_TEMPLATE_TEST_23' requested here
../subprojects/Catch2-3.13.0/src/catch2/catch_template_test_macros.hpp:76:39: note: expanded from macro 'TEMPLATE_TEST_CASE'
   76 |     #define TEMPLATE_TEST_CASE( ... ) INTERNAL_CATCH_TEMPLATE_TEST_CASE( __VA_ARGS__ )
      |                                       ^
../subprojects/Catch2-3.13.0/src/catch2/internal/catch_template_test_registry.hpp:104:46: note: expanded from macro 'INTERNAL_CATCH_TEMPLATE_TEST_CASE'
  104 |         INTERNAL_CATCH_TEMPLATE_TEST_CASE_2( INTERNAL_CATCH_UNIQUE_NAME( CATCH2_INTERNAL_TEMPLATE_TEST_ ), INTERNAL_CATCH_UNIQUE_NAME( CATCH2_INTERNAL_TEMPLATE_TEST_ ), Name, Tags, typename TestType, __VA_ARGS__ )
      |                                              ^
../subprojects/Catch2-3.13.0/src/catch2/internal/catch_unique_name.hpp:15:46: note: expanded from macro 'INTERNAL_CATCH_UNIQUE_NAME'
   15 | #  define INTERNAL_CATCH_UNIQUE_NAME( name ) INTERNAL_CATCH_UNIQUE_NAME_LINE( name, __COUNTER__ )
      |                                              ^
note: (skipping 1 expansions in backtrace; use -fmacro-backtrace-limit=0 to see all)
../subprojects/Catch2-3.13.0/src/catch2/internal/catch_unique_name.hpp:12:56: note: expanded from macro 'INTERNAL_CATCH_UNIQUE_NAME_LINE2'
   12 | #define INTERNAL_CATCH_UNIQUE_NAME_LINE2( name, line ) name##line
      |                                                        ^
<scratch space>:181:1: note: expanded from here
  181 | CATCH2_INTERNAL_TEMPLATE_TEST_23
      | ^
../subprojects/Catch2-3.13.0/src/catch2/internal/catch_template_test_registry.hpp:94:13: note: expanded from macro 'INTERNAL_CATCH_TEMPLATE_TEST_CASE_2'
   94 |             TestName<INTERNAL_CATCH_MAKE_TYPE_LISTS_FROM_TYPES(__VA_ARGS__)>();\
      |             ^
../test/test_bavc_tvs.hpp:11:59: note: forward declaration of template entity is here
   11 |     const static std::array<uint8_t, 2 * P::secpar_bytes> h;
      |                                                           ^
../test/test_vector_com.cpp:827:34: note: add an explicit instantiation declaration to suppress this warning if 'bavc_tvs<faest::parameter_set<faest::secpar::s192, 16, faest::owf::v2, faest::prg::aes_ctr, faest::prg::aes_ctr, faest::leaf_hash::aes_ctr_stat_bind, 12, std::pair<bavc, std::size_t>{1, 162}>>::h' is explicitly instantiated in another translation unit
  827 |     REQUIRE(commitment_h == TVS::h);
      |                                  ^
../test/test_vector_com.cpp:831:31: warning: instantiation of variable 'bavc_tvs<faest::parameter_set<faest::secpar::s192, 16, faest::owf::v2, faest::prg::aes_ctr, faest::prg::aes_ctr, faest::leaf_hash::aes_ctr_stat_bind, 12, std::pair<bavc, std::size_t>{1, 162}>>::hashed_sd' required here, but no definition is available [-Wundefined-var-template]
  831 |     REQUIRE(hashed_sd == TVS::hashed_sd);
      |                               ^
../test/test_bavc_tvs.hpp:13:42: note: forward declaration of template entity is here
   13 |     const static std::array<uint8_t, 64> hashed_sd;
      |                                          ^
../test/test_vector_com.cpp:831:31: note: add an explicit instantiation declaration to suppress this warning if 'bavc_tvs<faest::parameter_set<faest::secpar::s192, 16, faest::owf::v2, faest::prg::aes_ctr, faest::prg::aes_ctr, faest::leaf_hash::aes_ctr_stat_bind, 12, std::pair<bavc, std::size_t>{1, 162}>>::hashed_sd' is explicitly instantiated in another translation unit
  831 |     REQUIRE(hashed_sd == TVS::hashed_sd);
      |                               ^
../test/test_vector_com.cpp:834:30: warning: instantiation of variable 'bavc_tvs<faest::parameter_set<faest::secpar::s192, 16, faest::owf::v2, faest::prg::aes_ctr, faest::prg::aes_ctr, faest::leaf_hash::aes_ctr_stat_bind, 12, std::pair<bavc, std::size_t>{1, 162}>>::hashed_k' required here, but no definition is available [-Wundefined-var-template]
  834 |     REQUIRE(hashed_k == TVS::hashed_k);
      |                              ^
../test/test_bavc_tvs.hpp:12:42: note: forward declaration of template entity is here
   12 |     const static std::array<uint8_t, 64> hashed_k;
      |                                          ^
../test/test_vector_com.cpp:834:30: note: add an explicit instantiation declaration to suppress this warning if 'bavc_tvs<faest::parameter_set<faest::secpar::s192, 16, faest::owf::v2, faest::prg::aes_ctr, faest::prg::aes_ctr, faest::leaf_hash::aes_ctr_stat_bind, 12, std::pair<bavc, std::size_t>{1, 162}>>::hashed_k' is explicitly instantiated in another translation unit
  834 |     REQUIRE(hashed_k == TVS::hashed_k);
      |                              ^
../test/test_vector_com.cpp:840:45: warning: instantiation of variable 'bavc_tvs<faest::parameter_set<faest::secpar::s192, 16, faest::owf::v2, faest::prg::aes_ctr, faest::prg::aes_ctr, faest::leaf_hash::aes_ctr_stat_bind, 12, std::pair<bavc, std::size_t>{1, 162}>>::i_delta' required here, but no definition is available [-Wundefined-var-template]
  840 |             delta_bytes[offset + j] = (TVS::i_delta[i] & (1 << j)) ? 0xff : 0x00;
      |                                             ^
../test/test_bavc_tvs.hpp:14:49: note: forward declaration of template entity is here
   14 |     const static std::array<uint16_t, P::tau_v> i_delta;
      |                                                 ^
../test/test_vector_com.cpp:840:45: note: add an explicit instantiation declaration to suppress this warning if 'bavc_tvs<faest::parameter_set<faest::secpar::s192, 16, faest::owf::v2, faest::prg::aes_ctr, faest::prg::aes_ctr, faest::leaf_hash::aes_ctr_stat_bind, 12, std::pair<bavc, std::size_t>{1, 162}>>::i_delta' is explicitly instantiated in another translation unit
  840 |             delta_bytes[offset + j] = (TVS::i_delta[i] & (1 << j)) ? 0xff : 0x00;
      |                                             ^
../test/test_vector_com.cpp:849:36: warning: instantiation of variable 'bavc_tvs<faest::parameter_set<faest::secpar::s192, 16, faest::owf::v2, faest::prg::aes_ctr, faest::prg::aes_ctr, faest::leaf_hash::aes_ctr_stat_bind, 12, std::pair<bavc, std::size_t>{1, 162}>>::hashed_decom_i' required here, but no definition is available [-Wundefined-var-template]
  849 |     REQUIRE(hashed_decom_i == TVS::hashed_decom_i);
      |                                    ^
../test/test_bavc_tvs.hpp:15:42: note: forward declaration of template entity is here
   15 |     const static std::array<uint8_t, 64> hashed_decom_i;
      |                                          ^
../test/test_vector_com.cpp:849:36: note: add an explicit instantiation declaration to suppress this warning if 'bavc_tvs<faest::parameter_set<faest::secpar::s192, 16, faest::owf::v2, faest::prg::aes_ctr, faest::prg::aes_ctr, faest::leaf_hash::aes_ctr_stat_bind, 12, std::pair<bavc, std::size_t>{1, 162}>>::hashed_decom_i' is explicitly instantiated in another translation unit
  849 |     REQUIRE(hashed_decom_i == TVS::hashed_decom_i);
      |                                    ^
../test/test_vector_com.cpp:881:35: warning: instantiation of variable 'bavc_tvs<faest::parameter_set<faest::secpar::s192, 16, faest::owf::v2, faest::prg::aes_ctr, faest::prg::aes_ctr, faest::leaf_hash::aes_ctr_stat_bind, 12, std::pair<bavc, std::size_t>{1, 162}>>::hashed_rec_sd' required here, but no definition is available [-Wundefined-var-template]
  881 |     REQUIRE(hashed_rec_sd == TVS::hashed_rec_sd);
      |                                   ^
../test/test_bavc_tvs.hpp:16:42: note: forward declaration of template entity is here
   16 |     const static std::array<uint8_t, 64> hashed_rec_sd;
      |                                          ^
../test/test_vector_com.cpp:881:35: note: add an explicit instantiation declaration to suppress this warning if 'bavc_tvs<faest::parameter_set<faest::secpar::s192, 16, faest::owf::v2, faest::prg::aes_ctr, faest::prg::aes_ctr, faest::leaf_hash::aes_ctr_stat_bind, 12, std::pair<bavc, std::size_t>{1, 162}>>::hashed_rec_sd' is explicitly instantiated in another translation unit
  881 |     REQUIRE(hashed_rec_sd == TVS::hashed_rec_sd);
      |                                   ^
../test/test_vector_com.cpp:827:34: warning: instantiation of variable 'bavc_tvs<faest::parameter_set<faest::secpar::s192, 24, faest::owf::v2, faest::prg::aes_ctr, faest::prg::aes_ctr, faest::leaf_hash::aes_ctr_stat_bind, 8, std::pair<bavc, std::size_t>{1, 163}>>::h' required here, but no definition is available [-Wundefined-var-template]
  827 |     REQUIRE(commitment_h == TVS::h);
      |                                  ^
../test/test_vector_com.cpp:773:1: note: in instantiation of function template specialization 'CATCH2_INTERNAL_TEMPLATE_TEST_22<faest::parameter_set<faest::secpar::s192, 24, faest::owf::v2, faest::prg::aes_ctr, faest::prg::aes_ctr, faest::leaf_hash::aes_ctr_stat_bind, 8, std::pair<bavc, std::size_t>{1, 163}>>' requested here
  773 | TEMPLATE_TEST_CASE("bacv compare against tv", "[vector com]", ALL_FAEST_V2_INSTANCES)
      | ^
../subprojects/Catch2-3.13.0/src/catch2/catch_template_test_macros.hpp:76:39: note: expanded from macro 'TEMPLATE_TEST_CASE'
   76 |     #define TEMPLATE_TEST_CASE( ... ) INTERNAL_CATCH_TEMPLATE_TEST_CASE( __VA_ARGS__ )
      |                                       ^
../subprojects/Catch2-3.13.0/src/catch2/internal/catch_template_test_registry.hpp:104:108: note: expanded from macro 'INTERNAL_CATCH_TEMPLATE_TEST_CASE'
  104 |         INTERNAL_CATCH_TEMPLATE_TEST_CASE_2( INTERNAL_CATCH_UNIQUE_NAME( CATCH2_INTERNAL_TEMPLATE_TEST_ ), INTERNAL_CATCH_UNIQUE_NAME( CATCH2_INTERNAL_TEMPLATE_TEST_ ), Name, Tags, typename TestType, __VA_ARGS__ )
      |                                                                                                            ^
../subprojects/Catch2-3.13.0/src/catch2/internal/catch_unique_name.hpp:15:46: note: expanded from macro 'INTERNAL_CATCH_UNIQUE_NAME'
   15 | #  define INTERNAL_CATCH_UNIQUE_NAME( name ) INTERNAL_CATCH_UNIQUE_NAME_LINE( name, __COUNTER__ )
      |                                              ^
note: (skipping 3 expansions in backtrace; use -fmacro-backtrace-limit=0 to see all)
../subprojects/Catch2-3.13.0/src/catch2/internal/catch_template_test_registry.hpp:83:41: note: expanded from macro 'INTERNAL_CATCH_TEMPLATE_TEST_CASE_2'
   83 |             INTERNAL_CATCH_NTTP_REG_GEN(TestFunc,INTERNAL_CATCH_REMOVE_PARENS(Signature))\
      |                                         ^
../subprojects/Catch2-3.13.0/src/catch2/internal/catch_preprocessor.hpp:231:82: note: expanded from macro 'INTERNAL_CATCH_NTTP_REG_GEN'
  231 | #define INTERNAL_CATCH_NTTP_REG_GEN(TestFunc, ...) INTERNAL_CATCH_TYPES_REGISTER(TestFunc) INTERNAL_CATCH_VA_NARGS_IMPL( "dummy", __VA_ARGS__, INTERNAL_CATCH_NTTP_REGISTER, INTERNAL_CATCH_NTTP_REGISTER, INTERNAL_CATCH_NTTP_REGISTER, INTERNAL_CATCH_NTTP_REGISTER, INTERNAL_CATCH_NTTP_REGISTER, INTERNAL_CATCH_NTTP_REGISTER, INTERNAL_CATCH_NTTP_REGISTER, INTERNAL_CATCH_NTTP_REGISTER, INTERNAL_CATCH_NTTP_REGISTER, INTERNAL_CATCH_NTTP_REGISTER0, INTERNAL_CATCH_NTTP_REGISTER0)(TestFunc, __VA_ARGS__)
      |                                                                                  ^
../subprojects/Catch2-3.13.0/src/catch2/internal/catch_preprocessor.hpp:179:49: note: expanded from macro 'INTERNAL_CATCH_TYPES_REGISTER'
  179 |         Catch::AutoReg( Catch::makeTestInvoker(&TestFunc<Ts...>), CATCH_INTERNAL_LINEINFO, Catch::StringRef(), nameAndTags);\
      |                                                 ^
../test/test_vector_com.cpp:773:1: note: in instantiation of function template specialization '(anonymous namespace)::ns_CATCH2_INTERNAL_TEMPLATE_TEST_23::reg_test<faest::parameter_set<faest::secpar::s192, 24, faest::owf::v2, faest::prg::aes_ctr, faest::prg::aes_ctr, faest::leaf_hash::aes_ctr_stat_bind, 8, std::pair<bavc, std::size_t>{1, 163}>>' requested here
../subprojects/Catch2-3.13.0/src/catch2/catch_template_test_macros.hpp:76:39: note: expanded from macro 'TEMPLATE_TEST_CASE'
   76 |     #define TEMPLATE_TEST_CASE( ... ) INTERNAL_CATCH_TEMPLATE_TEST_CASE( __VA_ARGS__ )
      |                                       ^
../subprojects/Catch2-3.13.0/src/catch2/internal/catch_template_test_registry.hpp:104:9: note: expanded from macro 'INTERNAL_CATCH_TEMPLATE_TEST_CASE'
  104 |         INTERNAL_CATCH_TEMPLATE_TEST_CASE_2( INTERNAL_CATCH_UNIQUE_NAME( CATCH2_INTERNAL_TEMPLATE_TEST_ ), INTERNAL_CATCH_UNIQUE_NAME( CATCH2_INTERNAL_TEMPLATE_TEST_ ), Name, Tags, typename TestType, __VA_ARGS__ )
      |         ^
../subprojects/Catch2-3.13.0/src/catch2/internal/catch_template_test_registry.hpp:90:37: note: expanded from macro 'INTERNAL_CATCH_TEMPLATE_TEST_CASE_2'
   90 |                     (void)expander{(reg_test(Types{}, Catch::NameAndTags{ Name " - " + std::string(tmpl_types[index]), Tags } ), index++)... };/* NOLINT */ \
      |                                     ^
../test/test_vector_com.cpp:773:1: note: in instantiation of member function '(anonymous namespace)::ns_CATCH2_INTERNAL_TEMPLATE_TEST_23::CATCH2_INTERNAL_TEMPLATE_TEST_23<(anonymous namespace)::ns_CATCH2_INTERNAL_TEMPLATE_TEST_23::TypeList<faest::parameter_set<faest::secpar::s128, 11, faest::owf::v2, faest::prg::aes_ctr, faest::prg::aes_ctr, faest::leaf_hash::aes_ctr_stat_bind, 7, std::pair<bavc, std::size_t>{1, 102}>>, (anonymous namespace)::ns_CATCH2_INTERNAL_TEMPLATE_TEST_23::TypeList<faest::parameter_set<faest::secpar::s128, 16, faest::owf::v2, faest::prg::aes_ctr, faest::prg::aes_ctr, faest::leaf_hash::aes_ctr_stat_bind, 8, std::pair<bavc, std::size_t>{1, 110}>>, (anonymous namespace)::ns_CATCH2_INTERNAL_TEMPLATE_TEST_23::TypeList<faest::parameter_set<faest::secpar::s192, 16, faest::owf::v2, faest::prg::aes_ctr, faest::prg::aes_ctr, faest::leaf_hash::aes_ctr_stat_bind, 12, std::pair<bavc, std::size_t>{1, 162}>>, (anonymous namespace)::ns_CATCH2_INTERNAL_TEMPLATE_TEST_23::TypeList<faest::parameter_set<faest::secpar::s192, 24, faest::owf::v2, faest::prg::aes_ctr, faest::prg::aes_ctr, faest::leaf_hash::aes_ctr_stat_bind, 8, std::pair<bavc, std::size_t>{1, 163}>>, (anonymous namespace)::ns_CATCH2_INTERNAL_TEMPLATE_TEST_23::TypeList<faest::parameter_set<faest::secpar::s256, 22, faest::owf::v2, faest::prg::aes_ctr, faest::prg::aes_ctr, faest::leaf_hash::aes_ctr_stat_bind, 6, std::pair<bavc, std::size_t>{1, 245}>>, (anonymous namespace)::ns_CATCH2_INTERNAL_TEMPLATE_TEST_23::TypeList<faest::parameter_set<faest::secpar::s256, 32, faest::owf::v2, faest::prg::aes_ctr, faest::prg::aes_ctr, faest::leaf_hash::aes_ctr_stat_bind, 8, std::pair<bavc, std::size_t>{1, 246}>>, (anonymous namespace)::ns_CATCH2_INTERNAL_TEMPLATE_TEST_23::TypeList<faest::parameter_set<faest::secpar::s128, 11, faest::owf::v2_em, faest::prg::aes_ctr, faest::prg::aes_ctr, faest::leaf_hash::aes_ctr, 7, std::pair<bavc, std::size_t>{1, 103}>>, (anonymous namespace)::ns_CATCH2_INTERNAL_TEMPLATE_TEST_23::TypeList<faest::parameter_set<faest::secpar::s128, 16, faest::owf::v2_em, faest::prg::aes_ctr, faest::prg::aes_ctr, faest::leaf_hash::aes_ctr, 8, std::pair<bavc, std::size_t>{1, 112}>>, (anonymous namespace)::ns_CATCH2_INTERNAL_TEMPLATE_TEST_23::TypeList<faest::parameter_set<faest::secpar::s192, 16, faest::owf::v2_em, faest::prg::aes_ctr, faest::prg::aes_ctr, faest::leaf_hash::aes_ctr, 8, std::pair<bavc, std::size_t>{1, 162}>>, (anonymous namespace)::ns_CATCH2_INTERNAL_TEMPLATE_TEST_23::TypeList<faest::parameter_set<faest::secpar::s192, 24, faest::owf::v2_em, faest::prg::aes_ctr, faest::prg::aes_ctr, faest::leaf_hash::aes_ctr, 8, std::pair<bavc, std::size_t>{1, 176}>>, (anonymous namespace)::ns_CATCH2_INTERNAL_TEMPLATE_TEST_23::TypeList<faest::parameter_set<faest::secpar::s256, 22, faest::owf::v2_em, faest::prg::aes_ctr, faest::prg::aes_ctr, faest::leaf_hash::aes_ctr, 6, std::pair<bavc, std::size_t>{1, 218}>>, (anonymous namespace)::ns_CATCH2_INTERNAL_TEMPLATE_TEST_23::TypeList<faest::parameter_set<faest::secpar::s256, 32, faest::owf::v2_em, faest::prg::aes_ctr, faest::prg::aes_ctr, faest::leaf_hash::aes_ctr, 8, std::pair<bavc, std::size_t>{1, 234}>>>::CATCH2_INTERNAL_TEMPLATE_TEST_23' requested here
../subprojects/Catch2-3.13.0/src/catch2/catch_template_test_macros.hpp:76:39: note: expanded from macro 'TEMPLATE_TEST_CASE'
   76 |     #define TEMPLATE_TEST_CASE( ... ) INTERNAL_CATCH_TEMPLATE_TEST_CASE( __VA_ARGS__ )
      |                                       ^
../subprojects/Catch2-3.13.0/src/catch2/internal/catch_template_test_registry.hpp:104:46: note: expanded from macro 'INTERNAL_CATCH_TEMPLATE_TEST_CASE'
  104 |         INTERNAL_CATCH_TEMPLATE_TEST_CASE_2( INTERNAL_CATCH_UNIQUE_NAME( CATCH2_INTERNAL_TEMPLATE_TEST_ ), INTERNAL_CATCH_UNIQUE_NAME( CATCH2_INTERNAL_TEMPLATE_TEST_ ), Name, Tags, typename TestType, __VA_ARGS__ )
      |                                              ^
../subprojects/Catch2-3.13.0/src/catch2/internal/catch_unique_name.hpp:15:46: note: expanded from macro 'INTERNAL_CATCH_UNIQUE_NAME'
   15 | #  define INTERNAL_CATCH_UNIQUE_NAME( name ) INTERNAL_CATCH_UNIQUE_NAME_LINE( name, __COUNTER__ )
      |                                              ^
note: (skipping 1 expansions in backtrace; use -fmacro-backtrace-limit=0 to see all)
../subprojects/Catch2-3.13.0/src/catch2/internal/catch_unique_name.hpp:12:56: note: expanded from macro 'INTERNAL_CATCH_UNIQUE_NAME_LINE2'
   12 | #define INTERNAL_CATCH_UNIQUE_NAME_LINE2( name, line ) name##line
      |                                                        ^
<scratch space>:181:1: note: expanded from here
  181 | CATCH2_INTERNAL_TEMPLATE_TEST_23
      | ^
../subprojects/Catch2-3.13.0/src/catch2/internal/catch_template_test_registry.hpp:94:13: note: expanded from macro 'INTERNAL_CATCH_TEMPLATE_TEST_CASE_2'
   94 |             TestName<INTERNAL_CATCH_MAKE_TYPE_LISTS_FROM_TYPES(__VA_ARGS__)>();\
      |             ^
../test/test_bavc_tvs.hpp:11:59: note: forward declaration of template entity is here
   11 |     const static std::array<uint8_t, 2 * P::secpar_bytes> h;
      |                                                           ^
../test/test_vector_com.cpp:827:34: note: add an explicit instantiation declaration to suppress this warning if 'bavc_tvs<faest::parameter_set<faest::secpar::s192, 24, faest::owf::v2, faest::prg::aes_ctr, faest::prg::aes_ctr, faest::leaf_hash::aes_ctr_stat_bind, 8, std::pair<bavc, std::size_t>{1, 163}>>::h' is explicitly instantiated in another translation unit
  827 |     REQUIRE(commitment_h == TVS::h);
      |                                  ^
../test/test_vector_com.cpp:831:31: warning: instantiation of variable 'bavc_tvs<faest::parameter_set<faest::secpar::s192, 24, faest::owf::v2, faest::prg::aes_ctr, faest::prg::aes_ctr, faest::leaf_hash::aes_ctr_stat_bind, 8, std::pair<bavc, std::size_t>{1, 163}>>::hashed_sd' required here, but no definition is available [-Wundefined-var-template]
  831 |     REQUIRE(hashed_sd == TVS::hashed_sd);
      |                               ^
../test/test_bavc_tvs.hpp:13:42: note: forward declaration of template entity is here
   13 |     const static std::array<uint8_t, 64> hashed_sd;
      |                                          ^
../test/test_vector_com.cpp:831:31: note: add an explicit instantiation declaration to suppress this warning if 'bavc_tvs<faest::parameter_set<faest::secpar::s192, 24, faest::owf::v2, faest::prg::aes_ctr, faest::prg::aes_ctr, faest::leaf_hash::aes_ctr_stat_bind, 8, std::pair<bavc, std::size_t>{1, 163}>>::hashed_sd' is explicitly instantiated in another translation unit
  831 |     REQUIRE(hashed_sd == TVS::hashed_sd);
      |                               ^
../test/test_vector_com.cpp:834:30: warning: instantiation of variable 'bavc_tvs<faest::parameter_set<faest::secpar::s192, 24, faest::owf::v2, faest::prg::aes_ctr, faest::prg::aes_ctr, faest::leaf_hash::aes_ctr_stat_bind, 8, std::pair<bavc, std::size_t>{1, 163}>>::hashed_k' required here, but no definition is available [-Wundefined-var-template]
  834 |     REQUIRE(hashed_k == TVS::hashed_k);
      |                              ^
../test/test_bavc_tvs.hpp:12:42: note: forward declaration of template entity is here
   12 |     const static std::array<uint8_t, 64> hashed_k;
      |                                          ^
../test/test_vector_com.cpp:834:30: note: add an explicit instantiation declaration to suppress this warning if 'bavc_tvs<faest::parameter_set<faest::secpar::s192, 24, faest::owf::v2, faest::prg::aes_ctr, faest::prg::aes_ctr, faest::leaf_hash::aes_ctr_stat_bind, 8, std::pair<bavc, std::size_t>{1, 163}>>::hashed_k' is explicitly instantiated in another translation unit
  834 |     REQUIRE(hashed_k == TVS::hashed_k);
      |                              ^
../test/test_vector_com.cpp:840:45: warning: instantiation of variable 'bavc_tvs<faest::parameter_set<faest::secpar::s192, 24, faest::owf::v2, faest::prg::aes_ctr, faest::prg::aes_ctr, faest::leaf_hash::aes_ctr_stat_bind, 8, std::pair<bavc, std::size_t>{1, 163}>>::i_delta' required here, but no definition is available [-Wundefined-var-template]
  840 |             delta_bytes[offset + j] = (TVS::i_delta[i] & (1 << j)) ? 0xff : 0x00;
      |                                             ^
../test/test_bavc_tvs.hpp:14:49: note: forward declaration of template entity is here
   14 |     const static std::array<uint16_t, P::tau_v> i_delta;
      |                                                 ^
../test/test_vector_com.cpp:840:45: note: add an explicit instantiation declaration to suppress this warning if 'bavc_tvs<faest::parameter_set<faest::secpar::s192, 24, faest::owf::v2, faest::prg::aes_ctr, faest::prg::aes_ctr, faest::leaf_hash::aes_ctr_stat_bind, 8, std::pair<bavc, std::size_t>{1, 163}>>::i_delta' is explicitly instantiated in another translation unit
  840 |             delta_bytes[offset + j] = (TVS::i_delta[i] & (1 << j)) ? 0xff : 0x00;
      |                                             ^
../test/test_vector_com.cpp:849:36: warning: instantiation of variable 'bavc_tvs<faest::parameter_set<faest::secpar::s192, 24, faest::owf::v2, faest::prg::aes_ctr, faest::prg::aes_ctr, faest::leaf_hash::aes_ctr_stat_bind, 8, std::pair<bavc, std::size_t>{1, 163}>>::hashed_decom_i' required here, but no definition is available [-Wundefined-var-template]
  849 |     REQUIRE(hashed_decom_i == TVS::hashed_decom_i);
      |                                    ^
../test/test_bavc_tvs.hpp:15:42: note: forward declaration of template entity is here
   15 |     const static std::array<uint8_t, 64> hashed_decom_i;
      |                                          ^
../test/test_vector_com.cpp:849:36: note: add an explicit instantiation declaration to suppress this warning if 'bavc_tvs<faest::parameter_set<faest::secpar::s192, 24, faest::owf::v2, faest::prg::aes_ctr, faest::prg::aes_ctr, faest::leaf_hash::aes_ctr_stat_bind, 8, std::pair<bavc, std::size_t>{1, 163}>>::hashed_decom_i' is explicitly instantiated in another translation unit
  849 |     REQUIRE(hashed_decom_i == TVS::hashed_decom_i);
      |                                    ^
../test/test_vector_com.cpp:881:35: warning: instantiation of variable 'bavc_tvs<faest::parameter_set<faest::secpar::s192, 24, faest::owf::v2, faest::prg::aes_ctr, faest::prg::aes_ctr, faest::leaf_hash::aes_ctr_stat_bind, 8, std::pair<bavc, std::size_t>{1, 163}>>::hashed_rec_sd' required here, but no definition is available [-Wundefined-var-template]
  881 |     REQUIRE(hashed_rec_sd == TVS::hashed_rec_sd);
      |                                   ^
../test/test_bavc_tvs.hpp:16:42: note: forward declaration of template entity is here
   16 |     const static std::array<uint8_t, 64> hashed_rec_sd;
      |                                          ^
../test/test_vector_com.cpp:881:35: note: add an explicit instantiation declaration to suppress this warning if 'bavc_tvs<faest::parameter_set<faest::secpar::s192, 24, faest::owf::v2, faest::prg::aes_ctr, faest::prg::aes_ctr, faest::leaf_hash::aes_ctr_stat_bind, 8, std::pair<bavc, std::size_t>{1, 163}>>::hashed_rec_sd' is explicitly instantiated in another translation unit
  881 |     REQUIRE(hashed_rec_sd == TVS::hashed_rec_sd);
      |                                   ^
../test/test_vector_com.cpp:827:34: warning: instantiation of variable 'bavc_tvs<faest::parameter_set<faest::secpar::s256, 22, faest::owf::v2, faest::prg::aes_ctr, faest::prg::aes_ctr, faest::leaf_hash::aes_ctr_stat_bind, 6, std::pair<bavc, std::size_t>{1, 245}>>::h' required here, but no definition is available [-Wundefined-var-template]
  827 |     REQUIRE(commitment_h == TVS::h);
      |                                  ^
../test/test_vector_com.cpp:773:1: note: in instantiation of function template specialization 'CATCH2_INTERNAL_TEMPLATE_TEST_22<faest::parameter_set<faest::secpar::s256, 22, faest::owf::v2, faest::prg::aes_ctr, faest::prg::aes_ctr, faest::leaf_hash::aes_ctr_stat_bind, 6, std::pair<bavc, std::size_t>{1, 245}>>' requested here
  773 | TEMPLATE_TEST_CASE("bacv compare against tv", "[vector com]", ALL_FAEST_V2_INSTANCES)
      | ^
../subprojects/Catch2-3.13.0/src/catch2/catch_template_test_macros.hpp:76:39: note: expanded from macro 'TEMPLATE_TEST_CASE'
   76 |     #define TEMPLATE_TEST_CASE( ... ) INTERNAL_CATCH_TEMPLATE_TEST_CASE( __VA_ARGS__ )
      |                                       ^
../subprojects/Catch2-3.13.0/src/catch2/internal/catch_template_test_registry.hpp:104:108: note: expanded from macro 'INTERNAL_CATCH_TEMPLATE_TEST_CASE'
  104 |         INTERNAL_CATCH_TEMPLATE_TEST_CASE_2( INTERNAL_CATCH_UNIQUE_NAME( CATCH2_INTERNAL_TEMPLATE_TEST_ ), INTERNAL_CATCH_UNIQUE_NAME( CATCH2_INTERNAL_TEMPLATE_TEST_ ), Name, Tags, typename TestType, __VA_ARGS__ )
      |                                                                                                            ^
../subprojects/Catch2-3.13.0/src/catch2/internal/catch_unique_name.hpp:15:46: note: expanded from macro 'INTERNAL_CATCH_UNIQUE_NAME'
   15 | #  define INTERNAL_CATCH_UNIQUE_NAME( name ) INTERNAL_CATCH_UNIQUE_NAME_LINE( name, __COUNTER__ )
      |                                              ^
note: (skipping 3 expansions in backtrace; use -fmacro-backtrace-limit=0 to see all)
../subprojects/Catch2-3.13.0/src/catch2/internal/catch_template_test_registry.hpp:83:41: note: expanded from macro 'INTERNAL_CATCH_TEMPLATE_TEST_CASE_2'
   83 |             INTERNAL_CATCH_NTTP_REG_GEN(TestFunc,INTERNAL_CATCH_REMOVE_PARENS(Signature))\
      |                                         ^
../subprojects/Catch2-3.13.0/src/catch2/internal/catch_preprocessor.hpp:231:82: note: expanded from macro 'INTERNAL_CATCH_NTTP_REG_GEN'
  231 | #define INTERNAL_CATCH_NTTP_REG_GEN(TestFunc, ...) INTERNAL_CATCH_TYPES_REGISTER(TestFunc) INTERNAL_CATCH_VA_NARGS_IMPL( "dummy", __VA_ARGS__, INTERNAL_CATCH_NTTP_REGISTER, INTERNAL_CATCH_NTTP_REGISTER, INTERNAL_CATCH_NTTP_REGISTER, INTERNAL_CATCH_NTTP_REGISTER, INTERNAL_CATCH_NTTP_REGISTER, INTERNAL_CATCH_NTTP_REGISTER, INTERNAL_CATCH_NTTP_REGISTER, INTERNAL_CATCH_NTTP_REGISTER, INTERNAL_CATCH_NTTP_REGISTER, INTERNAL_CATCH_NTTP_REGISTER0, INTERNAL_CATCH_NTTP_REGISTER0)(TestFunc, __VA_ARGS__)
      |                                                                                  ^
../subprojects/Catch2-3.13.0/src/catch2/internal/catch_preprocessor.hpp:179:49: note: expanded from macro 'INTERNAL_CATCH_TYPES_REGISTER'
  179 |         Catch::AutoReg( Catch::makeTestInvoker(&TestFunc<Ts...>), CATCH_INTERNAL_LINEINFO, Catch::StringRef(), nameAndTags);\
      |                                                 ^
../test/test_vector_com.cpp:773:1: note: in instantiation of function template specialization '(anonymous namespace)::ns_CATCH2_INTERNAL_TEMPLATE_TEST_23::reg_test<faest::parameter_set<faest::secpar::s256, 22, faest::owf::v2, faest::prg::aes_ctr, faest::prg::aes_ctr, faest::leaf_hash::aes_ctr_stat_bind, 6, std::pair<bavc, std::size_t>{1, 245}>>' requested here
../subprojects/Catch2-3.13.0/src/catch2/catch_template_test_macros.hpp:76:39: note: expanded from macro 'TEMPLATE_TEST_CASE'
   76 |     #define TEMPLATE_TEST_CASE( ... ) INTERNAL_CATCH_TEMPLATE_TEST_CASE( __VA_ARGS__ )
      |                                       ^
../subprojects/Catch2-3.13.0/src/catch2/internal/catch_template_test_registry.hpp:104:9: note: expanded from macro 'INTERNAL_CATCH_TEMPLATE_TEST_CASE'
  104 |         INTERNAL_CATCH_TEMPLATE_TEST_CASE_2( INTERNAL_CATCH_UNIQUE_NAME( CATCH2_INTERNAL_TEMPLATE_TEST_ ), INTERNAL_CATCH_UNIQUE_NAME( CATCH2_INTERNAL_TEMPLATE_TEST_ ), Name, Tags, typename TestType, __VA_ARGS__ )
      |         ^
../subprojects/Catch2-3.13.0/src/catch2/internal/catch_template_test_registry.hpp:90:37: note: expanded from macro 'INTERNAL_CATCH_TEMPLATE_TEST_CASE_2'
   90 |                     (void)expander{(reg_test(Types{}, Catch::NameAndTags{ Name " - " + std::string(tmpl_types[index]), Tags } ), index++)... };/* NOLINT */ \
      |                                     ^
../test/test_vector_com.cpp:773:1: note: in instantiation of member function '(anonymous namespace)::ns_CATCH2_INTERNAL_TEMPLATE_TEST_23::CATCH2_INTERNAL_TEMPLATE_TEST_23<(anonymous namespace)::ns_CATCH2_INTERNAL_TEMPLATE_TEST_23::TypeList<faest::parameter_set<faest::secpar::s128, 11, faest::owf::v2, faest::prg::aes_ctr, faest::prg::aes_ctr, faest::leaf_hash::aes_ctr_stat_bind, 7, std::pair<bavc, std::size_t>{1, 102}>>, (anonymous namespace)::ns_CATCH2_INTERNAL_TEMPLATE_TEST_23::TypeList<faest::parameter_set<faest::secpar::s128, 16, faest::owf::v2, faest::prg::aes_ctr, faest::prg::aes_ctr, faest::leaf_hash::aes_ctr_stat_bind, 8, std::pair<bavc, std::size_t>{1, 110}>>, (anonymous namespace)::ns_CATCH2_INTERNAL_TEMPLATE_TEST_23::TypeList<faest::parameter_set<faest::secpar::s192, 16, faest::owf::v2, faest::prg::aes_ctr, faest::prg::aes_ctr, faest::leaf_hash::aes_ctr_stat_bind, 12, std::pair<bavc, std::size_t>{1, 162}>>, (anonymous namespace)::ns_CATCH2_INTERNAL_TEMPLATE_TEST_23::TypeList<faest::parameter_set<faest::secpar::s192, 24, faest::owf::v2, faest::prg::aes_ctr, faest::prg::aes_ctr, faest::leaf_hash::aes_ctr_stat_bind, 8, std::pair<bavc, std::size_t>{1, 163}>>, (anonymous namespace)::ns_CATCH2_INTERNAL_TEMPLATE_TEST_23::TypeList<faest::parameter_set<faest::secpar::s256, 22, faest::owf::v2, faest::prg::aes_ctr, faest::prg::aes_ctr, faest::leaf_hash::aes_ctr_stat_bind, 6, std::pair<bavc, std::size_t>{1, 245}>>, (anonymous namespace)::ns_CATCH2_INTERNAL_TEMPLATE_TEST_23::TypeList<faest::parameter_set<faest::secpar::s256, 32, faest::owf::v2, faest::prg::aes_ctr, faest::prg::aes_ctr, faest::leaf_hash::aes_ctr_stat_bind, 8, std::pair<bavc, std::size_t>{1, 246}>>, (anonymous namespace)::ns_CATCH2_INTERNAL_TEMPLATE_TEST_23::TypeList<faest::parameter_set<faest::secpar::s128, 11, faest::owf::v2_em, faest::prg::aes_ctr, faest::prg::aes_ctr, faest::leaf_hash::aes_ctr, 7, std::pair<bavc, std::size_t>{1, 103}>>, (anonymous namespace)::ns_CATCH2_INTERNAL_TEMPLATE_TEST_23::TypeList<faest::parameter_set<faest::secpar::s128, 16, faest::owf::v2_em, faest::prg::aes_ctr, faest::prg::aes_ctr, faest::leaf_hash::aes_ctr, 8, std::pair<bavc, std::size_t>{1, 112}>>, (anonymous namespace)::ns_CATCH2_INTERNAL_TEMPLATE_TEST_23::TypeList<faest::parameter_set<faest::secpar::s192, 16, faest::owf::v2_em, faest::prg::aes_ctr, faest::prg::aes_ctr, faest::leaf_hash::aes_ctr, 8, std::pair<bavc, std::size_t>{1, 162}>>, (anonymous namespace)::ns_CATCH2_INTERNAL_TEMPLATE_TEST_23::TypeList<faest::parameter_set<faest::secpar::s192, 24, faest::owf::v2_em, faest::prg::aes_ctr, faest::prg::aes_ctr, faest::leaf_hash::aes_ctr, 8, std::pair<bavc, std::size_t>{1, 176}>>, (anonymous namespace)::ns_CATCH2_INTERNAL_TEMPLATE_TEST_23::TypeList<faest::parameter_set<faest::secpar::s256, 22, faest::owf::v2_em, faest::prg::aes_ctr, faest::prg::aes_ctr, faest::leaf_hash::aes_ctr, 6, std::pair<bavc, std::size_t>{1, 218}>>, (anonymous namespace)::ns_CATCH2_INTERNAL_TEMPLATE_TEST_23::TypeList<faest::parameter_set<faest::secpar::s256, 32, faest::owf::v2_em, faest::prg::aes_ctr, faest::prg::aes_ctr, faest::leaf_hash::aes_ctr, 8, std::pair<bavc, std::size_t>{1, 234}>>>::CATCH2_INTERNAL_TEMPLATE_TEST_23' requested here
../subprojects/Catch2-3.13.0/src/catch2/catch_template_test_macros.hpp:76:39: note: expanded from macro 'TEMPLATE_TEST_CASE'
   76 |     #define TEMPLATE_TEST_CASE( ... ) INTERNAL_CATCH_TEMPLATE_TEST_CASE( __VA_ARGS__ )
      |                                       ^
../subprojects/Catch2-3.13.0/src/catch2/internal/catch_template_test_registry.hpp:104:46: note: expanded from macro 'INTERNAL_CATCH_TEMPLATE_TEST_CASE'
  104 |         INTERNAL_CATCH_TEMPLATE_TEST_CASE_2( INTERNAL_CATCH_UNIQUE_NAME( CATCH2_INTERNAL_TEMPLATE_TEST_ ), INTERNAL_CATCH_UNIQUE_NAME( CATCH2_INTERNAL_TEMPLATE_TEST_ ), Name, Tags, typename TestType, __VA_ARGS__ )
      |                                              ^
../subprojects/Catch2-3.13.0/src/catch2/internal/catch_unique_name.hpp:15:46: note: expanded from macro 'INTERNAL_CATCH_UNIQUE_NAME'
   15 | #  define INTERNAL_CATCH_UNIQUE_NAME( name ) INTERNAL_CATCH_UNIQUE_NAME_LINE( name, __COUNTER__ )
      |                                              ^
note: (skipping 1 expansions in backtrace; use -fmacro-backtrace-limit=0 to see all)
../subprojects/Catch2-3.13.0/src/catch2/internal/catch_unique_name.hpp:12:56: note: expanded from macro 'INTERNAL_CATCH_UNIQUE_NAME_LINE2'
   12 | #define INTERNAL_CATCH_UNIQUE_NAME_LINE2( name, line ) name##line
      |                                                        ^
<scratch space>:181:1: note: expanded from here
  181 | CATCH2_INTERNAL_TEMPLATE_TEST_23
      | ^
../subprojects/Catch2-3.13.0/src/catch2/internal/catch_template_test_registry.hpp:94:13: note: expanded from macro 'INTERNAL_CATCH_TEMPLATE_TEST_CASE_2'
   94 |             TestName<INTERNAL_CATCH_MAKE_TYPE_LISTS_FROM_TYPES(__VA_ARGS__)>();\
      |             ^
../test/test_bavc_tvs.hpp:11:59: note: forward declaration of template entity is here
   11 |     const static std::array<uint8_t, 2 * P::secpar_bytes> h;
      |                                                           ^
../test/test_vector_com.cpp:827:34: note: add an explicit instantiation declaration to suppress this warning if 'bavc_tvs<faest::parameter_set<faest::secpar::s256, 22, faest::owf::v2, faest::prg::aes_ctr, faest::prg::aes_ctr, faest::leaf_hash::aes_ctr_stat_bind, 6, std::pair<bavc, std::size_t>{1, 245}>>::h' is explicitly instantiated in another translation unit
  827 |     REQUIRE(commitment_h == TVS::h);
      |                                  ^
../test/test_vector_com.cpp:831:31: warning: instantiation of variable 'bavc_tvs<faest::parameter_set<faest::secpar::s256, 22, faest::owf::v2, faest::prg::aes_ctr, faest::prg::aes_ctr, faest::leaf_hash::aes_ctr_stat_bind, 6, std::pair<bavc, std::size_t>{1, 245}>>::hashed_sd' required here, but no definition is available [-Wundefined-var-template]
  831 |     REQUIRE(hashed_sd == TVS::hashed_sd);
      |                               ^
../test/test_bavc_tvs.hpp:13:42: note: forward declaration of template entity is here
   13 |     const static std::array<uint8_t, 64> hashed_sd;
      |                                          ^
../test/test_vector_com.cpp:831:31: note: add an explicit instantiation declaration to suppress this warning if 'bavc_tvs<faest::parameter_set<faest::secpar::s256, 22, faest::owf::v2, faest::prg::aes_ctr, faest::prg::aes_ctr, faest::leaf_hash::aes_ctr_stat_bind, 6, std::pair<bavc, std::size_t>{1, 245}>>::hashed_sd' is explicitly instantiated in another translation unit
  831 |     REQUIRE(hashed_sd == TVS::hashed_sd);
      |                               ^
../test/test_vector_com.cpp:834:30: warning: instantiation of variable 'bavc_tvs<faest::parameter_set<faest::secpar::s256, 22, faest::owf::v2, faest::prg::aes_ctr, faest::prg::aes_ctr, faest::leaf_hash::aes_ctr_stat_bind, 6, std::pair<bavc, std::size_t>{1, 245}>>::hashed_k' required here, but no definition is available [-Wundefined-var-template]
  834 |     REQUIRE(hashed_k == TVS::hashed_k);
      |                              ^
../test/test_bavc_tvs.hpp:12:42: note: forward declaration of template entity is here
   12 |     const static std::array<uint8_t, 64> hashed_k;
      |                                          ^
../test/test_vector_com.cpp:834:30: note: add an explicit instantiation declaration to suppress this warning if 'bavc_tvs<faest::parameter_set<faest::secpar::s256, 22, faest::owf::v2, faest::prg::aes_ctr, faest::prg::aes_ctr, faest::leaf_hash::aes_ctr_stat_bind, 6, std::pair<bavc, std::size_t>{1, 245}>>::hashed_k' is explicitly instantiated in another translation unit
  834 |     REQUIRE(hashed_k == TVS::hashed_k);
      |                              ^
../test/test_vector_com.cpp:840:45: warning: instantiation of variable 'bavc_tvs<faest::parameter_set<faest::secpar::s256, 22, faest::owf::v2, faest::prg::aes_ctr, faest::prg::aes_ctr, faest::leaf_hash::aes_ctr_stat_bind, 6, std::pair<bavc, std::size_t>{1, 245}>>::i_delta' required here, but no definition is available [-Wundefined-var-template]
  840 |             delta_bytes[offset + j] = (TVS::i_delta[i] & (1 << j)) ? 0xff : 0x00;
      |                                             ^
../test/test_bavc_tvs.hpp:14:49: note: forward declaration of template entity is here
   14 |     const static std::array<uint16_t, P::tau_v> i_delta;
      |                                                 ^
../test/test_vector_com.cpp:840:45: note: add an explicit instantiation declaration to suppress this warning if 'bavc_tvs<faest::parameter_set<faest::secpar::s256, 22, faest::owf::v2, faest::prg::aes_ctr, faest::prg::aes_ctr, faest::leaf_hash::aes_ctr_stat_bind, 6, std::pair<bavc, std::size_t>{1, 245}>>::i_delta' is explicitly instantiated in another translation unit
  840 |             delta_bytes[offset + j] = (TVS::i_delta[i] & (1 << j)) ? 0xff : 0x00;
      |                                             ^
../test/test_vector_com.cpp:849:36: warning: instantiation of variable 'bavc_tvs<faest::parameter_set<faest::secpar::s256, 22, faest::owf::v2, faest::prg::aes_ctr, faest::prg::aes_ctr, faest::leaf_hash::aes_ctr_stat_bind, 6, std::pair<bavc, std::size_t>{1, 245}>>::hashed_decom_i' required here, but no definition is available [-Wundefined-var-template]
  849 |     REQUIRE(hashed_decom_i == TVS::hashed_decom_i);
      |                                    ^
../test/test_bavc_tvs.hpp:15:42: note: forward declaration of template entity is here
   15 |     const static std::array<uint8_t, 64> hashed_decom_i;
      |                                          ^
../test/test_vector_com.cpp:849:36: note: add an explicit instantiation declaration to suppress this warning if 'bavc_tvs<faest::parameter_set<faest::secpar::s256, 22, faest::owf::v2, faest::prg::aes_ctr, faest::prg::aes_ctr, faest::leaf_hash::aes_ctr_stat_bind, 6, std::pair<bavc, std::size_t>{1, 245}>>::hashed_decom_i' is explicitly instantiated in another translation unit
  849 |     REQUIRE(hashed_decom_i == TVS::hashed_decom_i);
      |                                    ^
../test/test_vector_com.cpp:881:35: warning: instantiation of variable 'bavc_tvs<faest::parameter_set<faest::secpar::s256, 22, faest::owf::v2, faest::prg::aes_ctr, faest::prg::aes_ctr, faest::leaf_hash::aes_ctr_stat_bind, 6, std::pair<bavc, std::size_t>{1, 245}>>::hashed_rec_sd' required here, but no definition is available [-Wundefined-var-template]
  881 |     REQUIRE(hashed_rec_sd == TVS::hashed_rec_sd);
      |                                   ^
../test/test_bavc_tvs.hpp:16:42: note: forward declaration of template entity is here
   16 |     const static std::array<uint8_t, 64> hashed_rec_sd;
      |                                          ^
../test/test_vector_com.cpp:881:35: note: add an explicit instantiation declaration to suppress this warning if 'bavc_tvs<faest::parameter_set<faest::secpar::s256, 22, faest::owf::v2, faest::prg::aes_ctr, faest::prg::aes_ctr, faest::leaf_hash::aes_ctr_stat_bind, 6, std::pair<bavc, std::size_t>{1, 245}>>::hashed_rec_sd' is explicitly instantiated in another translation unit
  881 |     REQUIRE(hashed_rec_sd == TVS::hashed_rec_sd);
      |                                   ^
../test/test_vector_com.cpp:827:34: warning: instantiation of variable 'bavc_tvs<faest::parameter_set<faest::secpar::s256, 32, faest::owf::v2, faest::prg::aes_ctr, faest::prg::aes_ctr, faest::leaf_hash::aes_ctr_stat_bind, 8, std::pair<bavc, std::size_t>{1, 246}>>::h' required here, but no definition is available [-Wundefined-var-template]
  827 |     REQUIRE(commitment_h == TVS::h);
      |                                  ^
../test/test_vector_com.cpp:773:1: note: in instantiation of function template specialization 'CATCH2_INTERNAL_TEMPLATE_TEST_22<faest::parameter_set<faest::secpar::s256, 32, faest::owf::v2, faest::prg::aes_ctr, faest::prg::aes_ctr, faest::leaf_hash::aes_ctr_stat_bind, 8, std::pair<bavc, std::size_t>{1, 246}>>' requested here
  773 | TEMPLATE_TEST_CASE("bacv compare against tv", "[vector com]", ALL_FAEST_V2_INSTANCES)
      | ^
../subprojects/Catch2-3.13.0/src/catch2/catch_template_test_macros.hpp:76:39: note: expanded from macro 'TEMPLATE_TEST_CASE'
   76 |     #define TEMPLATE_TEST_CASE( ... ) INTERNAL_CATCH_TEMPLATE_TEST_CASE( __VA_ARGS__ )
      |                                       ^
../subprojects/Catch2-3.13.0/src/catch2/internal/catch_template_test_registry.hpp:104:108: note: expanded from macro 'INTERNAL_CATCH_TEMPLATE_TEST_CASE'
  104 |         INTERNAL_CATCH_TEMPLATE_TEST_CASE_2( INTERNAL_CATCH_UNIQUE_NAME( CATCH2_INTERNAL_TEMPLATE_TEST_ ), INTERNAL_CATCH_UNIQUE_NAME( CATCH2_INTERNAL_TEMPLATE_TEST_ ), Name, Tags, typename TestType, __VA_ARGS__ )
      |                                                                                                            ^
../subprojects/Catch2-3.13.0/src/catch2/internal/catch_unique_name.hpp:15:46: note: expanded from macro 'INTERNAL_CATCH_UNIQUE_NAME'
   15 | #  define INTERNAL_CATCH_UNIQUE_NAME( name ) INTERNAL_CATCH_UNIQUE_NAME_LINE( name, __COUNTER__ )
      |                                              ^
note: (skipping 3 expansions in backtrace; use -fmacro-backtrace-limit=0 to see all)
../subprojects/Catch2-3.13.0/src/catch2/internal/catch_template_test_registry.hpp:83:41: note: expanded from macro 'INTERNAL_CATCH_TEMPLATE_TEST_CASE_2'
   83 |             INTERNAL_CATCH_NTTP_REG_GEN(TestFunc,INTERNAL_CATCH_REMOVE_PARENS(Signature))\
      |                                         ^
../subprojects/Catch2-3.13.0/src/catch2/internal/catch_preprocessor.hpp:231:82: note: expanded from macro 'INTERNAL_CATCH_NTTP_REG_GEN'
  231 | #define INTERNAL_CATCH_NTTP_REG_GEN(TestFunc, ...) INTERNAL_CATCH_TYPES_REGISTER(TestFunc) INTERNAL_CATCH_VA_NARGS_IMPL( "dummy", __VA_ARGS__, INTERNAL_CATCH_NTTP_REGISTER, INTERNAL_CATCH_NTTP_REGISTER, INTERNAL_CATCH_NTTP_REGISTER, INTERNAL_CATCH_NTTP_REGISTER, INTERNAL_CATCH_NTTP_REGISTER, INTERNAL_CATCH_NTTP_REGISTER, INTERNAL_CATCH_NTTP_REGISTER, INTERNAL_CATCH_NTTP_REGISTER, INTERNAL_CATCH_NTTP_REGISTER, INTERNAL_CATCH_NTTP_REGISTER0, INTERNAL_CATCH_NTTP_REGISTER0)(TestFunc, __VA_ARGS__)
      |                                                                                  ^
../subprojects/Catch2-3.13.0/src/catch2/internal/catch_preprocessor.hpp:179:49: note: expanded from macro 'INTERNAL_CATCH_TYPES_REGISTER'
  179 |         Catch::AutoReg( Catch::makeTestInvoker(&TestFunc<Ts...>), CATCH_INTERNAL_LINEINFO, Catch::StringRef(), nameAndTags);\
      |                                                 ^
../test/test_vector_com.cpp:773:1: note: in instantiation of function template specialization '(anonymous namespace)::ns_CATCH2_INTERNAL_TEMPLATE_TEST_23::reg_test<faest::parameter_set<faest::secpar::s256, 32, faest::owf::v2, faest::prg::aes_ctr, faest::prg::aes_ctr, faest::leaf_hash::aes_ctr_stat_bind, 8, std::pair<bavc, std::size_t>{1, 246}>>' requested here
../subprojects/Catch2-3.13.0/src/catch2/catch_template_test_macros.hpp:76:39: note: expanded from macro 'TEMPLATE_TEST_CASE'
   76 |     #define TEMPLATE_TEST_CASE( ... ) INTERNAL_CATCH_TEMPLATE_TEST_CASE( __VA_ARGS__ )
      |                                       ^
../subprojects/Catch2-3.13.0/src/catch2/internal/catch_template_test_registry.hpp:104:9: note: expanded from macro 'INTERNAL_CATCH_TEMPLATE_TEST_CASE'
  104 |         INTERNAL_CATCH_TEMPLATE_TEST_CASE_2( INTERNAL_CATCH_UNIQUE_NAME( CATCH2_INTERNAL_TEMPLATE_TEST_ ), INTERNAL_CATCH_UNIQUE_NAME( CATCH2_INTERNAL_TEMPLATE_TEST_ ), Name, Tags, typename TestType, __VA_ARGS__ )
      |         ^
../subprojects/Catch2-3.13.0/src/catch2/internal/catch_template_test_registry.hpp:90:37: note: expanded from macro 'INTERNAL_CATCH_TEMPLATE_TEST_CASE_2'
   90 |                     (void)expander{(reg_test(Types{}, Catch::NameAndTags{ Name " - " + std::string(tmpl_types[index]), Tags } ), index++)... };/* NOLINT */ \
      |                                     ^
../test/test_vector_com.cpp:773:1: note: in instantiation of member function '(anonymous namespace)::ns_CATCH2_INTERNAL_TEMPLATE_TEST_23::CATCH2_INTERNAL_TEMPLATE_TEST_23<(anonymous namespace)::ns_CATCH2_INTERNAL_TEMPLATE_TEST_23::TypeList<faest::parameter_set<faest::secpar::s128, 11, faest::owf::v2, faest::prg::aes_ctr, faest::prg::aes_ctr, faest::leaf_hash::aes_ctr_stat_bind, 7, std::pair<bavc, std::size_t>{1, 102}>>, (anonymous namespace)::ns_CATCH2_INTERNAL_TEMPLATE_TEST_23::TypeList<faest::parameter_set<faest::secpar::s128, 16, faest::owf::v2, faest::prg::aes_ctr, faest::prg::aes_ctr, faest::leaf_hash::aes_ctr_stat_bind, 8, std::pair<bavc, std::size_t>{1, 110}>>, (anonymous namespace)::ns_CATCH2_INTERNAL_TEMPLATE_TEST_23::TypeList<faest::parameter_set<faest::secpar::s192, 16, faest::owf::v2, faest::prg::aes_ctr, faest::prg::aes_ctr, faest::leaf_hash::aes_ctr_stat_bind, 12, std::pair<bavc, std::size_t>{1, 162}>>, (anonymous namespace)::ns_CATCH2_INTERNAL_TEMPLATE_TEST_23::TypeList<faest::parameter_set<faest::secpar::s192, 24, faest::owf::v2, faest::prg::aes_ctr, faest::prg::aes_ctr, faest::leaf_hash::aes_ctr_stat_bind, 8, std::pair<bavc, std::size_t>{1, 163}>>, (anonymous namespace)::ns_CATCH2_INTERNAL_TEMPLATE_TEST_23::TypeList<faest::parameter_set<faest::secpar::s256, 22, faest::owf::v2, faest::prg::aes_ctr, faest::prg::aes_ctr, faest::leaf_hash::aes_ctr_stat_bind, 6, std::pair<bavc, std::size_t>{1, 245}>>, (anonymous namespace)::ns_CATCH2_INTERNAL_TEMPLATE_TEST_23::TypeList<faest::parameter_set<faest::secpar::s256, 32, faest::owf::v2, faest::prg::aes_ctr, faest::prg::aes_ctr, faest::leaf_hash::aes_ctr_stat_bind, 8, std::pair<bavc, std::size_t>{1, 246}>>, (anonymous namespace)::ns_CATCH2_INTERNAL_TEMPLATE_TEST_23::TypeList<faest::parameter_set<faest::secpar::s128, 11, faest::owf::v2_em, faest::prg::aes_ctr, faest::prg::aes_ctr, faest::leaf_hash::aes_ctr, 7, std::pair<bavc, std::size_t>{1, 103}>>, (anonymous namespace)::ns_CATCH2_INTERNAL_TEMPLATE_TEST_23::TypeList<faest::parameter_set<faest::secpar::s128, 16, faest::owf::v2_em, faest::prg::aes_ctr, faest::prg::aes_ctr, faest::leaf_hash::aes_ctr, 8, std::pair<bavc, std::size_t>{1, 112}>>, (anonymous namespace)::ns_CATCH2_INTERNAL_TEMPLATE_TEST_23::TypeList<faest::parameter_set<faest::secpar::s192, 16, faest::owf::v2_em, faest::prg::aes_ctr, faest::prg::aes_ctr, faest::leaf_hash::aes_ctr, 8, std::pair<bavc, std::size_t>{1, 162}>>, (anonymous namespace)::ns_CATCH2_INTERNAL_TEMPLATE_TEST_23::TypeList<faest::parameter_set<faest::secpar::s192, 24, faest::owf::v2_em, faest::prg::aes_ctr, faest::prg::aes_ctr, faest::leaf_hash::aes_ctr, 8, std::pair<bavc, std::size_t>{1, 176}>>, (anonymous namespace)::ns_CATCH2_INTERNAL_TEMPLATE_TEST_23::TypeList<faest::parameter_set<faest::secpar::s256, 22, faest::owf::v2_em, faest::prg::aes_ctr, faest::prg::aes_ctr, faest::leaf_hash::aes_ctr, 6, std::pair<bavc, std::size_t>{1, 218}>>, (anonymous namespace)::ns_CATCH2_INTERNAL_TEMPLATE_TEST_23::TypeList<faest::parameter_set<faest::secpar::s256, 32, faest::owf::v2_em, faest::prg::aes_ctr, faest::prg::aes_ctr, faest::leaf_hash::aes_ctr, 8, std::pair<bavc, std::size_t>{1, 234}>>>::CATCH2_INTERNAL_TEMPLATE_TEST_23' requested here
../subprojects/Catch2-3.13.0/src/catch2/catch_template_test_macros.hpp:76:39: note: expanded from macro 'TEMPLATE_TEST_CASE'
   76 |     #define TEMPLATE_TEST_CASE( ... ) INTERNAL_CATCH_TEMPLATE_TEST_CASE( __VA_ARGS__ )
      |                                       ^
../subprojects/Catch2-3.13.0/src/catch2/internal/catch_template_test_registry.hpp:104:46: note: expanded from macro 'INTERNAL_CATCH_TEMPLATE_TEST_CASE'
  104 |         INTERNAL_CATCH_TEMPLATE_TEST_CASE_2( INTERNAL_CATCH_UNIQUE_NAME( CATCH2_INTERNAL_TEMPLATE_TEST_ ), INTERNAL_CATCH_UNIQUE_NAME( CATCH2_INTERNAL_TEMPLATE_TEST_ ), Name, Tags, typename TestType, __VA_ARGS__ )
      |                                              ^
../subprojects/Catch2-3.13.0/src/catch2/internal/catch_unique_name.hpp:15:46: note: expanded from macro 'INTERNAL_CATCH_UNIQUE_NAME'
   15 | #  define INTERNAL_CATCH_UNIQUE_NAME( name ) INTERNAL_CATCH_UNIQUE_NAME_LINE( name, __COUNTER__ )
      |                                              ^
note: (skipping 1 expansions in backtrace; use -fmacro-backtrace-limit=0 to see all)
../subprojects/Catch2-3.13.0/src/catch2/internal/catch_unique_name.hpp:12:56: note: expanded from macro 'INTERNAL_CATCH_UNIQUE_NAME_LINE2'
   12 | #define INTERNAL_CATCH_UNIQUE_NAME_LINE2( name, line ) name##line
      |                                                        ^
<scratch space>:181:1: note: expanded from here
  181 | CATCH2_INTERNAL_TEMPLATE_TEST_23
      | ^
../subprojects/Catch2-3.13.0/src/catch2/internal/catch_template_test_registry.hpp:94:13: note: expanded from macro 'INTERNAL_CATCH_TEMPLATE_TEST_CASE_2'
   94 |             TestName<INTERNAL_CATCH_MAKE_TYPE_LISTS_FROM_TYPES(__VA_ARGS__)>();\
      |             ^
../test/test_bavc_tvs.hpp:11:59: note: forward declaration of template entity is here
   11 |     const static std::array<uint8_t, 2 * P::secpar_bytes> h;
      |                                                           ^
../test/test_vector_com.cpp:827:34: note: add an explicit instantiation declaration to suppress this warning if 'bavc_tvs<faest::parameter_set<faest::secpar::s256, 32, faest::owf::v2, faest::prg::aes_ctr, faest::prg::aes_ctr, faest::leaf_hash::aes_ctr_stat_bind, 8, std::pair<bavc, std::size_t>{1, 246}>>::h' is explicitly instantiated in another translation unit
  827 |     REQUIRE(commitment_h == TVS::h);
      |                                  ^
../test/test_vector_com.cpp:831:31: warning: instantiation of variable 'bavc_tvs<faest::parameter_set<faest::secpar::s256, 32, faest::owf::v2, faest::prg::aes_ctr, faest::prg::aes_ctr, faest::leaf_hash::aes_ctr_stat_bind, 8, std::pair<bavc, std::size_t>{1, 246}>>::hashed_sd' required here, but no definition is available [-Wundefined-var-template]
  831 |     REQUIRE(hashed_sd == TVS::hashed_sd);
      |                               ^
../test/test_bavc_tvs.hpp:13:42: note: forward declaration of template entity is here
   13 |     const static std::array<uint8_t, 64> hashed_sd;
      |                                          ^
../test/test_vector_com.cpp:831:31: note: add an explicit instantiation declaration to suppress this warning if 'bavc_tvs<faest::parameter_set<faest::secpar::s256, 32, faest::owf::v2, faest::prg::aes_ctr, faest::prg::aes_ctr, faest::leaf_hash::aes_ctr_stat_bind, 8, std::pair<bavc, std::size_t>{1, 246}>>::hashed_sd' is explicitly instantiated in another translation unit
  831 |     REQUIRE(hashed_sd == TVS::hashed_sd);
      |                               ^
../test/test_vector_com.cpp:834:30: warning: instantiation of variable 'bavc_tvs<faest::parameter_set<faest::secpar::s256, 32, faest::owf::v2, faest::prg::aes_ctr, faest::prg::aes_ctr, faest::leaf_hash::aes_ctr_stat_bind, 8, std::pair<bavc, std::size_t>{1, 246}>>::hashed_k' required here, but no definition is available [-Wundefined-var-template]
  834 |     REQUIRE(hashed_k == TVS::hashed_k);
      |                              ^
../test/test_bavc_tvs.hpp:12:42: note: forward declaration of template entity is here
   12 |     const static std::array<uint8_t, 64> hashed_k;
      |                                          ^
../test/test_vector_com.cpp:834:30: note: add an explicit instantiation declaration to suppress this warning if 'bavc_tvs<faest::parameter_set<faest::secpar::s256, 32, faest::owf::v2, faest::prg::aes_ctr, faest::prg::aes_ctr, faest::leaf_hash::aes_ctr_stat_bind, 8, std::pair<bavc, std::size_t>{1, 246}>>::hashed_k' is explicitly instantiated in another translation unit
  834 |     REQUIRE(hashed_k == TVS::hashed_k);
      |                              ^
../test/test_vector_com.cpp:840:45: warning: instantiation of variable 'bavc_tvs<faest::parameter_set<faest::secpar::s256, 32, faest::owf::v2, faest::prg::aes_ctr, faest::prg::aes_ctr, faest::leaf_hash::aes_ctr_stat_bind, 8, std::pair<bavc, std::size_t>{1, 246}>>::i_delta' required here, but no definition is available [-Wundefined-var-template]
  840 |             delta_bytes[offset + j] = (TVS::i_delta[i] & (1 << j)) ? 0xff : 0x00;
      |                                             ^
../test/test_bavc_tvs.hpp:14:49: note: forward declaration of template entity is here
   14 |     const static std::array<uint16_t, P::tau_v> i_delta;
      |                                                 ^
../test/test_vector_com.cpp:840:45: note: add an explicit instantiation declaration to suppress this warning if 'bavc_tvs<faest::parameter_set<faest::secpar::s256, 32, faest::owf::v2, faest::prg::aes_ctr, faest::prg::aes_ctr, faest::leaf_hash::aes_ctr_stat_bind, 8, std::pair<bavc, std::size_t>{1, 246}>>::i_delta' is explicitly instantiated in another translation unit
  840 |             delta_bytes[offset + j] = (TVS::i_delta[i] & (1 << j)) ? 0xff : 0x00;
      |                                             ^
../test/test_vector_com.cpp:849:36: warning: instantiation of variable 'bavc_tvs<faest::parameter_set<faest::secpar::s256, 32, faest::owf::v2, faest::prg::aes_ctr, faest::prg::aes_ctr, faest::leaf_hash::aes_ctr_stat_bind, 8, std::pair<bavc, std::size_t>{1, 246}>>::hashed_decom_i' required here, but no definition is available [-Wundefined-var-template]
  849 |     REQUIRE(hashed_decom_i == TVS::hashed_decom_i);
      |                                    ^
../test/test_bavc_tvs.hpp:15:42: note: forward declaration of template entity is here
   15 |     const static std::array<uint8_t, 64> hashed_decom_i;
      |                                          ^
../test/test_vector_com.cpp:849:36: note: add an explicit instantiation declaration to suppress this warning if 'bavc_tvs<faest::parameter_set<faest::secpar::s256, 32, faest::owf::v2, faest::prg::aes_ctr, faest::prg::aes_ctr, faest::leaf_hash::aes_ctr_stat_bind, 8, std::pair<bavc, std::size_t>{1, 246}>>::hashed_decom_i' is explicitly instantiated in another translation unit
  849 |     REQUIRE(hashed_decom_i == TVS::hashed_decom_i);
      |                                    ^
../test/test_vector_com.cpp:881:35: warning: instantiation of variable 'bavc_tvs<faest::parameter_set<faest::secpar::s256, 32, faest::owf::v2, faest::prg::aes_ctr, faest::prg::aes_ctr, faest::leaf_hash::aes_ctr_stat_bind, 8, std::pair<bavc, std::size_t>{1, 246}>>::hashed_rec_sd' required here, but no definition is available [-Wundefined-var-template]
  881 |     REQUIRE(hashed_rec_sd == TVS::hashed_rec_sd);
      |                                   ^
../test/test_bavc_tvs.hpp:16:42: note: forward declaration of template entity is here
   16 |     const static std::array<uint8_t, 64> hashed_rec_sd;
      |                                          ^
../test/test_vector_com.cpp:881:35: note: add an explicit instantiation declaration to suppress this warning if 'bavc_tvs<faest::parameter_set<faest::secpar::s256, 32, faest::owf::v2, faest::prg::aes_ctr, faest::prg::aes_ctr, faest::leaf_hash::aes_ctr_stat_bind, 8, std::pair<bavc, std::size_t>{1, 246}>>::hashed_rec_sd' is explicitly instantiated in another translation unit
  881 |     REQUIRE(hashed_rec_sd == TVS::hashed_rec_sd);
      |                                   ^
../test/test_vector_com.cpp:827:34: warning: instantiation of variable 'bavc_tvs<faest::parameter_set<faest::secpar::s128, 11, faest::owf::v2_em, faest::prg::aes_ctr, faest::prg::aes_ctr, faest::leaf_hash::aes_ctr, 7, std::pair<bavc, std::size_t>{1, 103}>>::h' required here, but no definition is available [-Wundefined-var-template]
  827 |     REQUIRE(commitment_h == TVS::h);
      |                                  ^
../test/test_vector_com.cpp:773:1: note: in instantiation of function template specialization 'CATCH2_INTERNAL_TEMPLATE_TEST_22<faest::parameter_set<faest::secpar::s128, 11, faest::owf::v2_em, faest::prg::aes_ctr, faest::prg::aes_ctr, faest::leaf_hash::aes_ctr, 7, std::pair<bavc, std::size_t>{1, 103}>>' requested here
  773 | TEMPLATE_TEST_CASE("bacv compare against tv", "[vector com]", ALL_FAEST_V2_INSTANCES)
      | ^
../subprojects/Catch2-3.13.0/src/catch2/catch_template_test_macros.hpp:76:39: note: expanded from macro 'TEMPLATE_TEST_CASE'
   76 |     #define TEMPLATE_TEST_CASE( ... ) INTERNAL_CATCH_TEMPLATE_TEST_CASE( __VA_ARGS__ )
      |                                       ^
../subprojects/Catch2-3.13.0/src/catch2/internal/catch_template_test_registry.hpp:104:108: note: expanded from macro 'INTERNAL_CATCH_TEMPLATE_TEST_CASE'
  104 |         INTERNAL_CATCH_TEMPLATE_TEST_CASE_2( INTERNAL_CATCH_UNIQUE_NAME( CATCH2_INTERNAL_TEMPLATE_TEST_ ), INTERNAL_CATCH_UNIQUE_NAME( CATCH2_INTERNAL_TEMPLATE_TEST_ ), Name, Tags, typename TestType, __VA_ARGS__ )
      |                                                                                                            ^
../subprojects/Catch2-3.13.0/src/catch2/internal/catch_unique_name.hpp:15:46: note: expanded from macro 'INTERNAL_CATCH_UNIQUE_NAME'
   15 | #  define INTERNAL_CATCH_UNIQUE_NAME( name ) INTERNAL_CATCH_UNIQUE_NAME_LINE( name, __COUNTER__ )
      |                                              ^
note: (skipping 3 expansions in backtrace; use -fmacro-backtrace-limit=0 to see all)
../subprojects/Catch2-3.13.0/src/catch2/internal/catch_template_test_registry.hpp:83:41: note: expanded from macro 'INTERNAL_CATCH_TEMPLATE_TEST_CASE_2'
   83 |             INTERNAL_CATCH_NTTP_REG_GEN(TestFunc,INTERNAL_CATCH_REMOVE_PARENS(Signature))\
      |                                         ^
../subprojects/Catch2-3.13.0/src/catch2/internal/catch_preprocessor.hpp:231:82: note: expanded from macro 'INTERNAL_CATCH_NTTP_REG_GEN'
  231 | #define INTERNAL_CATCH_NTTP_REG_GEN(TestFunc, ...) INTERNAL_CATCH_TYPES_REGISTER(TestFunc) INTERNAL_CATCH_VA_NARGS_IMPL( "dummy", __VA_ARGS__, INTERNAL_CATCH_NTTP_REGISTER, INTERNAL_CATCH_NTTP_REGISTER, INTERNAL_CATCH_NTTP_REGISTER, INTERNAL_CATCH_NTTP_REGISTER, INTERNAL_CATCH_NTTP_REGISTER, INTERNAL_CATCH_NTTP_REGISTER, INTERNAL_CATCH_NTTP_REGISTER, INTERNAL_CATCH_NTTP_REGISTER, INTERNAL_CATCH_NTTP_REGISTER, INTERNAL_CATCH_NTTP_REGISTER0, INTERNAL_CATCH_NTTP_REGISTER0)(TestFunc, __VA_ARGS__)
      |                                                                                  ^
../subprojects/Catch2-3.13.0/src/catch2/internal/catch_preprocessor.hpp:179:49: note: expanded from macro 'INTERNAL_CATCH_TYPES_REGISTER'
  179 |         Catch::AutoReg( Catch::makeTestInvoker(&TestFunc<Ts...>), CATCH_INTERNAL_LINEINFO, Catch::StringRef(), nameAndTags);\
      |                                                 ^
../test/test_vector_com.cpp:773:1: note: in instantiation of function template specialization '(anonymous namespace)::ns_CATCH2_INTERNAL_TEMPLATE_TEST_23::reg_test<faest::parameter_set<faest::secpar::s128, 11, faest::owf::v2_em, faest::prg::aes_ctr, faest::prg::aes_ctr, faest::leaf_hash::aes_ctr, 7, std::pair<bavc, std::size_t>{1, 103}>>' requested here
../subprojects/Catch2-3.13.0/src/catch2/catch_template_test_macros.hpp:76:39: note: expanded from macro 'TEMPLATE_TEST_CASE'
   76 |     #define TEMPLATE_TEST_CASE( ... ) INTERNAL_CATCH_TEMPLATE_TEST_CASE( __VA_ARGS__ )
      |                                       ^
../subprojects/Catch2-3.13.0/src/catch2/internal/catch_template_test_registry.hpp:104:9: note: expanded from macro 'INTERNAL_CATCH_TEMPLATE_TEST_CASE'
  104 |         INTERNAL_CATCH_TEMPLATE_TEST_CASE_2( INTERNAL_CATCH_UNIQUE_NAME( CATCH2_INTERNAL_TEMPLATE_TEST_ ), INTERNAL_CATCH_UNIQUE_NAME( CATCH2_INTERNAL_TEMPLATE_TEST_ ), Name, Tags, typename TestType, __VA_ARGS__ )
      |         ^
../subprojects/Catch2-3.13.0/src/catch2/internal/catch_template_test_registry.hpp:90:37: note: expanded from macro 'INTERNAL_CATCH_TEMPLATE_TEST_CASE_2'
   90 |                     (void)expander{(reg_test(Types{}, Catch::NameAndTags{ Name " - " + std::string(tmpl_types[index]), Tags } ), index++)... };/* NOLINT */ \
      |                                     ^
../test/test_vector_com.cpp:773:1: note: in instantiation of member function '(anonymous namespace)::ns_CATCH2_INTERNAL_TEMPLATE_TEST_23::CATCH2_INTERNAL_TEMPLATE_TEST_23<(anonymous namespace)::ns_CATCH2_INTERNAL_TEMPLATE_TEST_23::TypeList<faest::parameter_set<faest::secpar::s128, 11, faest::owf::v2, faest::prg::aes_ctr, faest::prg::aes_ctr, faest::leaf_hash::aes_ctr_stat_bind, 7, std::pair<bavc, std::size_t>{1, 102}>>, (anonymous namespace)::ns_CATCH2_INTERNAL_TEMPLATE_TEST_23::TypeList<faest::parameter_set<faest::secpar::s128, 16, faest::owf::v2, faest::prg::aes_ctr, faest::prg::aes_ctr, faest::leaf_hash::aes_ctr_stat_bind, 8, std::pair<bavc, std::size_t>{1, 110}>>, (anonymous namespace)::ns_CATCH2_INTERNAL_TEMPLATE_TEST_23::TypeList<faest::parameter_set<faest::secpar::s192, 16, faest::owf::v2, faest::prg::aes_ctr, faest::prg::aes_ctr, faest::leaf_hash::aes_ctr_stat_bind, 12, std::pair<bavc, std::size_t>{1, 162}>>, (anonymous namespace)::ns_CATCH2_INTERNAL_TEMPLATE_TEST_23::TypeList<faest::parameter_set<faest::secpar::s192, 24, faest::owf::v2, faest::prg::aes_ctr, faest::prg::aes_ctr, faest::leaf_hash::aes_ctr_stat_bind, 8, std::pair<bavc, std::size_t>{1, 163}>>, (anonymous namespace)::ns_CATCH2_INTERNAL_TEMPLATE_TEST_23::TypeList<faest::parameter_set<faest::secpar::s256, 22, faest::owf::v2, faest::prg::aes_ctr, faest::prg::aes_ctr, faest::leaf_hash::aes_ctr_stat_bind, 6, std::pair<bavc, std::size_t>{1, 245}>>, (anonymous namespace)::ns_CATCH2_INTERNAL_TEMPLATE_TEST_23::TypeList<faest::parameter_set<faest::secpar::s256, 32, faest::owf::v2, faest::prg::aes_ctr, faest::prg::aes_ctr, faest::leaf_hash::aes_ctr_stat_bind, 8, std::pair<bavc, std::size_t>{1, 246}>>, (anonymous namespace)::ns_CATCH2_INTERNAL_TEMPLATE_TEST_23::TypeList<faest::parameter_set<faest::secpar::s128, 11, faest::owf::v2_em, faest::prg::aes_ctr, faest::prg::aes_ctr, faest::leaf_hash::aes_ctr, 7, std::pair<bavc, std::size_t>{1, 103}>>, (anonymous namespace)::ns_CATCH2_INTERNAL_TEMPLATE_TEST_23::TypeList<faest::parameter_set<faest::secpar::s128, 16, faest::owf::v2_em, faest::prg::aes_ctr, faest::prg::aes_ctr, faest::leaf_hash::aes_ctr, 8, std::pair<bavc, std::size_t>{1, 112}>>, (anonymous namespace)::ns_CATCH2_INTERNAL_TEMPLATE_TEST_23::TypeList<faest::parameter_set<faest::secpar::s192, 16, faest::owf::v2_em, faest::prg::aes_ctr, faest::prg::aes_ctr, faest::leaf_hash::aes_ctr, 8, std::pair<bavc, std::size_t>{1, 162}>>, (anonymous namespace)::ns_CATCH2_INTERNAL_TEMPLATE_TEST_23::TypeList<faest::parameter_set<faest::secpar::s192, 24, faest::owf::v2_em, faest::prg::aes_ctr, faest::prg::aes_ctr, faest::leaf_hash::aes_ctr, 8, std::pair<bavc, std::size_t>{1, 176}>>, (anonymous namespace)::ns_CATCH2_INTERNAL_TEMPLATE_TEST_23::TypeList<faest::parameter_set<faest::secpar::s256, 22, faest::owf::v2_em, faest::prg::aes_ctr, faest::prg::aes_ctr, faest::leaf_hash::aes_ctr, 6, std::pair<bavc, std::size_t>{1, 218}>>, (anonymous namespace)::ns_CATCH2_INTERNAL_TEMPLATE_TEST_23::TypeList<faest::parameter_set<faest::secpar::s256, 32, faest::owf::v2_em, faest::prg::aes_ctr, faest::prg::aes_ctr, faest::leaf_hash::aes_ctr, 8, std::pair<bavc, std::size_t>{1, 234}>>>::CATCH2_INTERNAL_TEMPLATE_TEST_23' requested here
../subprojects/Catch2-3.13.0/src/catch2/catch_template_test_macros.hpp:76:39: note: expanded from macro 'TEMPLATE_TEST_CASE'
   76 |     #define TEMPLATE_TEST_CASE( ... ) INTERNAL_CATCH_TEMPLATE_TEST_CASE( __VA_ARGS__ )
      |                                       ^
../subprojects/Catch2-3.13.0/src/catch2/internal/catch_template_test_registry.hpp:104:46: note: expanded from macro 'INTERNAL_CATCH_TEMPLATE_TEST_CASE'
  104 |         INTERNAL_CATCH_TEMPLATE_TEST_CASE_2( INTERNAL_CATCH_UNIQUE_NAME( CATCH2_INTERNAL_TEMPLATE_TEST_ ), INTERNAL_CATCH_UNIQUE_NAME( CATCH2_INTERNAL_TEMPLATE_TEST_ ), Name, Tags, typename TestType, __VA_ARGS__ )
      |                                              ^
../subprojects/Catch2-3.13.0/src/catch2/internal/catch_unique_name.hpp:15:46: note: expanded from macro 'INTERNAL_CATCH_UNIQUE_NAME'
   15 | #  define INTERNAL_CATCH_UNIQUE_NAME( name ) INTERNAL_CATCH_UNIQUE_NAME_LINE( name, __COUNTER__ )
      |                                              ^
note: (skipping 1 expansions in backtrace; use -fmacro-backtrace-limit=0 to see all)
../subprojects/Catch2-3.13.0/src/catch2/internal/catch_unique_name.hpp:12:56: note: expanded from macro 'INTERNAL_CATCH_UNIQUE_NAME_LINE2'
   12 | #define INTERNAL_CATCH_UNIQUE_NAME_LINE2( name, line ) name##line
      |                                                        ^
<scratch space>:181:1: note: expanded from here
  181 | CATCH2_INTERNAL_TEMPLATE_TEST_23
      | ^
../subprojects/Catch2-3.13.0/src/catch2/internal/catch_template_test_registry.hpp:94:13: note: expanded from macro 'INTERNAL_CATCH_TEMPLATE_TEST_CASE_2'
   94 |             TestName<INTERNAL_CATCH_MAKE_TYPE_LISTS_FROM_TYPES(__VA_ARGS__)>();\
      |             ^
../test/test_bavc_tvs.hpp:11:59: note: forward declaration of template entity is here
   11 |     const static std::array<uint8_t, 2 * P::secpar_bytes> h;
      |                                                           ^
../test/test_vector_com.cpp:827:34: note: add an explicit instantiation declaration to suppress this warning if 'bavc_tvs<faest::parameter_set<faest::secpar::s128, 11, faest::owf::v2_em, faest::prg::aes_ctr, faest::prg::aes_ctr, faest::leaf_hash::aes_ctr, 7, std::pair<bavc, std::size_t>{1, 103}>>::h' is explicitly instantiated in another translation unit
  827 |     REQUIRE(commitment_h == TVS::h);
      |                                  ^
../test/test_vector_com.cpp:831:31: warning: instantiation of variable 'bavc_tvs<faest::parameter_set<faest::secpar::s128, 11, faest::owf::v2_em, faest::prg::aes_ctr, faest::prg::aes_ctr, faest::leaf_hash::aes_ctr, 7, std::pair<bavc, std::size_t>{1, 103}>>::hashed_sd' required here, but no definition is available [-Wundefined-var-template]
  831 |     REQUIRE(hashed_sd == TVS::hashed_sd);
      |                               ^
../test/test_bavc_tvs.hpp:13:42: note: forward declaration of template entity is here
   13 |     const static std::array<uint8_t, 64> hashed_sd;
      |                                          ^
../test/test_vector_com.cpp:831:31: note: add an explicit instantiation declaration to suppress this warning if 'bavc_tvs<faest::parameter_set<faest::secpar::s128, 11, faest::owf::v2_em, faest::prg::aes_ctr, faest::prg::aes_ctr, faest::leaf_hash::aes_ctr, 7, std::pair<bavc, std::size_t>{1, 103}>>::hashed_sd' is explicitly instantiated in another translation unit
  831 |     REQUIRE(hashed_sd == TVS::hashed_sd);
      |                               ^
../test/test_vector_com.cpp:834:30: warning: instantiation of variable 'bavc_tvs<faest::parameter_set<faest::secpar::s128, 11, faest::owf::v2_em, faest::prg::aes_ctr, faest::prg::aes_ctr, faest::leaf_hash::aes_ctr, 7, std::pair<bavc, std::size_t>{1, 103}>>::hashed_k' required here, but no definition is available [-Wundefined-var-template]
  834 |     REQUIRE(hashed_k == TVS::hashed_k);
      |                              ^
../test/test_bavc_tvs.hpp:12:42: note: forward declaration of template entity is here
   12 |     const static std::array<uint8_t, 64> hashed_k;
      |                                          ^
../test/test_vector_com.cpp:834:30: note: add an explicit instantiation declaration to suppress this warning if 'bavc_tvs<faest::parameter_set<faest::secpar::s128, 11, faest::owf::v2_em, faest::prg::aes_ctr, faest::prg::aes_ctr, faest::leaf_hash::aes_ctr, 7, std::pair<bavc, std::size_t>{1, 103}>>::hashed_k' is explicitly instantiated in another translation unit
  834 |     REQUIRE(hashed_k == TVS::hashed_k);
      |                              ^
../test/test_vector_com.cpp:840:45: warning: instantiation of variable 'bavc_tvs<faest::parameter_set<faest::secpar::s128, 11, faest::owf::v2_em, faest::prg::aes_ctr, faest::prg::aes_ctr, faest::leaf_hash::aes_ctr, 7, std::pair<bavc, std::size_t>{1, 103}>>::i_delta' required here, but no definition is available [-Wundefined-var-template]
  840 |             delta_bytes[offset + j] = (TVS::i_delta[i] & (1 << j)) ? 0xff : 0x00;
      |                                             ^
../test/test_bavc_tvs.hpp:14:49: note: forward declaration of template entity is here
   14 |     const static std::array<uint16_t, P::tau_v> i_delta;
      |                                                 ^
../test/test_vector_com.cpp:840:45: note: add an explicit instantiation declaration to suppress this warning if 'bavc_tvs<faest::parameter_set<faest::secpar::s128, 11, faest::owf::v2_em, faest::prg::aes_ctr, faest::prg::aes_ctr, faest::leaf_hash::aes_ctr, 7, std::pair<bavc, std::size_t>{1, 103}>>::i_delta' is explicitly instantiated in another translation unit
  840 |             delta_bytes[offset + j] = (TVS::i_delta[i] & (1 << j)) ? 0xff : 0x00;
      |                                             ^
../test/test_vector_com.cpp:849:36: warning: instantiation of variable 'bavc_tvs<faest::parameter_set<faest::secpar::s128, 11, faest::owf::v2_em, faest::prg::aes_ctr, faest::prg::aes_ctr, faest::leaf_hash::aes_ctr, 7, std::pair<bavc, std::size_t>{1, 103}>>::hashed_decom_i' required here, but no definition is available [-Wundefined-var-template]
  849 |     REQUIRE(hashed_decom_i == TVS::hashed_decom_i);
      |                                    ^
../test/test_bavc_tvs.hpp:15:42: note: forward declaration of template entity is here
   15 |     const static std::array<uint8_t, 64> hashed_decom_i;
      |                                          ^
../test/test_vector_com.cpp:849:36: note: add an explicit instantiation declaration to suppress this warning if 'bavc_tvs<faest::parameter_set<faest::secpar::s128, 11, faest::owf::v2_em, faest::prg::aes_ctr, faest::prg::aes_ctr, faest::leaf_hash::aes_ctr, 7, std::pair<bavc, std::size_t>{1, 103}>>::hashed_decom_i' is explicitly instantiated in another translation unit
  849 |     REQUIRE(hashed_decom_i == TVS::hashed_decom_i);
      |                                    ^
../test/test_vector_com.cpp:881:35: warning: instantiation of variable 'bavc_tvs<faest::parameter_set<faest::secpar::s128, 11, faest::owf::v2_em, faest::prg::aes_ctr, faest::prg::aes_ctr, faest::leaf_hash::aes_ctr, 7, std::pair<bavc, std::size_t>{1, 103}>>::hashed_rec_sd' required here, but no definition is available [-Wundefined-var-template]
  881 |     REQUIRE(hashed_rec_sd == TVS::hashed_rec_sd);
      |                                   ^
../test/test_bavc_tvs.hpp:16:42: note: forward declaration of template entity is here
   16 |     const static std::array<uint8_t, 64> hashed_rec_sd;
      |                                          ^
../test/test_vector_com.cpp:881:35: note: add an explicit instantiation declaration to suppress this warning if 'bavc_tvs<faest::parameter_set<faest::secpar::s128, 11, faest::owf::v2_em, faest::prg::aes_ctr, faest::prg::aes_ctr, faest::leaf_hash::aes_ctr, 7, std::pair<bavc, std::size_t>{1, 103}>>::hashed_rec_sd' is explicitly instantiated in another translation unit
  881 |     REQUIRE(hashed_rec_sd == TVS::hashed_rec_sd);
      |                                   ^
../test/test_vector_com.cpp:827:34: warning: instantiation of variable 'bavc_tvs<faest::parameter_set<faest::secpar::s128, 16, faest::owf::v2_em, faest::prg::aes_ctr, faest::prg::aes_ctr, faest::leaf_hash::aes_ctr, 8, std::pair<bavc, std::size_t>{1, 112}>>::h' required here, but no definition is available [-Wundefined-var-template]
  827 |     REQUIRE(commitment_h == TVS::h);
      |                                  ^
../test/test_vector_com.cpp:773:1: note: in instantiation of function template specialization 'CATCH2_INTERNAL_TEMPLATE_TEST_22<faest::parameter_set<faest::secpar::s128, 16, faest::owf::v2_em, faest::prg::aes_ctr, faest::prg::aes_ctr, faest::leaf_hash::aes_ctr, 8, std::pair<bavc, std::size_t>{1, 112}>>' requested here
  773 | TEMPLATE_TEST_CASE("bacv compare against tv", "[vector com]", ALL_FAEST_V2_INSTANCES)
      | ^
../subprojects/Catch2-3.13.0/src/catch2/catch_template_test_macros.hpp:76:39: note: expanded from macro 'TEMPLATE_TEST_CASE'
   76 |     #define TEMPLATE_TEST_CASE( ... ) INTERNAL_CATCH_TEMPLATE_TEST_CASE( __VA_ARGS__ )
      |                                       ^
../subprojects/Catch2-3.13.0/src/catch2/internal/catch_template_test_registry.hpp:104:108: note: expanded from macro 'INTERNAL_CATCH_TEMPLATE_TEST_CASE'
  104 |         INTERNAL_CATCH_TEMPLATE_TEST_CASE_2( INTERNAL_CATCH_UNIQUE_NAME( CATCH2_INTERNAL_TEMPLATE_TEST_ ), INTERNAL_CATCH_UNIQUE_NAME( CATCH2_INTERNAL_TEMPLATE_TEST_ ), Name, Tags, typename TestType, __VA_ARGS__ )
      |                                                                                                            ^
../subprojects/Catch2-3.13.0/src/catch2/internal/catch_unique_name.hpp:15:46: note: expanded from macro 'INTERNAL_CATCH_UNIQUE_NAME'
   15 | #  define INTERNAL_CATCH_UNIQUE_NAME( name ) INTERNAL_CATCH_UNIQUE_NAME_LINE( name, __COUNTER__ )
      |                                              ^
note: (skipping 3 expansions in backtrace; use -fmacro-backtrace-limit=0 to see all)
../subprojects/Catch2-3.13.0/src/catch2/internal/catch_template_test_registry.hpp:83:41: note: expanded from macro 'INTERNAL_CATCH_TEMPLATE_TEST_CASE_2'
   83 |             INTERNAL_CATCH_NTTP_REG_GEN(TestFunc,INTERNAL_CATCH_REMOVE_PARENS(Signature))\
      |                                         ^
../subprojects/Catch2-3.13.0/src/catch2/internal/catch_preprocessor.hpp:231:82: note: expanded from macro 'INTERNAL_CATCH_NTTP_REG_GEN'
  231 | #define INTERNAL_CATCH_NTTP_REG_GEN(TestFunc, ...) INTERNAL_CATCH_TYPES_REGISTER(TestFunc) INTERNAL_CATCH_VA_NARGS_IMPL( "dummy", __VA_ARGS__, INTERNAL_CATCH_NTTP_REGISTER, INTERNAL_CATCH_NTTP_REGISTER, INTERNAL_CATCH_NTTP_REGISTER, INTERNAL_CATCH_NTTP_REGISTER, INTERNAL_CATCH_NTTP_REGISTER, INTERNAL_CATCH_NTTP_REGISTER, INTERNAL_CATCH_NTTP_REGISTER, INTERNAL_CATCH_NTTP_REGISTER, INTERNAL_CATCH_NTTP_REGISTER, INTERNAL_CATCH_NTTP_REGISTER0, INTERNAL_CATCH_NTTP_REGISTER0)(TestFunc, __VA_ARGS__)
      |                                                                                  ^
../subprojects/Catch2-3.13.0/src/catch2/internal/catch_preprocessor.hpp:179:49: note: expanded from macro 'INTERNAL_CATCH_TYPES_REGISTER'
  179 |         Catch::AutoReg( Catch::makeTestInvoker(&TestFunc<Ts...>), CATCH_INTERNAL_LINEINFO, Catch::StringRef(), nameAndTags);\
      |                                                 ^
../test/test_vector_com.cpp:773:1: note: in instantiation of function template specialization '(anonymous namespace)::ns_CATCH2_INTERNAL_TEMPLATE_TEST_23::reg_test<faest::parameter_set<faest::secpar::s128, 16, faest::owf::v2_em, faest::prg::aes_ctr, faest::prg::aes_ctr, faest::leaf_hash::aes_ctr, 8, std::pair<bavc, std::size_t>{1, 112}>>' requested here
../subprojects/Catch2-3.13.0/src/catch2/catch_template_test_macros.hpp:76:39: note: expanded from macro 'TEMPLATE_TEST_CASE'
   76 |     #define TEMPLATE_TEST_CASE( ... ) INTERNAL_CATCH_TEMPLATE_TEST_CASE( __VA_ARGS__ )
      |                                       ^
../subprojects/Catch2-3.13.0/src/catch2/internal/catch_template_test_registry.hpp:104:9: note: expanded from macro 'INTERNAL_CATCH_TEMPLATE_TEST_CASE'
  104 |         INTERNAL_CATCH_TEMPLATE_TEST_CASE_2( INTERNAL_CATCH_UNIQUE_NAME( CATCH2_INTERNAL_TEMPLATE_TEST_ ), INTERNAL_CATCH_UNIQUE_NAME( CATCH2_INTERNAL_TEMPLATE_TEST_ ), Name, Tags, typename TestType, __VA_ARGS__ )
      |         ^
../subprojects/Catch2-3.13.0/src/catch2/internal/catch_template_test_registry.hpp:90:37: note: expanded from macro 'INTERNAL_CATCH_TEMPLATE_TEST_CASE_2'
   90 |                     (void)expander{(reg_test(Types{}, Catch::NameAndTags{ Name " - " + std::string(tmpl_types[index]), Tags } ), index++)... };/* NOLINT */ \
      |                                     ^
../test/test_vector_com.cpp:773:1: note: in instantiation of member function '(anonymous namespace)::ns_CATCH2_INTERNAL_TEMPLATE_TEST_23::CATCH2_INTERNAL_TEMPLATE_TEST_23<(anonymous namespace)::ns_CATCH2_INTERNAL_TEMPLATE_TEST_23::TypeList<faest::parameter_set<faest::secpar::s128, 11, faest::owf::v2, faest::prg::aes_ctr, faest::prg::aes_ctr, faest::leaf_hash::aes_ctr_stat_bind, 7, std::pair<bavc, std::size_t>{1, 102}>>, (anonymous namespace)::ns_CATCH2_INTERNAL_TEMPLATE_TEST_23::TypeList<faest::parameter_set<faest::secpar::s128, 16, faest::owf::v2, faest::prg::aes_ctr, faest::prg::aes_ctr, faest::leaf_hash::aes_ctr_stat_bind, 8, std::pair<bavc, std::size_t>{1, 110}>>, (anonymous namespace)::ns_CATCH2_INTERNAL_TEMPLATE_TEST_23::TypeList<faest::parameter_set<faest::secpar::s192, 16, faest::owf::v2, faest::prg::aes_ctr, faest::prg::aes_ctr, faest::leaf_hash::aes_ctr_stat_bind, 12, std::pair<bavc, std::size_t>{1, 162}>>, (anonymous namespace)::ns_CATCH2_INTERNAL_TEMPLATE_TEST_23::TypeList<faest::parameter_set<faest::secpar::s192, 24, faest::owf::v2, faest::prg::aes_ctr, faest::prg::aes_ctr, faest::leaf_hash::aes_ctr_stat_bind, 8, std::pair<bavc, std::size_t>{1, 163}>>, (anonymous namespace)::ns_CATCH2_INTERNAL_TEMPLATE_TEST_23::TypeList<faest::parameter_set<faest::secpar::s256, 22, faest::owf::v2, faest::prg::aes_ctr, faest::prg::aes_ctr, faest::leaf_hash::aes_ctr_stat_bind, 6, std::pair<bavc, std::size_t>{1, 245}>>, (anonymous namespace)::ns_CATCH2_INTERNAL_TEMPLATE_TEST_23::TypeList<faest::parameter_set<faest::secpar::s256, 32, faest::owf::v2, faest::prg::aes_ctr, faest::prg::aes_ctr, faest::leaf_hash::aes_ctr_stat_bind, 8, std::pair<bavc, std::size_t>{1, 246}>>, (anonymous namespace)::ns_CATCH2_INTERNAL_TEMPLATE_TEST_23::TypeList<faest::parameter_set<faest::secpar::s128, 11, faest::owf::v2_em, faest::prg::aes_ctr, faest::prg::aes_ctr, faest::leaf_hash::aes_ctr, 7, std::pair<bavc, std::size_t>{1, 103}>>, (anonymous namespace)::ns_CATCH2_INTERNAL_TEMPLATE_TEST_23::TypeList<faest::parameter_set<faest::secpar::s128, 16, faest::owf::v2_em, faest::prg::aes_ctr, faest::prg::aes_ctr, faest::leaf_hash::aes_ctr, 8, std::pair<bavc, std::size_t>{1, 112}>>, (anonymous namespace)::ns_CATCH2_INTERNAL_TEMPLATE_TEST_23::TypeList<faest::parameter_set<faest::secpar::s192, 16, faest::owf::v2_em, faest::prg::aes_ctr, faest::prg::aes_ctr, faest::leaf_hash::aes_ctr, 8, std::pair<bavc, std::size_t>{1, 162}>>, (anonymous namespace)::ns_CATCH2_INTERNAL_TEMPLATE_TEST_23::TypeList<faest::parameter_set<faest::secpar::s192, 24, faest::owf::v2_em, faest::prg::aes_ctr, faest::prg::aes_ctr, faest::leaf_hash::aes_ctr, 8, std::pair<bavc, std::size_t>{1, 176}>>, (anonymous namespace)::ns_CATCH2_INTERNAL_TEMPLATE_TEST_23::TypeList<faest::parameter_set<faest::secpar::s256, 22, faest::owf::v2_em, faest::prg::aes_ctr, faest::prg::aes_ctr, faest::leaf_hash::aes_ctr, 6, std::pair<bavc, std::size_t>{1, 218}>>, (anonymous namespace)::ns_CATCH2_INTERNAL_TEMPLATE_TEST_23::TypeList<faest::parameter_set<faest::secpar::s256, 32, faest::owf::v2_em, faest::prg::aes_ctr, faest::prg::aes_ctr, faest::leaf_hash::aes_ctr, 8, std::pair<bavc, std::size_t>{1, 234}>>>::CATCH2_INTERNAL_TEMPLATE_TEST_23' requested here
../subprojects/Catch2-3.13.0/src/catch2/catch_template_test_macros.hpp:76:39: note: expanded from macro 'TEMPLATE_TEST_CASE'
   76 |     #define TEMPLATE_TEST_CASE( ... ) INTERNAL_CATCH_TEMPLATE_TEST_CASE( __VA_ARGS__ )
      |                                       ^
../subprojects/Catch2-3.13.0/src/catch2/internal/catch_template_test_registry.hpp:104:46: note: expanded from macro 'INTERNAL_CATCH_TEMPLATE_TEST_CASE'
  104 |         INTERNAL_CATCH_TEMPLATE_TEST_CASE_2( INTERNAL_CATCH_UNIQUE_NAME( CATCH2_INTERNAL_TEMPLATE_TEST_ ), INTERNAL_CATCH_UNIQUE_NAME( CATCH2_INTERNAL_TEMPLATE_TEST_ ), Name, Tags, typename TestType, __VA_ARGS__ )
      |                                              ^
../subprojects/Catch2-3.13.0/src/catch2/internal/catch_unique_name.hpp:15:46: note: expanded from macro 'INTERNAL_CATCH_UNIQUE_NAME'
   15 | #  define INTERNAL_CATCH_UNIQUE_NAME( name ) INTERNAL_CATCH_UNIQUE_NAME_LINE( name, __COUNTER__ )
      |                                              ^
note: (skipping 1 expansions in backtrace; use -fmacro-backtrace-limit=0 to see all)
../subprojects/Catch2-3.13.0/src/catch2/internal/catch_unique_name.hpp:12:56: note: expanded from macro 'INTERNAL_CATCH_UNIQUE_NAME_LINE2'
   12 | #define INTERNAL_CATCH_UNIQUE_NAME_LINE2( name, line ) name##line
      |                                                        ^
<scratch space>:181:1: note: expanded from here
  181 | CATCH2_INTERNAL_TEMPLATE_TEST_23
      | ^
../subprojects/Catch2-3.13.0/src/catch2/internal/catch_template_test_registry.hpp:94:13: note: expanded from macro 'INTERNAL_CATCH_TEMPLATE_TEST_CASE_2'
   94 |             TestName<INTERNAL_CATCH_MAKE_TYPE_LISTS_FROM_TYPES(__VA_ARGS__)>();\
      |             ^
../test/test_bavc_tvs.hpp:11:59: note: forward declaration of template entity is here
   11 |     const static std::array<uint8_t, 2 * P::secpar_bytes> h;
      |                                                           ^
../test/test_vector_com.cpp:827:34: note: add an explicit instantiation declaration to suppress this warning if 'bavc_tvs<faest::parameter_set<faest::secpar::s128, 16, faest::owf::v2_em, faest::prg::aes_ctr, faest::prg::aes_ctr, faest::leaf_hash::aes_ctr, 8, std::pair<bavc, std::size_t>{1, 112}>>::h' is explicitly instantiated in another translation unit
  827 |     REQUIRE(commitment_h == TVS::h);
      |                                  ^
../test/test_vector_com.cpp:831:31: warning: instantiation of variable 'bavc_tvs<faest::parameter_set<faest::secpar::s128, 16, faest::owf::v2_em, faest::prg::aes_ctr, faest::prg::aes_ctr, faest::leaf_hash::aes_ctr, 8, std::pair<bavc, std::size_t>{1, 112}>>::hashed_sd' required here, but no definition is available [-Wundefined-var-template]
  831 |     REQUIRE(hashed_sd == TVS::hashed_sd);
      |                               ^
../test/test_bavc_tvs.hpp:13:42: note: forward declaration of template entity is here
   13 |     const static std::array<uint8_t, 64> hashed_sd;
      |                                          ^
../test/test_vector_com.cpp:831:31: note: add an explicit instantiation declaration to suppress this warning if 'bavc_tvs<faest::parameter_set<faest::secpar::s128, 16, faest::owf::v2_em, faest::prg::aes_ctr, faest::prg::aes_ctr, faest::leaf_hash::aes_ctr, 8, std::pair<bavc, std::size_t>{1, 112}>>::hashed_sd' is explicitly instantiated in another translation unit
  831 |     REQUIRE(hashed_sd == TVS::hashed_sd);
      |                               ^
../test/test_vector_com.cpp:834:30: warning: instantiation of variable 'bavc_tvs<faest::parameter_set<faest::secpar::s128, 16, faest::owf::v2_em, faest::prg::aes_ctr, faest::prg::aes_ctr, faest::leaf_hash::aes_ctr, 8, std::pair<bavc, std::size_t>{1, 112}>>::hashed_k' required here, but no definition is available [-Wundefined-var-template]
  834 |     REQUIRE(hashed_k == TVS::hashed_k);
      |                              ^
../test/test_bavc_tvs.hpp:12:42: note: forward declaration of template entity is here
   12 |     const static std::array<uint8_t, 64> hashed_k;
      |                                          ^
../test/test_vector_com.cpp:834:30: note: add an explicit instantiation declaration to suppress this warning if 'bavc_tvs<faest::parameter_set<faest::secpar::s128, 16, faest::owf::v2_em, faest::prg::aes_ctr, faest::prg::aes_ctr, faest::leaf_hash::aes_ctr, 8, std::pair<bavc, std::size_t>{1, 112}>>::hashed_k' is explicitly instantiated in another translation unit
  834 |     REQUIRE(hashed_k == TVS::hashed_k);
      |                              ^
../test/test_vector_com.cpp:840:45: warning: instantiation of variable 'bavc_tvs<faest::parameter_set<faest::secpar::s128, 16, faest::owf::v2_em, faest::prg::aes_ctr, faest::prg::aes_ctr, faest::leaf_hash::aes_ctr, 8, std::pair<bavc, std::size_t>{1, 112}>>::i_delta' required here, but no definition is available [-Wundefined-var-template]
  840 |             delta_bytes[offset + j] = (TVS::i_delta[i] & (1 << j)) ? 0xff : 0x00;
      |                                             ^
../test/test_bavc_tvs.hpp:14:49: note: forward declaration of template entity is here
   14 |     const static std::array<uint16_t, P::tau_v> i_delta;
      |                                                 ^
../test/test_vector_com.cpp:840:45: note: add an explicit instantiation declaration to suppress this warning if 'bavc_tvs<faest::parameter_set<faest::secpar::s128, 16, faest::owf::v2_em, faest::prg::aes_ctr, faest::prg::aes_ctr, faest::leaf_hash::aes_ctr, 8, std::pair<bavc, std::size_t>{1, 112}>>::i_delta' is explicitly instantiated in another translation unit
  840 |             delta_bytes[offset + j] = (TVS::i_delta[i] & (1 << j)) ? 0xff : 0x00;
      |                                             ^
../test/test_vector_com.cpp:849:36: warning: instantiation of variable 'bavc_tvs<faest::parameter_set<faest::secpar::s128, 16, faest::owf::v2_em, faest::prg::aes_ctr, faest::prg::aes_ctr, faest::leaf_hash::aes_ctr, 8, std::pair<bavc, std::size_t>{1, 112}>>::hashed_decom_i' required here, but no definition is available [-Wundefined-var-template]
  849 |     REQUIRE(hashed_decom_i == TVS::hashed_decom_i);
      |                                    ^
../test/test_bavc_tvs.hpp:15:42: note: forward declaration of template entity is here
   15 |     const static std::array<uint8_t, 64> hashed_decom_i;
      |                                          ^
../test/test_vector_com.cpp:849:36: note: add an explicit instantiation declaration to suppress this warning if 'bavc_tvs<faest::parameter_set<faest::secpar::s128, 16, faest::owf::v2_em, faest::prg::aes_ctr, faest::prg::aes_ctr, faest::leaf_hash::aes_ctr, 8, std::pair<bavc, std::size_t>{1, 112}>>::hashed_decom_i' is explicitly instantiated in another translation unit
  849 |     REQUIRE(hashed_decom_i == TVS::hashed_decom_i);
      |                                    ^
../test/test_vector_com.cpp:881:35: warning: instantiation of variable 'bavc_tvs<faest::parameter_set<faest::secpar::s128, 16, faest::owf::v2_em, faest::prg::aes_ctr, faest::prg::aes_ctr, faest::leaf_hash::aes_ctr, 8, std::pair<bavc, std::size_t>{1, 112}>>::hashed_rec_sd' required here, but no definition is available [-Wundefined-var-template]
  881 |     REQUIRE(hashed_rec_sd == TVS::hashed_rec_sd);
      |                                   ^
../test/test_bavc_tvs.hpp:16:42: note: forward declaration of template entity is here
   16 |     const static std::array<uint8_t, 64> hashed_rec_sd;
      |                                          ^
../test/test_vector_com.cpp:881:35: note: add an explicit instantiation declaration to suppress this warning if 'bavc_tvs<faest::parameter_set<faest::secpar::s128, 16, faest::owf::v2_em, faest::prg::aes_ctr, faest::prg::aes_ctr, faest::leaf_hash::aes_ctr, 8, std::pair<bavc, std::size_t>{1, 112}>>::hashed_rec_sd' is explicitly instantiated in another translation unit
  881 |     REQUIRE(hashed_rec_sd == TVS::hashed_rec_sd);
      |                                   ^
../test/test_vector_com.cpp:827:34: warning: instantiation of variable 'bavc_tvs<faest::parameter_set<faest::secpar::s192, 16, faest::owf::v2_em, faest::prg::aes_ctr, faest::prg::aes_ctr, faest::leaf_hash::aes_ctr, 8, std::pair<bavc, std::size_t>{1, 162}>>::h' required here, but no definition is available [-Wundefined-var-template]
  827 |     REQUIRE(commitment_h == TVS::h);
      |                                  ^
../test/test_vector_com.cpp:773:1: note: in instantiation of function template specialization 'CATCH2_INTERNAL_TEMPLATE_TEST_22<faest::parameter_set<faest::secpar::s192, 16, faest::owf::v2_em, faest::prg::aes_ctr, faest::prg::aes_ctr, faest::leaf_hash::aes_ctr, 8, std::pair<bavc, std::size_t>{1, 162}>>' requested here
  773 | TEMPLATE_TEST_CASE("bacv compare against tv", "[vector com]", ALL_FAEST_V2_INSTANCES)
      | ^
../subprojects/Catch2-3.13.0/src/catch2/catch_template_test_macros.hpp:76:39: note: expanded from macro 'TEMPLATE_TEST_CASE'
   76 |     #define TEMPLATE_TEST_CASE( ... ) INTERNAL_CATCH_TEMPLATE_TEST_CASE( __VA_ARGS__ )
      |                                       ^
../subprojects/Catch2-3.13.0/src/catch2/internal/catch_template_test_registry.hpp:104:108: note: expanded from macro 'INTERNAL_CATCH_TEMPLATE_TEST_CASE'
  104 |         INTERNAL_CATCH_TEMPLATE_TEST_CASE_2( INTERNAL_CATCH_UNIQUE_NAME( CATCH2_INTERNAL_TEMPLATE_TEST_ ), INTERNAL_CATCH_UNIQUE_NAME( CATCH2_INTERNAL_TEMPLATE_TEST_ ), Name, Tags, typename TestType, __VA_ARGS__ )
      |                                                                                                            ^
../subprojects/Catch2-3.13.0/src/catch2/internal/catch_unique_name.hpp:15:46: note: expanded from macro 'INTERNAL_CATCH_UNIQUE_NAME'
   15 | #  define INTERNAL_CATCH_UNIQUE_NAME( name ) INTERNAL_CATCH_UNIQUE_NAME_LINE( name, __COUNTER__ )
      |                                              ^
note: (skipping 3 expansions in backtrace; use -fmacro-backtrace-limit=0 to see all)
../subprojects/Catch2-3.13.0/src/catch2/internal/catch_template_test_registry.hpp:83:41: note: expanded from macro 'INTERNAL_CATCH_TEMPLATE_TEST_CASE_2'
   83 |             INTERNAL_CATCH_NTTP_REG_GEN(TestFunc,INTERNAL_CATCH_REMOVE_PARENS(Signature))\
      |                                         ^
../subprojects/Catch2-3.13.0/src/catch2/internal/catch_preprocessor.hpp:231:82: note: expanded from macro 'INTERNAL_CATCH_NTTP_REG_GEN'
  231 | #define INTERNAL_CATCH_NTTP_REG_GEN(TestFunc, ...) INTERNAL_CATCH_TYPES_REGISTER(TestFunc) INTERNAL_CATCH_VA_NARGS_IMPL( "dummy", __VA_ARGS__, INTERNAL_CATCH_NTTP_REGISTER, INTERNAL_CATCH_NTTP_REGISTER, INTERNAL_CATCH_NTTP_REGISTER, INTERNAL_CATCH_NTTP_REGISTER, INTERNAL_CATCH_NTTP_REGISTER, INTERNAL_CATCH_NTTP_REGISTER, INTERNAL_CATCH_NTTP_REGISTER, INTERNAL_CATCH_NTTP_REGISTER, INTERNAL_CATCH_NTTP_REGISTER, INTERNAL_CATCH_NTTP_REGISTER0, INTERNAL_CATCH_NTTP_REGISTER0)(TestFunc, __VA_ARGS__)
      |                                                                                  ^
../subprojects/Catch2-3.13.0/src/catch2/internal/catch_preprocessor.hpp:179:49: note: expanded from macro 'INTERNAL_CATCH_TYPES_REGISTER'
  179 |         Catch::AutoReg( Catch::makeTestInvoker(&TestFunc<Ts...>), CATCH_INTERNAL_LINEINFO, Catch::StringRef(), nameAndTags);\
      |                                                 ^
../test/test_vector_com.cpp:773:1: note: in instantiation of function template specialization '(anonymous namespace)::ns_CATCH2_INTERNAL_TEMPLATE_TEST_23::reg_test<faest::parameter_set<faest::secpar::s192, 16, faest::owf::v2_em, faest::prg::aes_ctr, faest::prg::aes_ctr, faest::leaf_hash::aes_ctr, 8, std::pair<bavc, std::size_t>{1, 162}>>' requested here
../subprojects/Catch2-3.13.0/src/catch2/catch_template_test_macros.hpp:76:39: note: expanded from macro 'TEMPLATE_TEST_CASE'
   76 |     #define TEMPLATE_TEST_CASE( ... ) INTERNAL_CATCH_TEMPLATE_TEST_CASE( __VA_ARGS__ )
      |                                       ^
../subprojects/Catch2-3.13.0/src/catch2/internal/catch_template_test_registry.hpp:104:9: note: expanded from macro 'INTERNAL_CATCH_TEMPLATE_TEST_CASE'
  104 |         INTERNAL_CATCH_TEMPLATE_TEST_CASE_2( INTERNAL_CATCH_UNIQUE_NAME( CATCH2_INTERNAL_TEMPLATE_TEST_ ), INTERNAL_CATCH_UNIQUE_NAME( CATCH2_INTERNAL_TEMPLATE_TEST_ ), Name, Tags, typename TestType, __VA_ARGS__ )
      |         ^
../subprojects/Catch2-3.13.0/src/catch2/internal/catch_template_test_registry.hpp:90:37: note: expanded from macro 'INTERNAL_CATCH_TEMPLATE_TEST_CASE_2'
   90 |                     (void)expander{(reg_test(Types{}, Catch::NameAndTags{ Name " - " + std::string(tmpl_types[index]), Tags } ), index++)... };/* NOLINT */ \
      |                                     ^
../test/test_vector_com.cpp:773:1: note: in instantiation of member function '(anonymous namespace)::ns_CATCH2_INTERNAL_TEMPLATE_TEST_23::CATCH2_INTERNAL_TEMPLATE_TEST_23<(anonymous namespace)::ns_CATCH2_INTERNAL_TEMPLATE_TEST_23::TypeList<faest::parameter_set<faest::secpar::s128, 11, faest::owf::v2, faest::prg::aes_ctr, faest::prg::aes_ctr, faest::leaf_hash::aes_ctr_stat_bind, 7, std::pair<bavc, std::size_t>{1, 102}>>, (anonymous namespace)::ns_CATCH2_INTERNAL_TEMPLATE_TEST_23::TypeList<faest::parameter_set<faest::secpar::s128, 16, faest::owf::v2, faest::prg::aes_ctr, faest::prg::aes_ctr, faest::leaf_hash::aes_ctr_stat_bind, 8, std::pair<bavc, std::size_t>{1, 110}>>, (anonymous namespace)::ns_CATCH2_INTERNAL_TEMPLATE_TEST_23::TypeList<faest::parameter_set<faest::secpar::s192, 16, faest::owf::v2, faest::prg::aes_ctr, faest::prg::aes_ctr, faest::leaf_hash::aes_ctr_stat_bind, 12, std::pair<bavc, std::size_t>{1, 162}>>, (anonymous namespace)::ns_CATCH2_INTERNAL_TEMPLATE_TEST_23::TypeList<faest::parameter_set<faest::secpar::s192, 24, faest::owf::v2, faest::prg::aes_ctr, faest::prg::aes_ctr, faest::leaf_hash::aes_ctr_stat_bind, 8, std::pair<bavc, std::size_t>{1, 163}>>, (anonymous namespace)::ns_CATCH2_INTERNAL_TEMPLATE_TEST_23::TypeList<faest::parameter_set<faest::secpar::s256, 22, faest::owf::v2, faest::prg::aes_ctr, faest::prg::aes_ctr, faest::leaf_hash::aes_ctr_stat_bind, 6, std::pair<bavc, std::size_t>{1, 245}>>, (anonymous namespace)::ns_CATCH2_INTERNAL_TEMPLATE_TEST_23::TypeList<faest::parameter_set<faest::secpar::s256, 32, faest::owf::v2, faest::prg::aes_ctr, faest::prg::aes_ctr, faest::leaf_hash::aes_ctr_stat_bind, 8, std::pair<bavc, std::size_t>{1, 246}>>, (anonymous namespace)::ns_CATCH2_INTERNAL_TEMPLATE_TEST_23::TypeList<faest::parameter_set<faest::secpar::s128, 11, faest::owf::v2_em, faest::prg::aes_ctr, faest::prg::aes_ctr, faest::leaf_hash::aes_ctr, 7, std::pair<bavc, std::size_t>{1, 103}>>, (anonymous namespace)::ns_CATCH2_INTERNAL_TEMPLATE_TEST_23::TypeList<faest::parameter_set<faest::secpar::s128, 16, faest::owf::v2_em, faest::prg::aes_ctr, faest::prg::aes_ctr, faest::leaf_hash::aes_ctr, 8, std::pair<bavc, std::size_t>{1, 112}>>, (anonymous namespace)::ns_CATCH2_INTERNAL_TEMPLATE_TEST_23::TypeList<faest::parameter_set<faest::secpar::s192, 16, faest::owf::v2_em, faest::prg::aes_ctr, faest::prg::aes_ctr, faest::leaf_hash::aes_ctr, 8, std::pair<bavc, std::size_t>{1, 162}>>, (anonymous namespace)::ns_CATCH2_INTERNAL_TEMPLATE_TEST_23::TypeList<faest::parameter_set<faest::secpar::s192, 24, faest::owf::v2_em, faest::prg::aes_ctr, faest::prg::aes_ctr, faest::leaf_hash::aes_ctr, 8, std::pair<bavc, std::size_t>{1, 176}>>, (anonymous namespace)::ns_CATCH2_INTERNAL_TEMPLATE_TEST_23::TypeList<faest::parameter_set<faest::secpar::s256, 22, faest::owf::v2_em, faest::prg::aes_ctr, faest::prg::aes_ctr, faest::leaf_hash::aes_ctr, 6, std::pair<bavc, std::size_t>{1, 218}>>, (anonymous namespace)::ns_CATCH2_INTERNAL_TEMPLATE_TEST_23::TypeList<faest::parameter_set<faest::secpar::s256, 32, faest::owf::v2_em, faest::prg::aes_ctr, faest::prg::aes_ctr, faest::leaf_hash::aes_ctr, 8, std::pair<bavc, std::size_t>{1, 234}>>>::CATCH2_INTERNAL_TEMPLATE_TEST_23' requested here
../subprojects/Catch2-3.13.0/src/catch2/catch_template_test_macros.hpp:76:39: note: expanded from macro 'TEMPLATE_TEST_CASE'
   76 |     #define TEMPLATE_TEST_CASE( ... ) INTERNAL_CATCH_TEMPLATE_TEST_CASE( __VA_ARGS__ )
      |                                       ^
../subprojects/Catch2-3.13.0/src/catch2/internal/catch_template_test_registry.hpp:104:46: note: expanded from macro 'INTERNAL_CATCH_TEMPLATE_TEST_CASE'
  104 |         INTERNAL_CATCH_TEMPLATE_TEST_CASE_2( INTERNAL_CATCH_UNIQUE_NAME( CATCH2_INTERNAL_TEMPLATE_TEST_ ), INTERNAL_CATCH_UNIQUE_NAME( CATCH2_INTERNAL_TEMPLATE_TEST_ ), Name, Tags, typename TestType, __VA_ARGS__ )
      |                                              ^
../subprojects/Catch2-3.13.0/src/catch2/internal/catch_unique_name.hpp:15:46: note: expanded from macro 'INTERNAL_CATCH_UNIQUE_NAME'
   15 | #  define INTERNAL_CATCH_UNIQUE_NAME( name ) INTERNAL_CATCH_UNIQUE_NAME_LINE( name, __COUNTER__ )
      |                                              ^
note: (skipping 1 expansions in backtrace; use -fmacro-backtrace-limit=0 to see all)
../subprojects/Catch2-3.13.0/src/catch2/internal/catch_unique_name.hpp:12:56: note: expanded from macro 'INTERNAL_CATCH_UNIQUE_NAME_LINE2'
   12 | #define INTERNAL_CATCH_UNIQUE_NAME_LINE2( name, line ) name##line
      |                                                        ^
<scratch space>:181:1: note: expanded from here
  181 | CATCH2_INTERNAL_TEMPLATE_TEST_23
      | ^
../subprojects/Catch2-3.13.0/src/catch2/internal/catch_template_test_registry.hpp:94:13: note: expanded from macro 'INTERNAL_CATCH_TEMPLATE_TEST_CASE_2'
   94 |             TestName<INTERNAL_CATCH_MAKE_TYPE_LISTS_FROM_TYPES(__VA_ARGS__)>();\
      |             ^
../test/test_bavc_tvs.hpp:11:59: note: forward declaration of template entity is here
   11 |     const static std::array<uint8_t, 2 * P::secpar_bytes> h;
      |                                                           ^
../test/test_vector_com.cpp:827:34: note: add an explicit instantiation declaration to suppress this warning if 'bavc_tvs<faest::parameter_set<faest::secpar::s192, 16, faest::owf::v2_em, faest::prg::aes_ctr, faest::prg::aes_ctr, faest::leaf_hash::aes_ctr, 8, std::pair<bavc, std::size_t>{1, 162}>>::h' is explicitly instantiated in another translation unit
  827 |     REQUIRE(commitment_h == TVS::h);
      |                                  ^
../test/test_vector_com.cpp:831:31: warning: instantiation of variable 'bavc_tvs<faest::parameter_set<faest::secpar::s192, 16, faest::owf::v2_em, faest::prg::aes_ctr, faest::prg::aes_ctr, faest::leaf_hash::aes_ctr, 8, std::pair<bavc, std::size_t>{1, 162}>>::hashed_sd' required here, but no definition is available [-Wundefined-var-template]
  831 |     REQUIRE(hashed_sd == TVS::hashed_sd);
      |                               ^
../test/test_bavc_tvs.hpp:13:42: note: forward declaration of template entity is here
   13 |     const static std::array<uint8_t, 64> hashed_sd;
      |                                          ^
../test/test_vector_com.cpp:831:31: note: add an explicit instantiation declaration to suppress this warning if 'bavc_tvs<faest::parameter_set<faest::secpar::s192, 16, faest::owf::v2_em, faest::prg::aes_ctr, faest::prg::aes_ctr, faest::leaf_hash::aes_ctr, 8, std::pair<bavc, std::size_t>{1, 162}>>::hashed_sd' is explicitly instantiated in another translation unit
  831 |     REQUIRE(hashed_sd == TVS::hashed_sd);
      |                               ^
../test/test_vector_com.cpp:834:30: warning: instantiation of variable 'bavc_tvs<faest::parameter_set<faest::secpar::s192, 16, faest::owf::v2_em, faest::prg::aes_ctr, faest::prg::aes_ctr, faest::leaf_hash::aes_ctr, 8, std::pair<bavc, std::size_t>{1, 162}>>::hashed_k' required here, but no definition is available [-Wundefined-var-template]
  834 |     REQUIRE(hashed_k == TVS::hashed_k);
      |                              ^
../test/test_bavc_tvs.hpp:12:42: note: forward declaration of template entity is here
   12 |     const static std::array<uint8_t, 64> hashed_k;
      |                                          ^
../test/test_vector_com.cpp:834:30: note: add an explicit instantiation declaration to suppress this warning if 'bavc_tvs<faest::parameter_set<faest::secpar::s192, 16, faest::owf::v2_em, faest::prg::aes_ctr, faest::prg::aes_ctr, faest::leaf_hash::aes_ctr, 8, std::pair<bavc, std::size_t>{1, 162}>>::hashed_k' is explicitly instantiated in another translation unit
  834 |     REQUIRE(hashed_k == TVS::hashed_k);
      |                              ^
../test/test_vector_com.cpp:840:45: warning: instantiation of variable 'bavc_tvs<faest::parameter_set<faest::secpar::s192, 16, faest::owf::v2_em, faest::prg::aes_ctr, faest::prg::aes_ctr, faest::leaf_hash::aes_ctr, 8, std::pair<bavc, std::size_t>{1, 162}>>::i_delta' required here, but no definition is available [-Wundefined-var-template]
  840 |             delta_bytes[offset + j] = (TVS::i_delta[i] & (1 << j)) ? 0xff : 0x00;
      |                                             ^
../test/test_bavc_tvs.hpp:14:49: note: forward declaration of template entity is here
   14 |     const static std::array<uint16_t, P::tau_v> i_delta;
      |                                                 ^
../test/test_vector_com.cpp:840:45: note: add an explicit instantiation declaration to suppress this warning if 'bavc_tvs<faest::parameter_set<faest::secpar::s192, 16, faest::owf::v2_em, faest::prg::aes_ctr, faest::prg::aes_ctr, faest::leaf_hash::aes_ctr, 8, std::pair<bavc, std::size_t>{1, 162}>>::i_delta' is explicitly instantiated in another translation unit
  840 |             delta_bytes[offset + j] = (TVS::i_delta[i] & (1 << j)) ? 0xff : 0x00;
      |                                             ^
../test/test_vector_com.cpp:849:36: warning: instantiation of variable 'bavc_tvs<faest::parameter_set<faest::secpar::s192, 16, faest::owf::v2_em, faest::prg::aes_ctr, faest::prg::aes_ctr, faest::leaf_hash::aes_ctr, 8, std::pair<bavc, std::size_t>{1, 162}>>::hashed_decom_i' required here, but no definition is available [-Wundefined-var-template]
  849 |     REQUIRE(hashed_decom_i == TVS::hashed_decom_i);
      |                                    ^
../test/test_bavc_tvs.hpp:15:42: note: forward declaration of template entity is here
   15 |     const static std::array<uint8_t, 64> hashed_decom_i;
      |                                          ^
../test/test_vector_com.cpp:849:36: note: add an explicit instantiation declaration to suppress this warning if 'bavc_tvs<faest::parameter_set<faest::secpar::s192, 16, faest::owf::v2_em, faest::prg::aes_ctr, faest::prg::aes_ctr, faest::leaf_hash::aes_ctr, 8, std::pair<bavc, std::size_t>{1, 162}>>::hashed_decom_i' is explicitly instantiated in another translation unit
  849 |     REQUIRE(hashed_decom_i == TVS::hashed_decom_i);
      |                                    ^
../test/test_vector_com.cpp:881:35: warning: instantiation of variable 'bavc_tvs<faest::parameter_set<faest::secpar::s192, 16, faest::owf::v2_em, faest::prg::aes_ctr, faest::prg::aes_ctr, faest::leaf_hash::aes_ctr, 8, std::pair<bavc, std::size_t>{1, 162}>>::hashed_rec_sd' required here, but no definition is available [-Wundefined-var-template]
  881 |     REQUIRE(hashed_rec_sd == TVS::hashed_rec_sd);
      |                                   ^
../test/test_bavc_tvs.hpp:16:42: note: forward declaration of template entity is here
   16 |     const static std::array<uint8_t, 64> hashed_rec_sd;
      |                                          ^
../test/test_vector_com.cpp:881:35: note: add an explicit instantiation declaration to suppress this warning if 'bavc_tvs<faest::parameter_set<faest::secpar::s192, 16, faest::owf::v2_em, faest::prg::aes_ctr, faest::prg::aes_ctr, faest::leaf_hash::aes_ctr, 8, std::pair<bavc, std::size_t>{1, 162}>>::hashed_rec_sd' is explicitly instantiated in another translation unit
  881 |     REQUIRE(hashed_rec_sd == TVS::hashed_rec_sd);
      |                                   ^
../test/test_vector_com.cpp:827:34: warning: instantiation of variable 'bavc_tvs<faest::parameter_set<faest::secpar::s192, 24, faest::owf::v2_em, faest::prg::aes_ctr, faest::prg::aes_ctr, faest::leaf_hash::aes_ctr, 8, std::pair<bavc, std::size_t>{1, 176}>>::h' required here, but no definition is available [-Wundefined-var-template]
  827 |     REQUIRE(commitment_h == TVS::h);
      |                                  ^
../test/test_vector_com.cpp:773:1: note: in instantiation of function template specialization 'CATCH2_INTERNAL_TEMPLATE_TEST_22<faest::parameter_set<faest::secpar::s192, 24, faest::owf::v2_em, faest::prg::aes_ctr, faest::prg::aes_ctr, faest::leaf_hash::aes_ctr, 8, std::pair<bavc, std::size_t>{1, 176}>>' requested here
  773 | TEMPLATE_TEST_CASE("bacv compare against tv", "[vector com]", ALL_FAEST_V2_INSTANCES)
      | ^
../subprojects/Catch2-3.13.0/src/catch2/catch_template_test_macros.hpp:76:39: note: expanded from macro 'TEMPLATE_TEST_CASE'
   76 |     #define TEMPLATE_TEST_CASE( ... ) INTERNAL_CATCH_TEMPLATE_TEST_CASE( __VA_ARGS__ )
      |                                       ^
../subprojects/Catch2-3.13.0/src/catch2/internal/catch_template_test_registry.hpp:104:108: note: expanded from macro 'INTERNAL_CATCH_TEMPLATE_TEST_CASE'
  104 |         INTERNAL_CATCH_TEMPLATE_TEST_CASE_2( INTERNAL_CATCH_UNIQUE_NAME( CATCH2_INTERNAL_TEMPLATE_TEST_ ), INTERNAL_CATCH_UNIQUE_NAME( CATCH2_INTERNAL_TEMPLATE_TEST_ ), Name, Tags, typename TestType, __VA_ARGS__ )
      |                                                                                                            ^
../subprojects/Catch2-3.13.0/src/catch2/internal/catch_unique_name.hpp:15:46: note: expanded from macro 'INTERNAL_CATCH_UNIQUE_NAME'
   15 | #  define INTERNAL_CATCH_UNIQUE_NAME( name ) INTERNAL_CATCH_UNIQUE_NAME_LINE( name, __COUNTER__ )
      |                                              ^
note: (skipping 3 expansions in backtrace; use -fmacro-backtrace-limit=0 to see all)
../subprojects/Catch2-3.13.0/src/catch2/internal/catch_template_test_registry.hpp:83:41: note: expanded from macro 'INTERNAL_CATCH_TEMPLATE_TEST_CASE_2'
   83 |             INTERNAL_CATCH_NTTP_REG_GEN(TestFunc,INTERNAL_CATCH_REMOVE_PARENS(Signature))\
      |                                         ^
../subprojects/Catch2-3.13.0/src/catch2/internal/catch_preprocessor.hpp:231:82: note: expanded from macro 'INTERNAL_CATCH_NTTP_REG_GEN'
  231 | #define INTERNAL_CATCH_NTTP_REG_GEN(TestFunc, ...) INTERNAL_CATCH_TYPES_REGISTER(TestFunc) INTERNAL_CATCH_VA_NARGS_IMPL( "dummy", __VA_ARGS__, INTERNAL_CATCH_NTTP_REGISTER, INTERNAL_CATCH_NTTP_REGISTER, INTERNAL_CATCH_NTTP_REGISTER, INTERNAL_CATCH_NTTP_REGISTER, INTERNAL_CATCH_NTTP_REGISTER, INTERNAL_CATCH_NTTP_REGISTER, INTERNAL_CATCH_NTTP_REGISTER, INTERNAL_CATCH_NTTP_REGISTER, INTERNAL_CATCH_NTTP_REGISTER, INTERNAL_CATCH_NTTP_REGISTER0, INTERNAL_CATCH_NTTP_REGISTER0)(TestFunc, __VA_ARGS__)
      |                                                                                  ^
../subprojects/Catch2-3.13.0/src/catch2/internal/catch_preprocessor.hpp:179:49: note: expanded from macro 'INTERNAL_CATCH_TYPES_REGISTER'
  179 |         Catch::AutoReg( Catch::makeTestInvoker(&TestFunc<Ts...>), CATCH_INTERNAL_LINEINFO, Catch::StringRef(), nameAndTags);\
      |                                                 ^
../test/test_vector_com.cpp:773:1: note: in instantiation of function template specialization '(anonymous namespace)::ns_CATCH2_INTERNAL_TEMPLATE_TEST_23::reg_test<faest::parameter_set<faest::secpar::s192, 24, faest::owf::v2_em, faest::prg::aes_ctr, faest::prg::aes_ctr, faest::leaf_hash::aes_ctr, 8, std::pair<bavc, std::size_t>{1, 176}>>' requested here
../subprojects/Catch2-3.13.0/src/catch2/catch_template_test_macros.hpp:76:39: note: expanded from macro 'TEMPLATE_TEST_CASE'
   76 |     #define TEMPLATE_TEST_CASE( ... ) INTERNAL_CATCH_TEMPLATE_TEST_CASE( __VA_ARGS__ )
      |                                       ^
../subprojects/Catch2-3.13.0/src/catch2/internal/catch_template_test_registry.hpp:104:9: note: expanded from macro 'INTERNAL_CATCH_TEMPLATE_TEST_CASE'
  104 |         INTERNAL_CATCH_TEMPLATE_TEST_CASE_2( INTERNAL_CATCH_UNIQUE_NAME( CATCH2_INTERNAL_TEMPLATE_TEST_ ), INTERNAL_CATCH_UNIQUE_NAME( CATCH2_INTERNAL_TEMPLATE_TEST_ ), Name, Tags, typename TestType, __VA_ARGS__ )
      |         ^
../subprojects/Catch2-3.13.0/src/catch2/internal/catch_template_test_registry.hpp:90:37: note: expanded from macro 'INTERNAL_CATCH_TEMPLATE_TEST_CASE_2'
   90 |                     (void)expander{(reg_test(Types{}, Catch::NameAndTags{ Name " - " + std::string(tmpl_types[index]), Tags } ), index++)... };/* NOLINT */ \
      |                                     ^
../test/test_vector_com.cpp:773:1: note: in instantiation of member function '(anonymous namespace)::ns_CATCH2_INTERNAL_TEMPLATE_TEST_23::CATCH2_INTERNAL_TEMPLATE_TEST_23<(anonymous namespace)::ns_CATCH2_INTERNAL_TEMPLATE_TEST_23::TypeList<faest::parameter_set<faest::secpar::s128, 11, faest::owf::v2, faest::prg::aes_ctr, faest::prg::aes_ctr, faest::leaf_hash::aes_ctr_stat_bind, 7, std::pair<bavc, std::size_t>{1, 102}>>, (anonymous namespace)::ns_CATCH2_INTERNAL_TEMPLATE_TEST_23::TypeList<faest::parameter_set<faest::secpar::s128, 16, faest::owf::v2, faest::prg::aes_ctr, faest::prg::aes_ctr, faest::leaf_hash::aes_ctr_stat_bind, 8, std::pair<bavc, std::size_t>{1, 110}>>, (anonymous namespace)::ns_CATCH2_INTERNAL_TEMPLATE_TEST_23::TypeList<faest::parameter_set<faest::secpar::s192, 16, faest::owf::v2, faest::prg::aes_ctr, faest::prg::aes_ctr, faest::leaf_hash::aes_ctr_stat_bind, 12, std::pair<bavc, std::size_t>{1, 162}>>, (anonymous namespace)::ns_CATCH2_INTERNAL_TEMPLATE_TEST_23::TypeList<faest::parameter_set<faest::secpar::s192, 24, faest::owf::v2, faest::prg::aes_ctr, faest::prg::aes_ctr, faest::leaf_hash::aes_ctr_stat_bind, 8, std::pair<bavc, std::size_t>{1, 163}>>, (anonymous namespace)::ns_CATCH2_INTERNAL_TEMPLATE_TEST_23::TypeList<faest::parameter_set<faest::secpar::s256, 22, faest::owf::v2, faest::prg::aes_ctr, faest::prg::aes_ctr, faest::leaf_hash::aes_ctr_stat_bind, 6, std::pair<bavc, std::size_t>{1, 245}>>, (anonymous namespace)::ns_CATCH2_INTERNAL_TEMPLATE_TEST_23::TypeList<faest::parameter_set<faest::secpar::s256, 32, faest::owf::v2, faest::prg::aes_ctr, faest::prg::aes_ctr, faest::leaf_hash::aes_ctr_stat_bind, 8, std::pair<bavc, std::size_t>{1, 246}>>, (anonymous namespace)::ns_CATCH2_INTERNAL_TEMPLATE_TEST_23::TypeList<faest::parameter_set<faest::secpar::s128, 11, faest::owf::v2_em, faest::prg::aes_ctr, faest::prg::aes_ctr, faest::leaf_hash::aes_ctr, 7, std::pair<bavc, std::size_t>{1, 103}>>, (anonymous namespace)::ns_CATCH2_INTERNAL_TEMPLATE_TEST_23::TypeList<faest::parameter_set<faest::secpar::s128, 16, faest::owf::v2_em, faest::prg::aes_ctr, faest::prg::aes_ctr, faest::leaf_hash::aes_ctr, 8, std::pair<bavc, std::size_t>{1, 112}>>, (anonymous namespace)::ns_CATCH2_INTERNAL_TEMPLATE_TEST_23::TypeList<faest::parameter_set<faest::secpar::s192, 16, faest::owf::v2_em, faest::prg::aes_ctr, faest::prg::aes_ctr, faest::leaf_hash::aes_ctr, 8, std::pair<bavc, std::size_t>{1, 162}>>, (anonymous namespace)::ns_CATCH2_INTERNAL_TEMPLATE_TEST_23::TypeList<faest::parameter_set<faest::secpar::s192, 24, faest::owf::v2_em, faest::prg::aes_ctr, faest::prg::aes_ctr, faest::leaf_hash::aes_ctr, 8, std::pair<bavc, std::size_t>{1, 176}>>, (anonymous namespace)::ns_CATCH2_INTERNAL_TEMPLATE_TEST_23::TypeList<faest::parameter_set<faest::secpar::s256, 22, faest::owf::v2_em, faest::prg::aes_ctr, faest::prg::aes_ctr, faest::leaf_hash::aes_ctr, 6, std::pair<bavc, std::size_t>{1, 218}>>, (anonymous namespace)::ns_CATCH2_INTERNAL_TEMPLATE_TEST_23::TypeList<faest::parameter_set<faest::secpar::s256, 32, faest::owf::v2_em, faest::prg::aes_ctr, faest::prg::aes_ctr, faest::leaf_hash::aes_ctr, 8, std::pair<bavc, std::size_t>{1, 234}>>>::CATCH2_INTERNAL_TEMPLATE_TEST_23' requested here
../subprojects/Catch2-3.13.0/src/catch2/catch_template_test_macros.hpp:76:39: note: expanded from macro 'TEMPLATE_TEST_CASE'
   76 |     #define TEMPLATE_TEST_CASE( ... ) INTERNAL_CATCH_TEMPLATE_TEST_CASE( __VA_ARGS__ )
      |                                       ^
../subprojects/Catch2-3.13.0/src/catch2/internal/catch_template_test_registry.hpp:104:46: note: expanded from macro 'INTERNAL_CATCH_TEMPLATE_TEST_CASE'
  104 |         INTERNAL_CATCH_TEMPLATE_TEST_CASE_2( INTERNAL_CATCH_UNIQUE_NAME( CATCH2_INTERNAL_TEMPLATE_TEST_ ), INTERNAL_CATCH_UNIQUE_NAME( CATCH2_INTERNAL_TEMPLATE_TEST_ ), Name, Tags, typename TestType, __VA_ARGS__ )
      |                                              ^
../subprojects/Catch2-3.13.0/src/catch2/internal/catch_unique_name.hpp:15:46: note: expanded from macro 'INTERNAL_CATCH_UNIQUE_NAME'
   15 | #  define INTERNAL_CATCH_UNIQUE_NAME( name ) INTERNAL_CATCH_UNIQUE_NAME_LINE( name, __COUNTER__ )
      |                                              ^
note: (skipping 1 expansions in backtrace; use -fmacro-backtrace-limit=0 to see all)
../subprojects/Catch2-3.13.0/src/catch2/internal/catch_unique_name.hpp:12:56: note: expanded from macro 'INTERNAL_CATCH_UNIQUE_NAME_LINE2'
   12 | #define INTERNAL_CATCH_UNIQUE_NAME_LINE2( name, line ) name##line
      |                                                        ^
<scratch space>:181:1: note: expanded from here
  181 | CATCH2_INTERNAL_TEMPLATE_TEST_23
      | ^
../subprojects/Catch2-3.13.0/src/catch2/internal/catch_template_test_registry.hpp:94:13: note: expanded from macro 'INTERNAL_CATCH_TEMPLATE_TEST_CASE_2'
   94 |             TestName<INTERNAL_CATCH_MAKE_TYPE_LISTS_FROM_TYPES(__VA_ARGS__)>();\
      |             ^
../test/test_bavc_tvs.hpp:11:59: note: forward declaration of template entity is here
   11 |     const static std::array<uint8_t, 2 * P::secpar_bytes> h;
      |                                                           ^
../test/test_vector_com.cpp:827:34: note: add an explicit instantiation declaration to suppress this warning if 'bavc_tvs<faest::parameter_set<faest::secpar::s192, 24, faest::owf::v2_em, faest::prg::aes_ctr, faest::prg::aes_ctr, faest::leaf_hash::aes_ctr, 8, std::pair<bavc, std::size_t>{1, 176}>>::h' is explicitly instantiated in another translation unit
  827 |     REQUIRE(commitment_h == TVS::h);
      |                                  ^
../test/test_vector_com.cpp:831:31: warning: instantiation of variable 'bavc_tvs<faest::parameter_set<faest::secpar::s192, 24, faest::owf::v2_em, faest::prg::aes_ctr, faest::prg::aes_ctr, faest::leaf_hash::aes_ctr, 8, std::pair<bavc, std::size_t>{1, 176}>>::hashed_sd' required here, but no definition is available [-Wundefined-var-template]
  831 |     REQUIRE(hashed_sd == TVS::hashed_sd);
      |                               ^
../test/test_bavc_tvs.hpp:13:42: note: forward declaration of template entity is here
   13 |     const static std::array<uint8_t, 64> hashed_sd;
      |                                          ^
../test/test_vector_com.cpp:831:31: note: add an explicit instantiation declaration to suppress this warning if 'bavc_tvs<faest::parameter_set<faest::secpar::s192, 24, faest::owf::v2_em, faest::prg::aes_ctr, faest::prg::aes_ctr, faest::leaf_hash::aes_ctr, 8, std::pair<bavc, std::size_t>{1, 176}>>::hashed_sd' is explicitly instantiated in another translation unit
  831 |     REQUIRE(hashed_sd == TVS::hashed_sd);
      |                               ^
../test/test_vector_com.cpp:834:30: warning: instantiation of variable 'bavc_tvs<faest::parameter_set<faest::secpar::s192, 24, faest::owf::v2_em, faest::prg::aes_ctr, faest::prg::aes_ctr, faest::leaf_hash::aes_ctr, 8, std::pair<bavc, std::size_t>{1, 176}>>::hashed_k' required here, but no definition is available [-Wundefined-var-template]
  834 |     REQUIRE(hashed_k == TVS::hashed_k);
      |                              ^
../test/test_bavc_tvs.hpp:12:42: note: forward declaration of template entity is here
   12 |     const static std::array<uint8_t, 64> hashed_k;
      |                                          ^
../test/test_vector_com.cpp:834:30: note: add an explicit instantiation declaration to suppress this warning if 'bavc_tvs<faest::parameter_set<faest::secpar::s192, 24, faest::owf::v2_em, faest::prg::aes_ctr, faest::prg::aes_ctr, faest::leaf_hash::aes_ctr, 8, std::pair<bavc, std::size_t>{1, 176}>>::hashed_k' is explicitly instantiated in another translation unit
  834 |     REQUIRE(hashed_k == TVS::hashed_k);
      |                              ^
../test/test_vector_com.cpp:840:45: warning: instantiation of variable 'bavc_tvs<faest::parameter_set<faest::secpar::s192, 24, faest::owf::v2_em, faest::prg::aes_ctr, faest::prg::aes_ctr, faest::leaf_hash::aes_ctr, 8, std::pair<bavc, std::size_t>{1, 176}>>::i_delta' required here, but no definition is available [-Wundefined-var-template]
  840 |             delta_bytes[offset + j] = (TVS::i_delta[i] & (1 << j)) ? 0xff : 0x00;
      |                                             ^
../test/test_bavc_tvs.hpp:14:49: note: forward declaration of template entity is here
   14 |     const static std::array<uint16_t, P::tau_v> i_delta;
      |                                                 ^
../test/test_vector_com.cpp:840:45: note: add an explicit instantiation declaration to suppress this warning if 'bavc_tvs<faest::parameter_set<faest::secpar::s192, 24, faest::owf::v2_em, faest::prg::aes_ctr, faest::prg::aes_ctr, faest::leaf_hash::aes_ctr, 8, std::pair<bavc, std::size_t>{1, 176}>>::i_delta' is explicitly instantiated in another translation unit
  840 |             delta_bytes[offset + j] = (TVS::i_delta[i] & (1 << j)) ? 0xff : 0x00;
      |                                             ^
../test/test_vector_com.cpp:849:36: warning: instantiation of variable 'bavc_tvs<faest::parameter_set<faest::secpar::s192, 24, faest::owf::v2_em, faest::prg::aes_ctr, faest::prg::aes_ctr, faest::leaf_hash::aes_ctr, 8, std::pair<bavc, std::size_t>{1, 176}>>::hashed_decom_i' required here, but no definition is available [-Wundefined-var-template]
  849 |     REQUIRE(hashed_decom_i == TVS::hashed_decom_i);
      |                                    ^
../test/test_bavc_tvs.hpp:15:42: note: forward declaration of template entity is here
   15 |     const static std::array<uint8_t, 64> hashed_decom_i;
      |                                          ^
../test/test_vector_com.cpp:849:36: note: add an explicit instantiation declaration to suppress this warning if 'bavc_tvs<faest::parameter_set<faest::secpar::s192, 24, faest::owf::v2_em, faest::prg::aes_ctr, faest::prg::aes_ctr, faest::leaf_hash::aes_ctr, 8, std::pair<bavc, std::size_t>{1, 176}>>::hashed_decom_i' is explicitly instantiated in another translation unit
  849 |     REQUIRE(hashed_decom_i == TVS::hashed_decom_i);
      |                                    ^
../test/test_vector_com.cpp:881:35: warning: instantiation of variable 'bavc_tvs<faest::parameter_set<faest::secpar::s192, 24, faest::owf::v2_em, faest::prg::aes_ctr, faest::prg::aes_ctr, faest::leaf_hash::aes_ctr, 8, std::pair<bavc, std::size_t>{1, 176}>>::hashed_rec_sd' required here, but no definition is available [-Wundefined-var-template]
  881 |     REQUIRE(hashed_rec_sd == TVS::hashed_rec_sd);
      |                                   ^
../test/test_bavc_tvs.hpp:16:42: note: forward declaration of template entity is here
   16 |     const static std::array<uint8_t, 64> hashed_rec_sd;
      |                                          ^
../test/test_vector_com.cpp:881:35: note: add an explicit instantiation declaration to suppress this warning if 'bavc_tvs<faest::parameter_set<faest::secpar::s192, 24, faest::owf::v2_em, faest::prg::aes_ctr, faest::prg::aes_ctr, faest::leaf_hash::aes_ctr, 8, std::pair<bavc, std::size_t>{1, 176}>>::hashed_rec_sd' is explicitly instantiated in another translation unit
  881 |     REQUIRE(hashed_rec_sd == TVS::hashed_rec_sd);
      |                                   ^
../test/test_vector_com.cpp:827:34: warning: instantiation of variable 'bavc_tvs<faest::parameter_set<faest::secpar::s256, 22, faest::owf::v2_em, faest::prg::aes_ctr, faest::prg::aes_ctr, faest::leaf_hash::aes_ctr, 6, std::pair<bavc, std::size_t>{1, 218}>>::h' required here, but no definition is available [-Wundefined-var-template]
  827 |     REQUIRE(commitment_h == TVS::h);
      |                                  ^
../test/test_vector_com.cpp:773:1: note: in instantiation of function template specialization 'CATCH2_INTERNAL_TEMPLATE_TEST_22<faest::parameter_set<faest::secpar::s256, 22, faest::owf::v2_em, faest::prg::aes_ctr, faest::prg::aes_ctr, faest::leaf_hash::aes_ctr, 6, std::pair<bavc, std::size_t>{1, 218}>>' requested here
  773 | TEMPLATE_TEST_CASE("bacv compare against tv", "[vector com]", ALL_FAEST_V2_INSTANCES)
      | ^
../subprojects/Catch2-3.13.0/src/catch2/catch_template_test_macros.hpp:76:39: note: expanded from macro 'TEMPLATE_TEST_CASE'
   76 |     #define TEMPLATE_TEST_CASE( ... ) INTERNAL_CATCH_TEMPLATE_TEST_CASE( __VA_ARGS__ )
      |                                       ^
../subprojects/Catch2-3.13.0/src/catch2/internal/catch_template_test_registry.hpp:104:108: note: expanded from macro 'INTERNAL_CATCH_TEMPLATE_TEST_CASE'
  104 |         INTERNAL_CATCH_TEMPLATE_TEST_CASE_2( INTERNAL_CATCH_UNIQUE_NAME( CATCH2_INTERNAL_TEMPLATE_TEST_ ), INTERNAL_CATCH_UNIQUE_NAME( CATCH2_INTERNAL_TEMPLATE_TEST_ ), Name, Tags, typename TestType, __VA_ARGS__ )
      |                                                                                                            ^
../subprojects/Catch2-3.13.0/src/catch2/internal/catch_unique_name.hpp:15:46: note: expanded from macro 'INTERNAL_CATCH_UNIQUE_NAME'
   15 | #  define INTERNAL_CATCH_UNIQUE_NAME( name ) INTERNAL_CATCH_UNIQUE_NAME_LINE( name, __COUNTER__ )
      |                                              ^
note: (skipping 3 expansions in backtrace; use -fmacro-backtrace-limit=0 to see all)
../subprojects/Catch2-3.13.0/src/catch2/internal/catch_template_test_registry.hpp:83:41: note: expanded from macro 'INTERNAL_CATCH_TEMPLATE_TEST_CASE_2'
   83 |             INTERNAL_CATCH_NTTP_REG_GEN(TestFunc,INTERNAL_CATCH_REMOVE_PARENS(Signature))\
      |                                         ^
../subprojects/Catch2-3.13.0/src/catch2/internal/catch_preprocessor.hpp:231:82: note: expanded from macro 'INTERNAL_CATCH_NTTP_REG_GEN'
  231 | #define INTERNAL_CATCH_NTTP_REG_GEN(TestFunc, ...) INTERNAL_CATCH_TYPES_REGISTER(TestFunc) INTERNAL_CATCH_VA_NARGS_IMPL( "dummy", __VA_ARGS__, INTERNAL_CATCH_NTTP_REGISTER, INTERNAL_CATCH_NTTP_REGISTER, INTERNAL_CATCH_NTTP_REGISTER, INTERNAL_CATCH_NTTP_REGISTER, INTERNAL_CATCH_NTTP_REGISTER, INTERNAL_CATCH_NTTP_REGISTER, INTERNAL_CATCH_NTTP_REGISTER, INTERNAL_CATCH_NTTP_REGISTER, INTERNAL_CATCH_NTTP_REGISTER, INTERNAL_CATCH_NTTP_REGISTER0, INTERNAL_CATCH_NTTP_REGISTER0)(TestFunc, __VA_ARGS__)
      |                                                                                  ^
../subprojects/Catch2-3.13.0/src/catch2/internal/catch_preprocessor.hpp:179:49: note: expanded from macro 'INTERNAL_CATCH_TYPES_REGISTER'
  179 |         Catch::AutoReg( Catch::makeTestInvoker(&TestFunc<Ts...>), CATCH_INTERNAL_LINEINFO, Catch::StringRef(), nameAndTags);\
      |                                                 ^
../test/test_vector_com.cpp:773:1: note: in instantiation of function template specialization '(anonymous namespace)::ns_CATCH2_INTERNAL_TEMPLATE_TEST_23::reg_test<faest::parameter_set<faest::secpar::s256, 22, faest::owf::v2_em, faest::prg::aes_ctr, faest::prg::aes_ctr, faest::leaf_hash::aes_ctr, 6, std::pair<bavc, std::size_t>{1, 218}>>' requested here
../subprojects/Catch2-3.13.0/src/catch2/catch_template_test_macros.hpp:76:39: note: expanded from macro 'TEMPLATE_TEST_CASE'
   76 |     #define TEMPLATE_TEST_CASE( ... ) INTERNAL_CATCH_TEMPLATE_TEST_CASE( __VA_ARGS__ )
      |                                       ^
../subprojects/Catch2-3.13.0/src/catch2/internal/catch_template_test_registry.hpp:104:9: note: expanded from macro 'INTERNAL_CATCH_TEMPLATE_TEST_CASE'
  104 |         INTERNAL_CATCH_TEMPLATE_TEST_CASE_2( INTERNAL_CATCH_UNIQUE_NAME( CATCH2_INTERNAL_TEMPLATE_TEST_ ), INTERNAL_CATCH_UNIQUE_NAME( CATCH2_INTERNAL_TEMPLATE_TEST_ ), Name, Tags, typename TestType, __VA_ARGS__ )
      |         ^
../subprojects/Catch2-3.13.0/src/catch2/internal/catch_template_test_registry.hpp:90:37: note: expanded from macro 'INTERNAL_CATCH_TEMPLATE_TEST_CASE_2'
   90 |                     (void)expander{(reg_test(Types{}, Catch::NameAndTags{ Name " - " + std::string(tmpl_types[index]), Tags } ), index++)... };/* NOLINT */ \
      |                                     ^
../test/test_vector_com.cpp:773:1: note: in instantiation of member function '(anonymous namespace)::ns_CATCH2_INTERNAL_TEMPLATE_TEST_23::CATCH2_INTERNAL_TEMPLATE_TEST_23<(anonymous namespace)::ns_CATCH2_INTERNAL_TEMPLATE_TEST_23::TypeList<faest::parameter_set<faest::secpar::s128, 11, faest::owf::v2, faest::prg::aes_ctr, faest::prg::aes_ctr, faest::leaf_hash::aes_ctr_stat_bind, 7, std::pair<bavc, std::size_t>{1, 102}>>, (anonymous namespace)::ns_CATCH2_INTERNAL_TEMPLATE_TEST_23::TypeList<faest::parameter_set<faest::secpar::s128, 16, faest::owf::v2, faest::prg::aes_ctr, faest::prg::aes_ctr, faest::leaf_hash::aes_ctr_stat_bind, 8, std::pair<bavc, std::size_t>{1, 110}>>, (anonymous namespace)::ns_CATCH2_INTERNAL_TEMPLATE_TEST_23::TypeList<faest::parameter_set<faest::secpar::s192, 16, faest::owf::v2, faest::prg::aes_ctr, faest::prg::aes_ctr, faest::leaf_hash::aes_ctr_stat_bind, 12, std::pair<bavc, std::size_t>{1, 162}>>, (anonymous namespace)::ns_CATCH2_INTERNAL_TEMPLATE_TEST_23::TypeList<faest::parameter_set<faest::secpar::s192, 24, faest::owf::v2, faest::prg::aes_ctr, faest::prg::aes_ctr, faest::leaf_hash::aes_ctr_stat_bind, 8, std::pair<bavc, std::size_t>{1, 163}>>, (anonymous namespace)::ns_CATCH2_INTERNAL_TEMPLATE_TEST_23::TypeList<faest::parameter_set<faest::secpar::s256, 22, faest::owf::v2, faest::prg::aes_ctr, faest::prg::aes_ctr, faest::leaf_hash::aes_ctr_stat_bind, 6, std::pair<bavc, std::size_t>{1, 245}>>, (anonymous namespace)::ns_CATCH2_INTERNAL_TEMPLATE_TEST_23::TypeList<faest::parameter_set<faest::secpar::s256, 32, faest::owf::v2, faest::prg::aes_ctr, faest::prg::aes_ctr, faest::leaf_hash::aes_ctr_stat_bind, 8, std::pair<bavc, std::size_t>{1, 246}>>, (anonymous namespace)::ns_CATCH2_INTERNAL_TEMPLATE_TEST_23::TypeList<faest::parameter_set<faest::secpar::s128, 11, faest::owf::v2_em, faest::prg::aes_ctr, faest::prg::aes_ctr, faest::leaf_hash::aes_ctr, 7, std::pair<bavc, std::size_t>{1, 103}>>, (anonymous namespace)::ns_CATCH2_INTERNAL_TEMPLATE_TEST_23::TypeList<faest::parameter_set<faest::secpar::s128, 16, faest::owf::v2_em, faest::prg::aes_ctr, faest::prg::aes_ctr, faest::leaf_hash::aes_ctr, 8, std::pair<bavc, std::size_t>{1, 112}>>, (anonymous namespace)::ns_CATCH2_INTERNAL_TEMPLATE_TEST_23::TypeList<faest::parameter_set<faest::secpar::s192, 16, faest::owf::v2_em, faest::prg::aes_ctr, faest::prg::aes_ctr, faest::leaf_hash::aes_ctr, 8, std::pair<bavc, std::size_t>{1, 162}>>, (anonymous namespace)::ns_CATCH2_INTERNAL_TEMPLATE_TEST_23::TypeList<faest::parameter_set<faest::secpar::s192, 24, faest::owf::v2_em, faest::prg::aes_ctr, faest::prg::aes_ctr, faest::leaf_hash::aes_ctr, 8, std::pair<bavc, std::size_t>{1, 176}>>, (anonymous namespace)::ns_CATCH2_INTERNAL_TEMPLATE_TEST_23::TypeList<faest::parameter_set<faest::secpar::s256, 22, faest::owf::v2_em, faest::prg::aes_ctr, faest::prg::aes_ctr, faest::leaf_hash::aes_ctr, 6, std::pair<bavc, std::size_t>{1, 218}>>, (anonymous namespace)::ns_CATCH2_INTERNAL_TEMPLATE_TEST_23::TypeList<faest::parameter_set<faest::secpar::s256, 32, faest::owf::v2_em, faest::prg::aes_ctr, faest::prg::aes_ctr, faest::leaf_hash::aes_ctr, 8, std::pair<bavc, std::size_t>{1, 234}>>>::CATCH2_INTERNAL_TEMPLATE_TEST_23' requested here
../subprojects/Catch2-3.13.0/src/catch2/catch_template_test_macros.hpp:76:39: note: expanded from macro 'TEMPLATE_TEST_CASE'
   76 |     #define TEMPLATE_TEST_CASE( ... ) INTERNAL_CATCH_TEMPLATE_TEST_CASE( __VA_ARGS__ )
      |                                       ^
../subprojects/Catch2-3.13.0/src/catch2/internal/catch_template_test_registry.hpp:104:46: note: expanded from macro 'INTERNAL_CATCH_TEMPLATE_TEST_CASE'
  104 |         INTERNAL_CATCH_TEMPLATE_TEST_CASE_2( INTERNAL_CATCH_UNIQUE_NAME( CATCH2_INTERNAL_TEMPLATE_TEST_ ), INTERNAL_CATCH_UNIQUE_NAME( CATCH2_INTERNAL_TEMPLATE_TEST_ ), Name, Tags, typename TestType, __VA_ARGS__ )
      |                                              ^
../subprojects/Catch2-3.13.0/src/catch2/internal/catch_unique_name.hpp:15:46: note: expanded from macro 'INTERNAL_CATCH_UNIQUE_NAME'
   15 | #  define INTERNAL_CATCH_UNIQUE_NAME( name ) INTERNAL_CATCH_UNIQUE_NAME_LINE( name, __COUNTER__ )
      |                                              ^
note: (skipping 1 expansions in backtrace; use -fmacro-backtrace-limit=0 to see all)
../subprojects/Catch2-3.13.0/src/catch2/internal/catch_unique_name.hpp:12:56: note: expanded from macro 'INTERNAL_CATCH_UNIQUE_NAME_LINE2'
   12 | #define INTERNAL_CATCH_UNIQUE_NAME_LINE2( name, line ) name##line
      |                                                        ^
<scratch space>:181:1: note: expanded from here
  181 | CATCH2_INTERNAL_TEMPLATE_TEST_23
      | ^
../subprojects/Catch2-3.13.0/src/catch2/internal/catch_template_test_registry.hpp:94:13: note: expanded from macro 'INTERNAL_CATCH_TEMPLATE_TEST_CASE_2'
   94 |             TestName<INTERNAL_CATCH_MAKE_TYPE_LISTS_FROM_TYPES(__VA_ARGS__)>();\
      |             ^
../test/test_bavc_tvs.hpp:11:59: note: forward declaration of template entity is here
   11 |     const static std::array<uint8_t, 2 * P::secpar_bytes> h;
      |                                                           ^
../test/test_vector_com.cpp:827:34: note: add an explicit instantiation declaration to suppress this warning if 'bavc_tvs<faest::parameter_set<faest::secpar::s256, 22, faest::owf::v2_em, faest::prg::aes_ctr, faest::prg::aes_ctr, faest::leaf_hash::aes_ctr, 6, std::pair<bavc, std::size_t>{1, 218}>>::h' is explicitly instantiated in another translation unit
  827 |     REQUIRE(commitment_h == TVS::h);
      |                                  ^
../test/test_vector_com.cpp:831:31: warning: instantiation of variable 'bavc_tvs<faest::parameter_set<faest::secpar::s256, 22, faest::owf::v2_em, faest::prg::aes_ctr, faest::prg::aes_ctr, faest::leaf_hash::aes_ctr, 6, std::pair<bavc, std::size_t>{1, 218}>>::hashed_sd' required here, but no definition is available [-Wundefined-var-template]
  831 |     REQUIRE(hashed_sd == TVS::hashed_sd);
      |                               ^
../test/test_bavc_tvs.hpp:13:42: note: forward declaration of template entity is here
   13 |     const static std::array<uint8_t, 64> hashed_sd;
      |                                          ^
../test/test_vector_com.cpp:831:31: note: add an explicit instantiation declaration to suppress this warning if 'bavc_tvs<faest::parameter_set<faest::secpar::s256, 22, faest::owf::v2_em, faest::prg::aes_ctr, faest::prg::aes_ctr, faest::leaf_hash::aes_ctr, 6, std::pair<bavc, std::size_t>{1, 218}>>::hashed_sd' is explicitly instantiated in another translation unit
  831 |     REQUIRE(hashed_sd == TVS::hashed_sd);
      |                               ^
../test/test_vector_com.cpp:834:30: warning: instantiation of variable 'bavc_tvs<faest::parameter_set<faest::secpar::s256, 22, faest::owf::v2_em, faest::prg::aes_ctr, faest::prg::aes_ctr, faest::leaf_hash::aes_ctr, 6, std::pair<bavc, std::size_t>{1, 218}>>::hashed_k' required here, but no definition is available [-Wundefined-var-template]
  834 |     REQUIRE(hashed_k == TVS::hashed_k);
      |                              ^
../test/test_bavc_tvs.hpp:12:42: note: forward declaration of template entity is here
   12 |     const static std::array<uint8_t, 64> hashed_k;
      |                                          ^
../test/test_vector_com.cpp:834:30: note: add an explicit instantiation declaration to suppress this warning if 'bavc_tvs<faest::parameter_set<faest::secpar::s256, 22, faest::owf::v2_em, faest::prg::aes_ctr, faest::prg::aes_ctr, faest::leaf_hash::aes_ctr, 6, std::pair<bavc, std::size_t>{1, 218}>>::hashed_k' is explicitly instantiated in another translation unit
  834 |     REQUIRE(hashed_k == TVS::hashed_k);
      |                              ^
../test/test_vector_com.cpp:840:45: warning: instantiation of variable 'bavc_tvs<faest::parameter_set<faest::secpar::s256, 22, faest::owf::v2_em, faest::prg::aes_ctr, faest::prg::aes_ctr, faest::leaf_hash::aes_ctr, 6, std::pair<bavc, std::size_t>{1, 218}>>::i_delta' required here, but no definition is available [-Wundefined-var-template]
  840 |             delta_bytes[offset + j] = (TVS::i_delta[i] & (1 << j)) ? 0xff : 0x00;
      |                                             ^
../test/test_bavc_tvs.hpp:14:49: note: forward declaration of template entity is here
   14 |     const static std::array<uint16_t, P::tau_v> i_delta;
      |                                                 ^
../test/test_vector_com.cpp:840:45: note: add an explicit instantiation declaration to suppress this warning if 'bavc_tvs<faest::parameter_set<faest::secpar::s256, 22, faest::owf::v2_em, faest::prg::aes_ctr, faest::prg::aes_ctr, faest::leaf_hash::aes_ctr, 6, std::pair<bavc, std::size_t>{1, 218}>>::i_delta' is explicitly instantiated in another translation unit
  840 |             delta_bytes[offset + j] = (TVS::i_delta[i] & (1 << j)) ? 0xff : 0x00;
      |                                             ^
../test/test_vector_com.cpp:849:36: warning: instantiation of variable 'bavc_tvs<faest::parameter_set<faest::secpar::s256, 22, faest::owf::v2_em, faest::prg::aes_ctr, faest::prg::aes_ctr, faest::leaf_hash::aes_ctr, 6, std::pair<bavc, std::size_t>{1, 218}>>::hashed_decom_i' required here, but no definition is available [-Wundefined-var-template]
  849 |     REQUIRE(hashed_decom_i == TVS::hashed_decom_i);
      |                                    ^
../test/test_bavc_tvs.hpp:15:42: note: forward declaration of template entity is here
   15 |     const static std::array<uint8_t, 64> hashed_decom_i;
      |                                          ^
../test/test_vector_com.cpp:849:36: note: add an explicit instantiation declaration to suppress this warning if 'bavc_tvs<faest::parameter_set<faest::secpar::s256, 22, faest::owf::v2_em, faest::prg::aes_ctr, faest::prg::aes_ctr, faest::leaf_hash::aes_ctr, 6, std::pair<bavc, std::size_t>{1, 218}>>::hashed_decom_i' is explicitly instantiated in another translation unit
  849 |     REQUIRE(hashed_decom_i == TVS::hashed_decom_i);
      |                                    ^
../test/test_vector_com.cpp:881:35: warning: instantiation of variable 'bavc_tvs<faest::parameter_set<faest::secpar::s256, 22, faest::owf::v2_em, faest::prg::aes_ctr, faest::prg::aes_ctr, faest::leaf_hash::aes_ctr, 6, std::pair<bavc, std::size_t>{1, 218}>>::hashed_rec_sd' required here, but no definition is available [-Wundefined-var-template]
  881 |     REQUIRE(hashed_rec_sd == TVS::hashed_rec_sd);
      |                                   ^
../test/test_bavc_tvs.hpp:16:42: note: forward declaration of template entity is here
   16 |     const static std::array<uint8_t, 64> hashed_rec_sd;
      |                                          ^
../test/test_vector_com.cpp:881:35: note: add an explicit instantiation declaration to suppress this warning if 'bavc_tvs<faest::parameter_set<faest::secpar::s256, 22, faest::owf::v2_em, faest::prg::aes_ctr, faest::prg::aes_ctr, faest::leaf_hash::aes_ctr, 6, std::pair<bavc, std::size_t>{1, 218}>>::hashed_rec_sd' is explicitly instantiated in another translation unit
  881 |     REQUIRE(hashed_rec_sd == TVS::hashed_rec_sd);
      |                                   ^
../test/test_vector_com.cpp:827:34: warning: instantiation of variable 'bavc_tvs<faest::parameter_set<faest::secpar::s256, 32, faest::owf::v2_em, faest::prg::aes_ctr, faest::prg::aes_ctr, faest::leaf_hash::aes_ctr, 8, std::pair<bavc, std::size_t>{1, 234}>>::h' required here, but no definition is available [-Wundefined-var-template]
  827 |     REQUIRE(commitment_h == TVS::h);
      |                                  ^
../test/test_vector_com.cpp:773:1: note: in instantiation of function template specialization 'CATCH2_INTERNAL_TEMPLATE_TEST_22<faest::parameter_set<faest::secpar::s256, 32, faest::owf::v2_em, faest::prg::aes_ctr, faest::prg::aes_ctr, faest::leaf_hash::aes_ctr, 8, std::pair<bavc, std::size_t>{1, 234}>>' requested here
  773 | TEMPLATE_TEST_CASE("bacv compare against tv", "[vector com]", ALL_FAEST_V2_INSTANCES)
      | ^
../subprojects/Catch2-3.13.0/src/catch2/catch_template_test_macros.hpp:76:39: note: expanded from macro 'TEMPLATE_TEST_CASE'
   76 |     #define TEMPLATE_TEST_CASE( ... ) INTERNAL_CATCH_TEMPLATE_TEST_CASE( __VA_ARGS__ )
      |                                       ^
../subprojects/Catch2-3.13.0/src/catch2/internal/catch_template_test_registry.hpp:104:108: note: expanded from macro 'INTERNAL_CATCH_TEMPLATE_TEST_CASE'
  104 |         INTERNAL_CATCH_TEMPLATE_TEST_CASE_2( INTERNAL_CATCH_UNIQUE_NAME( CATCH2_INTERNAL_TEMPLATE_TEST_ ), INTERNAL_CATCH_UNIQUE_NAME( CATCH2_INTERNAL_TEMPLATE_TEST_ ), Name, Tags, typename TestType, __VA_ARGS__ )
      |                                                                                                            ^
../subprojects/Catch2-3.13.0/src/catch2/internal/catch_unique_name.hpp:15:46: note: expanded from macro 'INTERNAL_CATCH_UNIQUE_NAME'
   15 | #  define INTERNAL_CATCH_UNIQUE_NAME( name ) INTERNAL_CATCH_UNIQUE_NAME_LINE( name, __COUNTER__ )
      |                                              ^
note: (skipping 3 expansions in backtrace; use -fmacro-backtrace-limit=0 to see all)
../subprojects/Catch2-3.13.0/src/catch2/internal/catch_template_test_registry.hpp:83:41: note: expanded from macro 'INTERNAL_CATCH_TEMPLATE_TEST_CASE_2'
   83 |             INTERNAL_CATCH_NTTP_REG_GEN(TestFunc,INTERNAL_CATCH_REMOVE_PARENS(Signature))\
      |                                         ^
../subprojects/Catch2-3.13.0/src/catch2/internal/catch_preprocessor.hpp:231:82: note: expanded from macro 'INTERNAL_CATCH_NTTP_REG_GEN'
  231 | #define INTERNAL_CATCH_NTTP_REG_GEN(TestFunc, ...) INTERNAL_CATCH_TYPES_REGISTER(TestFunc) INTERNAL_CATCH_VA_NARGS_IMPL( "dummy", __VA_ARGS__, INTERNAL_CATCH_NTTP_REGISTER, INTERNAL_CATCH_NTTP_REGISTER, INTERNAL_CATCH_NTTP_REGISTER, INTERNAL_CATCH_NTTP_REGISTER, INTERNAL_CATCH_NTTP_REGISTER, INTERNAL_CATCH_NTTP_REGISTER, INTERNAL_CATCH_NTTP_REGISTER, INTERNAL_CATCH_NTTP_REGISTER, INTERNAL_CATCH_NTTP_REGISTER, INTERNAL_CATCH_NTTP_REGISTER0, INTERNAL_CATCH_NTTP_REGISTER0)(TestFunc, __VA_ARGS__)
      |                                                                                  ^
../subprojects/Catch2-3.13.0/src/catch2/internal/catch_preprocessor.hpp:179:49: note: expanded from macro 'INTERNAL_CATCH_TYPES_REGISTER'
  179 |         Catch::AutoReg( Catch::makeTestInvoker(&TestFunc<Ts...>), CATCH_INTERNAL_LINEINFO, Catch::StringRef(), nameAndTags);\
      |                                                 ^
../test/test_vector_com.cpp:773:1: note: in instantiation of function template specialization '(anonymous namespace)::ns_CATCH2_INTERNAL_TEMPLATE_TEST_23::reg_test<faest::parameter_set<faest::secpar::s256, 32, faest::owf::v2_em, faest::prg::aes_ctr, faest::prg::aes_ctr, faest::leaf_hash::aes_ctr, 8, std::pair<bavc, std::size_t>{1, 234}>>' requested here
../subprojects/Catch2-3.13.0/src/catch2/catch_template_test_macros.hpp:76:39: note: expanded from macro 'TEMPLATE_TEST_CASE'
   76 |     #define TEMPLATE_TEST_CASE( ... ) INTERNAL_CATCH_TEMPLATE_TEST_CASE( __VA_ARGS__ )
      |                                       ^
../subprojects/Catch2-3.13.0/src/catch2/internal/catch_template_test_registry.hpp:104:9: note: expanded from macro 'INTERNAL_CATCH_TEMPLATE_TEST_CASE'
  104 |         INTERNAL_CATCH_TEMPLATE_TEST_CASE_2( INTERNAL_CATCH_UNIQUE_NAME( CATCH2_INTERNAL_TEMPLATE_TEST_ ), INTERNAL_CATCH_UNIQUE_NAME( CATCH2_INTERNAL_TEMPLATE_TEST_ ), Name, Tags, typename TestType, __VA_ARGS__ )
      |         ^
../subprojects/Catch2-3.13.0/src/catch2/internal/catch_template_test_registry.hpp:90:37: note: expanded from macro 'INTERNAL_CATCH_TEMPLATE_TEST_CASE_2'
   90 |                     (void)expander{(reg_test(Types{}, Catch::NameAndTags{ Name " - " + std::string(tmpl_types[index]), Tags } ), index++)... };/* NOLINT */ \
      |                                     ^
../test/test_vector_com.cpp:773:1: note: in instantiation of member function '(anonymous namespace)::ns_CATCH2_INTERNAL_TEMPLATE_TEST_23::CATCH2_INTERNAL_TEMPLATE_TEST_23<(anonymous namespace)::ns_CATCH2_INTERNAL_TEMPLATE_TEST_23::TypeList<faest::parameter_set<faest::secpar::s128, 11, faest::owf::v2, faest::prg::aes_ctr, faest::prg::aes_ctr, faest::leaf_hash::aes_ctr_stat_bind, 7, std::pair<bavc, std::size_t>{1, 102}>>, (anonymous namespace)::ns_CATCH2_INTERNAL_TEMPLATE_TEST_23::TypeList<faest::parameter_set<faest::secpar::s128, 16, faest::owf::v2, faest::prg::aes_ctr, faest::prg::aes_ctr, faest::leaf_hash::aes_ctr_stat_bind, 8, std::pair<bavc, std::size_t>{1, 110}>>, (anonymous namespace)::ns_CATCH2_INTERNAL_TEMPLATE_TEST_23::TypeList<faest::parameter_set<faest::secpar::s192, 16, faest::owf::v2, faest::prg::aes_ctr, faest::prg::aes_ctr, faest::leaf_hash::aes_ctr_stat_bind, 12, std::pair<bavc, std::size_t>{1, 162}>>, (anonymous namespace)::ns_CATCH2_INTERNAL_TEMPLATE_TEST_23::TypeList<faest::parameter_set<faest::secpar::s192, 24, faest::owf::v2, faest::prg::aes_ctr, faest::prg::aes_ctr, faest::leaf_hash::aes_ctr_stat_bind, 8, std::pair<bavc, std::size_t>{1, 163}>>, (anonymous namespace)::ns_CATCH2_INTERNAL_TEMPLATE_TEST_23::TypeList<faest::parameter_set<faest::secpar::s256, 22, faest::owf::v2, faest::prg::aes_ctr, faest::prg::aes_ctr, faest::leaf_hash::aes_ctr_stat_bind, 6, std::pair<bavc, std::size_t>{1, 245}>>, (anonymous namespace)::ns_CATCH2_INTERNAL_TEMPLATE_TEST_23::TypeList<faest::parameter_set<faest::secpar::s256, 32, faest::owf::v2, faest::prg::aes_ctr, faest::prg::aes_ctr, faest::leaf_hash::aes_ctr_stat_bind, 8, std::pair<bavc, std::size_t>{1, 246}>>, (anonymous namespace)::ns_CATCH2_INTERNAL_TEMPLATE_TEST_23::TypeList<faest::parameter_set<faest::secpar::s128, 11, faest::owf::v2_em, faest::prg::aes_ctr, faest::prg::aes_ctr, faest::leaf_hash::aes_ctr, 7, std::pair<bavc, std::size_t>{1, 103}>>, (anonymous namespace)::ns_CATCH2_INTERNAL_TEMPLATE_TEST_23::TypeList<faest::parameter_set<faest::secpar::s128, 16, faest::owf::v2_em, faest::prg::aes_ctr, faest::prg::aes_ctr, faest::leaf_hash::aes_ctr, 8, std::pair<bavc, std::size_t>{1, 112}>>, (anonymous namespace)::ns_CATCH2_INTERNAL_TEMPLATE_TEST_23::TypeList<faest::parameter_set<faest::secpar::s192, 16, faest::owf::v2_em, faest::prg::aes_ctr, faest::prg::aes_ctr, faest::leaf_hash::aes_ctr, 8, std::pair<bavc, std::size_t>{1, 162}>>, (anonymous namespace)::ns_CATCH2_INTERNAL_TEMPLATE_TEST_23::TypeList<faest::parameter_set<faest::secpar::s192, 24, faest::owf::v2_em, faest::prg::aes_ctr, faest::prg::aes_ctr, faest::leaf_hash::aes_ctr, 8, std::pair<bavc, std::size_t>{1, 176}>>, (anonymous namespace)::ns_CATCH2_INTERNAL_TEMPLATE_TEST_23::TypeList<faest::parameter_set<faest::secpar::s256, 22, faest::owf::v2_em, faest::prg::aes_ctr, faest::prg::aes_ctr, faest::leaf_hash::aes_ctr, 6, std::pair<bavc, std::size_t>{1, 218}>>, (anonymous namespace)::ns_CATCH2_INTERNAL_TEMPLATE_TEST_23::TypeList<faest::parameter_set<faest::secpar::s256, 32, faest::owf::v2_em, faest::prg::aes_ctr, faest::prg::aes_ctr, faest::leaf_hash::aes_ctr, 8, std::pair<bavc, std::size_t>{1, 234}>>>::CATCH2_INTERNAL_TEMPLATE_TEST_23' requested here
../subprojects/Catch2-3.13.0/src/catch2/catch_template_test_macros.hpp:76:39: note: expanded from macro 'TEMPLATE_TEST_CASE'
   76 |     #define TEMPLATE_TEST_CASE( ... ) INTERNAL_CATCH_TEMPLATE_TEST_CASE( __VA_ARGS__ )
      |                                       ^
../subprojects/Catch2-3.13.0/src/catch2/internal/catch_template_test_registry.hpp:104:46: note: expanded from macro 'INTERNAL_CATCH_TEMPLATE_TEST_CASE'
  104 |         INTERNAL_CATCH_TEMPLATE_TEST_CASE_2( INTERNAL_CATCH_UNIQUE_NAME( CATCH2_INTERNAL_TEMPLATE_TEST_ ), INTERNAL_CATCH_UNIQUE_NAME( CATCH2_INTERNAL_TEMPLATE_TEST_ ), Name, Tags, typename TestType, __VA_ARGS__ )
      |                                              ^
../subprojects/Catch2-3.13.0/src/catch2/internal/catch_unique_name.hpp:15:46: note: expanded from macro 'INTERNAL_CATCH_UNIQUE_NAME'
   15 | #  define INTERNAL_CATCH_UNIQUE_NAME( name ) INTERNAL_CATCH_UNIQUE_NAME_LINE( name, __COUNTER__ )
      |                                              ^
note: (skipping 1 expansions in backtrace; use -fmacro-backtrace-limit=0 to see all)
../subprojects/Catch2-3.13.0/src/catch2/internal/catch_unique_name.hpp:12:56: note: expanded from macro 'INTERNAL_CATCH_UNIQUE_NAME_LINE2'
   12 | #define INTERNAL_CATCH_UNIQUE_NAME_LINE2( name, line ) name##line
      |                                                        ^
<scratch space>:181:1: note: expanded from here
  181 | CATCH2_INTERNAL_TEMPLATE_TEST_23
      | ^
../subprojects/Catch2-3.13.0/src/catch2/internal/catch_template_test_registry.hpp:94:13: note: expanded from macro 'INTERNAL_CATCH_TEMPLATE_TEST_CASE_2'
   94 |             TestName<INTERNAL_CATCH_MAKE_TYPE_LISTS_FROM_TYPES(__VA_ARGS__)>();\
      |             ^
../test/test_bavc_tvs.hpp:11:59: note: forward declaration of template entity is here
   11 |     const static std::array<uint8_t, 2 * P::secpar_bytes> h;
      |                                                           ^
../test/test_vector_com.cpp:827:34: note: add an explicit instantiation declaration to suppress this warning if 'bavc_tvs<faest::parameter_set<faest::secpar::s256, 32, faest::owf::v2_em, faest::prg::aes_ctr, faest::prg::aes_ctr, faest::leaf_hash::aes_ctr, 8, std::pair<bavc, std::size_t>{1, 234}>>::h' is explicitly instantiated in another translation unit
  827 |     REQUIRE(commitment_h == TVS::h);
      |                                  ^
../test/test_vector_com.cpp:831:31: warning: instantiation of variable 'bavc_tvs<faest::parameter_set<faest::secpar::s256, 32, faest::owf::v2_em, faest::prg::aes_ctr, faest::prg::aes_ctr, faest::leaf_hash::aes_ctr, 8, std::pair<bavc, std::size_t>{1, 234}>>::hashed_sd' required here, but no definition is available [-Wundefined-var-template]
  831 |     REQUIRE(hashed_sd == TVS::hashed_sd);
      |                               ^
../test/test_bavc_tvs.hpp:13:42: note: forward declaration of template entity is here
   13 |     const static std::array<uint8_t, 64> hashed_sd;
      |                                          ^
../test/test_vector_com.cpp:831:31: note: add an explicit instantiation declaration to suppress this warning if 'bavc_tvs<faest::parameter_set<faest::secpar::s256, 32, faest::owf::v2_em, faest::prg::aes_ctr, faest::prg::aes_ctr, faest::leaf_hash::aes_ctr, 8, std::pair<bavc, std::size_t>{1, 234}>>::hashed_sd' is explicitly instantiated in another translation unit
  831 |     REQUIRE(hashed_sd == TVS::hashed_sd);
      |                               ^
../test/test_vector_com.cpp:834:30: warning: instantiation of variable 'bavc_tvs<faest::parameter_set<faest::secpar::s256, 32, faest::owf::v2_em, faest::prg::aes_ctr, faest::prg::aes_ctr, faest::leaf_hash::aes_ctr, 8, std::pair<bavc, std::size_t>{1, 234}>>::hashed_k' required here, but no definition is available [-Wundefined-var-template]
  834 |     REQUIRE(hashed_k == TVS::hashed_k);
      |                              ^
../test/test_bavc_tvs.hpp:12:42: note: forward declaration of template entity is here
   12 |     const static std::array<uint8_t, 64> hashed_k;
      |                                          ^
../test/test_vector_com.cpp:834:30: note: add an explicit instantiation declaration to suppress this warning if 'bavc_tvs<faest::parameter_set<faest::secpar::s256, 32, faest::owf::v2_em, faest::prg::aes_ctr, faest::prg::aes_ctr, faest::leaf_hash::aes_ctr, 8, std::pair<bavc, std::size_t>{1, 234}>>::hashed_k' is explicitly instantiated in another translation unit
  834 |     REQUIRE(hashed_k == TVS::hashed_k);
      |                              ^
../test/test_vector_com.cpp:840:45: warning: instantiation of variable 'bavc_tvs<faest::parameter_set<faest::secpar::s256, 32, faest::owf::v2_em, faest::prg::aes_ctr, faest::prg::aes_ctr, faest::leaf_hash::aes_ctr, 8, std::pair<bavc, std::size_t>{1, 234}>>::i_delta' required here, but no definition is available [-Wundefined-var-template]
  840 |             delta_bytes[offset + j] = (TVS::i_delta[i] & (1 << j)) ? 0xff : 0x00;
      |                                             ^
../test/test_bavc_tvs.hpp:14:49: note: forward declaration of template entity is here
   14 |     const static std::array<uint16_t, P::tau_v> i_delta;
      |                                                 ^
../test/test_vector_com.cpp:840:45: note: add an explicit instantiation declaration to suppress this warning if 'bavc_tvs<faest::parameter_set<faest::secpar::s256, 32, faest::owf::v2_em, faest::prg::aes_ctr, faest::prg::aes_ctr, faest::leaf_hash::aes_ctr, 8, std::pair<bavc, std::size_t>{1, 234}>>::i_delta' is explicitly instantiated in another translation unit
  840 |             delta_bytes[offset + j] = (TVS::i_delta[i] & (1 << j)) ? 0xff : 0x00;
      |                                             ^
../test/test_vector_com.cpp:849:36: warning: instantiation of variable 'bavc_tvs<faest::parameter_set<faest::secpar::s256, 32, faest::owf::v2_em, faest::prg::aes_ctr, faest::prg::aes_ctr, faest::leaf_hash::aes_ctr, 8, std::pair<bavc, std::size_t>{1, 234}>>::hashed_decom_i' required here, but no definition is available [-Wundefined-var-template]
  849 |     REQUIRE(hashed_decom_i == TVS::hashed_decom_i);
      |                                    ^
../test/test_bavc_tvs.hpp:15:42: note: forward declaration of template entity is here
   15 |     const static std::array<uint8_t, 64> hashed_decom_i;
      |                                          ^
../test/test_vector_com.cpp:849:36: note: add an explicit instantiation declaration to suppress this warning if 'bavc_tvs<faest::parameter_set<faest::secpar::s256, 32, faest::owf::v2_em, faest::prg::aes_ctr, faest::prg::aes_ctr, faest::leaf_hash::aes_ctr, 8, std::pair<bavc, std::size_t>{1, 234}>>::hashed_decom_i' is explicitly instantiated in another translation unit
  849 |     REQUIRE(hashed_decom_i == TVS::hashed_decom_i);
      |                                    ^
../test/test_vector_com.cpp:881:35: warning: instantiation of variable 'bavc_tvs<faest::parameter_set<faest::secpar::s256, 32, faest::owf::v2_em, faest::prg::aes_ctr, faest::prg::aes_ctr, faest::leaf_hash::aes_ctr, 8, std::pair<bavc, std::size_t>{1, 234}>>::hashed_rec_sd' required here, but no definition is available [-Wundefined-var-template]
  881 |     REQUIRE(hashed_rec_sd == TVS::hashed_rec_sd);
      |                                   ^
../test/test_bavc_tvs.hpp:16:42: note: forward declaration of template entity is here
   16 |     const static std::array<uint8_t, 64> hashed_rec_sd;
      |                                          ^
../test/test_vector_com.cpp:881:35: note: add an explicit instantiation declaration to suppress this warning if 'bavc_tvs<faest::parameter_set<faest::secpar::s256, 32, faest::owf::v2_em, faest::prg::aes_ctr, faest::prg::aes_ctr, faest::leaf_hash::aes_ctr, 8, std::pair<bavc, std::size_t>{1, 234}>>::hashed_rec_sd' is explicitly instantiated in another translation unit
  881 |     REQUIRE(hashed_rec_sd == TVS::hashed_rec_sd);
      |                                   ^
99 warnings generated.
ninja: build stopped: subcommand failed.
INFO: autodetecting backend as ninja
INFO: calculating backend command to run: /usr/local/bin/ninja -C /Users/osman/Downloads/faest-arch-opt-release-cpp/build -v
